timestamp,reconstruction_error,is_anomaly,threshold,inferred_type
2024-10-27 05:55:00,2.8596861,True,1.8495,Token/Cost Anomaly
2024-10-27 06:00:00,2.8479323,True,1.8495,Token/Cost Anomaly
2024-10-27 06:05:00,2.8362083,True,1.8495,Token/Cost Anomaly
2024-10-27 06:10:00,2.8343527,True,1.8495,Token/Cost Anomaly
2024-10-27 06:15:00,2.806411,True,1.8495,Token/Cost Anomaly
2024-10-27 06:20:00,2.8025327,True,1.8495,Token/Cost Anomaly
2024-10-27 06:25:00,2.8046677,True,1.8495,Token/Cost Anomaly
2024-10-27 06:30:00,2.7672136,True,1.8495,Token/Cost Anomaly
2024-10-27 06:35:00,2.759675,True,1.8495,Token/Cost Anomaly
2024-10-27 06:40:00,2.7346961,True,1.8495,Token/Cost Anomaly
2024-10-27 06:45:00,2.71869,True,1.8495,Token/Cost Anomaly
2024-10-27 06:50:00,2.7087617,True,1.8495,Token/Cost Anomaly
2024-10-27 06:55:00,2.6940513,True,1.8495,Token/Cost Anomaly
2024-10-27 07:00:00,2.6807535,True,1.8495,Token/Cost Anomaly
2024-10-27 07:05:00,2.637446,True,1.8495,Token/Cost Anomaly
2024-10-27 07:10:00,2.5965142,True,1.8495,Token/Cost Anomaly
2024-10-27 07:15:00,2.5768137,True,1.8495,Token/Cost Anomaly
2024-10-27 07:20:00,2.5669765,True,1.8495,Latency Anomaly
2024-10-27 07:25:00,2.5449214,True,1.8495,Latency Anomaly
2024-10-27 07:30:00,2.5092232,True,1.8495,Latency Anomaly
2024-10-27 07:35:00,2.5017662,True,1.8495,Latency Anomaly
2024-10-27 07:40:00,2.494956,True,1.8495,Latency Anomaly
2024-10-27 07:45:00,2.4823341,True,1.8495,Latency Anomaly
2024-10-27 07:50:00,2.461758,True,1.8495,Latency Anomaly
2024-10-27 07:55:00,2.4416552,True,1.8495,Latency Anomaly
2024-10-27 08:00:00,2.374378,True,1.8495,Latency Anomaly
2024-10-27 08:05:00,2.3333902,True,1.8495,Latency Anomaly
2024-10-27 08:10:00,2.31257,True,1.8495,Latency Anomaly
2024-10-27 08:15:00,2.2484074,True,1.8495,Latency Anomaly
2024-10-27 08:20:00,2.2314246,True,1.8495,Latency Anomaly
2024-10-27 08:25:00,2.078581,True,1.8495,Latency Anomaly
2024-10-27 08:30:00,2.0507414,True,1.8495,Latency Anomaly
2024-10-27 08:35:00,2.0310717,True,1.8495,Latency Anomaly
2024-10-27 08:40:00,1.9921486,True,1.8495,Latency Anomaly
2024-10-27 08:45:00,1.9565918,True,1.8495,Latency Anomaly
2024-10-27 08:50:00,1.9244509,True,1.8495,Latency Anomaly
2024-10-27 08:55:00,1.9095737,True,1.8495,Latency Anomaly
2024-10-27 09:00:00,1.8650534,True,1.8495,Latency Anomaly
2024-10-28 02:25:00,1.8697878,True,1.8495,Latency Anomaly
2024-10-28 02:30:00,1.9518772,True,1.8495,Latency Anomaly
2024-10-28 02:35:00,1.957524,True,1.8495,Latency Anomaly
2024-10-28 02:40:00,1.9656488,True,1.8495,Latency Anomaly
2024-10-28 02:45:00,1.9766033,True,1.8495,Latency Anomaly
2024-10-28 02:50:00,1.9889712,True,1.8495,Latency Anomaly
2024-10-28 02:55:00,2.03467,True,1.8495,Latency Anomaly
2024-10-28 03:00:00,2.0862672,True,1.8495,Latency Anomaly
2024-10-28 03:05:00,2.1192372,True,1.8495,Latency Anomaly
2024-10-28 03:10:00,2.1279578,True,1.8495,Latency Anomaly
2024-10-28 03:15:00,2.152195,True,1.8495,Latency Anomaly
2024-10-28 03:20:00,2.174671,True,1.8495,Latency Anomaly
2024-10-28 03:25:00,2.1760147,True,1.8495,Latency Anomaly
2024-10-28 03:30:00,2.1892095,True,1.8495,Latency Anomaly
2024-10-28 03:35:00,2.2039664,True,1.8495,Latency Anomaly
2024-10-28 03:40:00,2.1962433,True,1.8495,Latency Anomaly
2024-10-28 03:45:00,2.2042148,True,1.8495,Latency Anomaly
2024-10-28 03:50:00,2.220625,True,1.8495,Latency Anomaly
2024-10-28 03:55:00,2.2117217,True,1.8495,Latency Anomaly
2024-10-28 04:00:00,2.2020175,True,1.8495,Latency Anomaly
2024-10-28 04:05:00,2.1996183,True,1.8495,Latency Anomaly
2024-10-28 04:10:00,2.2129996,True,1.8495,Latency Anomaly
2024-10-28 04:15:00,2.2243352,True,1.8495,Latency Anomaly
2024-10-28 04:20:00,2.2513404,True,1.8495,Latency Anomaly
2024-10-28 04:25:00,2.2697136,True,1.8495,Latency Anomaly
2024-10-28 04:30:00,2.293287,True,1.8495,Latency Anomaly
2024-10-28 04:35:00,2.3106298,True,1.8495,Latency Anomaly
2024-10-28 04:40:00,2.309082,True,1.8495,Latency Anomaly
2024-10-28 04:45:00,2.3089492,True,1.8495,Latency Anomaly
2024-10-28 04:50:00,2.3089938,True,1.8495,Latency Anomaly
2024-10-28 04:55:00,2.307873,True,1.8495,Latency Anomaly
2024-10-28 05:00:00,2.2962976,True,1.8495,Latency Anomaly
2024-10-28 05:05:00,2.2903101,True,1.8495,Latency Anomaly
2024-10-28 05:10:00,2.2906926,True,1.8495,Latency Anomaly
2024-10-28 05:15:00,2.286124,True,1.8495,Latency Anomaly
2024-10-28 05:20:00,2.2933605,True,1.8495,Latency Anomaly
2024-10-28 05:25:00,2.275357,True,1.8495,Latency Anomaly
2024-10-28 05:30:00,2.2790387,True,1.8495,Latency Anomaly
2024-10-28 05:35:00,2.2762146,True,1.8495,Latency Anomaly
2024-10-28 05:40:00,2.279299,True,1.8495,Latency Anomaly
2024-10-28 05:45:00,2.2796512,True,1.8495,Latency Anomaly
2024-10-28 05:50:00,2.2856305,True,1.8495,Latency Anomaly
2024-10-28 05:55:00,2.2955945,True,1.8495,Latency Anomaly
2024-10-28 06:00:00,2.2850776,True,1.8495,Latency Anomaly
2024-10-28 06:05:00,2.2869186,True,1.8495,Latency Anomaly
2024-10-28 06:10:00,2.2506065,True,1.8495,Latency Anomaly
2024-10-28 06:15:00,2.2428145,True,1.8495,Latency Anomaly
2024-10-28 06:20:00,2.2251852,True,1.8495,Latency Anomaly
2024-10-28 06:25:00,2.2146149,True,1.8495,Latency Anomaly
2024-10-28 06:30:00,2.20252,True,1.8495,Latency Anomaly
2024-10-28 06:35:00,2.1978197,True,1.8495,Latency Anomaly
2024-10-28 06:40:00,2.190154,True,1.8495,Latency Anomaly
2024-10-28 06:45:00,2.1748307,True,1.8495,Latency Anomaly
2024-10-28 06:50:00,2.168419,True,1.8495,Latency Anomaly
2024-10-28 06:55:00,2.1551275,True,1.8495,Latency Anomaly
2024-10-28 07:00:00,2.1407394,True,1.8495,Latency Anomaly
2024-10-28 07:05:00,2.0847065,True,1.8495,Latency Anomaly
2024-10-28 07:10:00,2.0654013,True,1.8495,Latency Anomaly
2024-10-28 07:15:00,2.0478683,True,1.8495,Latency Anomaly
2024-10-28 07:20:00,2.0215793,True,1.8495,Latency Anomaly
2024-10-28 07:25:00,1.9805756,True,1.8495,Latency Anomaly
2024-10-28 07:30:00,1.9635315,True,1.8495,Latency Anomaly
2024-10-28 07:35:00,1.9473573,True,1.8495,Latency Anomaly
2024-10-28 07:40:00,1.9250805,True,1.8495,Latency Anomaly
2024-10-28 07:45:00,1.902045,True,1.8495,Latency Anomaly
2024-10-28 07:50:00,1.8767166,True,1.8495,Latency Anomaly
2024-10-28 07:55:00,1.8509805,True,1.8495,Latency Anomaly
2024-10-28 16:15:00,1.8509634,True,1.8495,Latency Anomaly
2024-10-28 16:20:00,1.8536295,True,1.8495,Latency Anomaly
2024-10-28 16:25:00,1.8585516,True,1.8495,Latency Anomaly
2024-10-28 16:30:00,1.8746883,True,1.8495,Latency Anomaly
2024-10-28 16:35:00,1.8780732,True,1.8495,Latency Anomaly
2024-10-28 16:40:00,1.8846967,True,1.8495,Latency Anomaly
2024-10-28 16:45:00,1.8919548,True,1.8495,Latency Anomaly
2024-10-28 16:50:00,1.9002652,True,1.8495,Latency Anomaly
2024-10-28 16:55:00,1.9031097,True,1.8495,Latency Anomaly
2024-10-28 17:00:00,1.9024127,True,1.8495,Latency Anomaly
2024-10-28 17:05:00,1.8999643,True,1.8495,Latency Anomaly
2024-10-28 17:10:00,1.9050738,True,1.8495,Latency Anomaly
2024-10-28 17:15:00,1.9015538,True,1.8495,Latency Anomaly
2024-10-28 17:20:00,1.9043102,True,1.8495,Latency Anomaly
2024-10-28 17:25:00,1.9084827,True,1.8495,Latency Anomaly
2024-10-28 17:30:00,1.9072019,True,1.8495,Latency Anomaly
2024-10-28 17:35:00,1.9077935,True,1.8495,Latency Anomaly
2024-10-28 17:40:00,1.9087459,True,1.8495,Latency Anomaly
2024-10-28 17:45:00,1.9071683,True,1.8495,Latency Anomaly
2024-10-28 17:50:00,1.9068965,True,1.8495,Latency Anomaly
2024-10-28 17:55:00,1.9025645,True,1.8495,Latency Anomaly
2024-10-28 18:00:00,1.8998002,True,1.8495,Latency Anomaly
2024-10-28 18:05:00,1.8978733,True,1.8495,Latency Anomaly
2024-10-28 18:10:00,1.8930515,True,1.8495,Latency Anomaly
2024-10-28 18:15:00,1.8863993,True,1.8495,Latency Anomaly
2024-10-28 18:20:00,1.880387,True,1.8495,Latency Anomaly
2024-10-28 18:25:00,1.8740535,True,1.8495,Latency Anomaly
2024-10-28 18:30:00,1.8737283,True,1.8495,Latency Anomaly
2024-10-28 18:35:00,1.8630087,True,1.8495,Latency Anomaly
2024-10-28 18:40:00,1.8567647,True,1.8495,Latency Anomaly
2024-10-28 18:45:00,1.8542266,True,1.8495,Latency Anomaly
2024-10-29 03:45:00,1.8531522,True,1.8495,Latency Anomaly
2024-10-29 03:50:00,1.8835009,True,1.8495,Latency Anomaly
2024-10-29 03:55:00,1.8914485,True,1.8495,Latency Anomaly
2024-10-29 04:00:00,1.9098574,True,1.8495,Latency Anomaly
2024-10-29 04:05:00,1.9112056,True,1.8495,Latency Anomaly
2024-10-29 04:10:00,1.905029,True,1.8495,Latency Anomaly
2024-10-29 04:15:00,1.9098204,True,1.8495,Latency Anomaly
2024-10-29 04:20:00,1.9171934,True,1.8495,Latency Anomaly
2024-10-29 04:25:00,1.9171157,True,1.8495,Latency Anomaly
2024-10-29 04:30:00,1.9307388,True,1.8495,Latency Anomaly
2024-10-29 04:35:00,1.9365199,True,1.8495,Latency Anomaly
2024-10-29 04:40:00,1.9410336,True,1.8495,Latency Anomaly
2024-10-29 04:45:00,1.9513613,True,1.8495,Latency Anomaly
2024-10-29 04:50:00,1.9537297,True,1.8495,Latency Anomaly
2024-10-29 04:55:00,1.9537102,True,1.8495,Latency Anomaly
2024-10-29 05:00:00,1.952189,True,1.8495,Latency Anomaly
2024-10-29 05:05:00,1.9554361,True,1.8495,Latency Anomaly
2024-10-29 05:10:00,1.9470568,True,1.8495,Latency Anomaly
2024-10-29 05:15:00,1.9501392,True,1.8495,Latency Anomaly
2024-10-29 05:20:00,1.9488617,True,1.8495,Latency Anomaly
2024-10-29 05:25:00,1.9290867,True,1.8495,Latency Anomaly
2024-10-29 05:30:00,1.923264,True,1.8495,Latency Anomaly
2024-10-29 05:35:00,1.9179288,True,1.8495,Latency Anomaly
2024-10-29 05:40:00,1.9229845,True,1.8495,Latency Anomaly
2024-10-29 05:45:00,1.9110034,True,1.8495,Latency Anomaly
2024-10-29 05:50:00,1.9187732,True,1.8495,Latency Anomaly
2024-10-29 05:55:00,1.9175503,True,1.8495,Latency Anomaly
2024-10-29 06:00:00,1.9199246,True,1.8495,Latency Anomaly
2024-10-29 06:05:00,1.9088458,True,1.8495,Latency Anomaly
2024-10-29 06:10:00,1.8934613,True,1.8495,Latency Anomaly
2024-10-29 06:15:00,1.8763872,True,1.8495,Latency Anomaly
2024-10-29 06:20:00,1.8685842,True,1.8495,Latency Anomaly
2024-10-29 06:25:00,1.8552809,True,1.8495,Latency Anomaly
2024-10-29 15:55:00,1.8533885,True,1.8495,Latency Anomaly
2024-10-29 16:00:00,1.8539933,True,1.8495,Latency Anomaly
2024-10-29 16:05:00,1.854046,True,1.8495,Latency Anomaly
2024-10-29 16:10:00,1.8607877,True,1.8495,Latency Anomaly
2024-10-29 16:15:00,1.8566791,True,1.8495,Latency Anomaly
2024-10-29 16:20:00,1.8662978,True,1.8495,Latency Anomaly
2024-10-29 16:25:00,1.8765928,True,1.8495,Latency Anomaly
2024-10-29 16:30:00,1.8835171,True,1.8495,Latency Anomaly
2024-10-29 16:35:00,1.8896959,True,1.8495,Latency Anomaly
2024-10-29 16:40:00,1.8922224,True,1.8495,Latency Anomaly
2024-10-29 16:45:00,1.89976,True,1.8495,Latency Anomaly
2024-10-29 16:50:00,1.9287822,True,1.8495,Latency Anomaly
2024-10-29 16:55:00,1.9341985,True,1.8495,Latency Anomaly
2024-10-29 17:00:00,1.9193867,True,1.8495,Latency Anomaly
2024-10-29 17:05:00,1.9215733,True,1.8495,Latency Anomaly
2024-10-29 17:10:00,1.9253635,True,1.8495,Latency Anomaly
2024-10-29 17:15:00,1.929178,True,1.8495,Latency Anomaly
2024-10-29 17:20:00,1.932932,True,1.8495,Latency Anomaly
2024-10-29 17:25:00,1.9453459,True,1.8495,Latency Anomaly
2024-10-29 17:30:00,1.942728,True,1.8495,Latency Anomaly
2024-10-29 17:35:00,1.9433393,True,1.8495,Latency Anomaly
2024-10-29 17:40:00,1.9420396,True,1.8495,Latency Anomaly
2024-10-29 17:45:00,1.9452488,True,1.8495,Latency Anomaly
2024-10-29 17:50:00,1.9373968,True,1.8495,Latency Anomaly
2024-10-29 17:55:00,1.9350919,True,1.8495,Latency Anomaly
2024-10-29 18:00:00,1.9205903,True,1.8495,Latency Anomaly
2024-10-29 18:05:00,1.9164582,True,1.8495,Latency Anomaly
2024-10-29 18:10:00,1.9180377,True,1.8495,Latency Anomaly
2024-10-29 18:15:00,1.9092145,True,1.8495,Latency Anomaly
2024-10-29 18:20:00,1.8984052,True,1.8495,Latency Anomaly
2024-10-29 18:25:00,1.8803518,True,1.8495,Latency Anomaly
2024-10-29 18:30:00,1.8736281,True,1.8495,Latency Anomaly
2024-10-29 18:35:00,1.8704528,True,1.8495,Latency Anomaly
2024-10-29 18:40:00,1.8639812,True,1.8495,Latency Anomaly
2024-10-30 03:10:00,1.8563566,True,1.8495,Latency Anomaly
2024-10-30 03:15:00,1.8685616,True,1.8495,Latency Anomaly
2024-10-30 03:20:00,1.9140052,True,1.8495,Latency Anomaly
2024-10-30 03:25:00,1.9233495,True,1.8495,Latency Anomaly
2024-10-30 03:30:00,1.9442599,True,1.8495,Latency Anomaly
2024-10-30 03:35:00,1.9636738,True,1.8495,Latency Anomaly
2024-10-30 03:40:00,1.9798149,True,1.8495,Latency Anomaly
2024-10-30 03:45:00,1.9877464,True,1.8495,Latency Anomaly
2024-10-30 03:50:00,2.0076182,True,1.8495,Latency Anomaly
2024-10-30 03:55:00,2.0165615,True,1.8495,Latency Anomaly
2024-10-30 04:00:00,2.026176,True,1.8495,Latency Anomaly
2024-10-30 04:05:00,2.0388439,True,1.8495,Latency Anomaly
2024-10-30 04:10:00,2.0493531,True,1.8495,Latency Anomaly
2024-10-30 04:15:00,2.0684555,True,1.8495,Latency Anomaly
2024-10-30 04:20:00,2.0837786,True,1.8495,Latency Anomaly
2024-10-30 04:25:00,2.0868943,True,1.8495,Latency Anomaly
2024-10-30 04:30:00,2.1019988,True,1.8495,Latency Anomaly
2024-10-30 04:35:00,2.0896697,True,1.8495,Latency Anomaly
2024-10-30 04:40:00,2.0898247,True,1.8495,Latency Anomaly
2024-10-30 04:45:00,2.1082006,True,1.8495,Latency Anomaly
2024-10-30 04:50:00,2.1212294,True,1.8495,Latency Anomaly
2024-10-30 04:55:00,2.1372566,True,1.8495,Latency Anomaly
2024-10-30 05:00:00,2.1302705,True,1.8495,Latency Anomaly
2024-10-30 05:05:00,2.126314,True,1.8495,Latency Anomaly
2024-10-30 05:10:00,2.1238432,True,1.8495,Latency Anomaly
2024-10-30 05:15:00,2.126087,True,1.8495,Latency Anomaly
2024-10-30 05:20:00,2.1269548,True,1.8495,Latency Anomaly
2024-10-30 05:25:00,2.1274312,True,1.8495,Latency Anomaly
2024-10-30 05:30:00,2.1375167,True,1.8495,Latency Anomaly
2024-10-30 05:35:00,2.1355321,True,1.8495,Latency Anomaly
2024-10-30 05:40:00,2.130989,True,1.8495,Latency Anomaly
2024-10-30 05:45:00,2.1452405,True,1.8495,Latency Anomaly
2024-10-30 05:50:00,2.1505823,True,1.8495,Latency Anomaly
2024-10-30 05:55:00,2.1529064,True,1.8495,Latency Anomaly
2024-10-30 06:00:00,2.14263,True,1.8495,Latency Anomaly
2024-10-30 06:05:00,2.132963,True,1.8495,Latency Anomaly
2024-10-30 06:10:00,2.109752,True,1.8495,Latency Anomaly
2024-10-30 06:15:00,2.10812,True,1.8495,Latency Anomaly
2024-10-30 06:20:00,2.102532,True,1.8495,Latency Anomaly
2024-10-30 06:25:00,2.0951781,True,1.8495,Latency Anomaly
2024-10-30 06:30:00,2.0877671,True,1.8495,Latency Anomaly
2024-10-30 06:35:00,2.092234,True,1.8495,Latency Anomaly
2024-10-30 06:40:00,2.0954225,True,1.8495,Latency Anomaly
2024-10-30 06:45:00,2.0988202,True,1.8495,Latency Anomaly
2024-10-30 06:50:00,2.093644,True,1.8495,Latency Anomaly
2024-10-30 06:55:00,2.078218,True,1.8495,Latency Anomaly
2024-10-30 07:00:00,2.0321302,True,1.8495,Latency Anomaly
2024-10-30 07:05:00,2.016317,True,1.8495,Latency Anomaly
2024-10-30 07:10:00,1.9859862,True,1.8495,Latency Anomaly
2024-10-30 07:15:00,1.959455,True,1.8495,Latency Anomaly
2024-10-30 07:20:00,1.9482315,True,1.8495,Latency Anomaly
2024-10-30 07:25:00,1.9361506,True,1.8495,Latency Anomaly
2024-10-30 07:30:00,1.9133416,True,1.8495,Latency Anomaly
2024-10-30 07:35:00,1.9118575,True,1.8495,Latency Anomaly
2024-10-30 15:50:00,1.8595449,True,1.8495,Latency Anomaly
2024-10-30 15:55:00,1.8767909,True,1.8495,Latency Anomaly
2024-10-30 16:00:00,1.8786124,True,1.8495,Latency Anomaly
2024-10-30 16:05:00,1.8867546,True,1.8495,Latency Anomaly
2024-10-30 16:10:00,1.8916327,True,1.8495,Latency Anomaly
2024-10-30 16:15:00,1.9005561,True,1.8495,Latency Anomaly
2024-10-30 16:20:00,1.9097463,True,1.8495,Latency Anomaly
2024-10-30 16:25:00,1.9233545,True,1.8495,Latency Anomaly
2024-10-30 16:30:00,1.923759,True,1.8495,Latency Anomaly
2024-10-30 16:35:00,1.9355679,True,1.8495,Latency Anomaly
2024-10-30 16:40:00,1.927731,True,1.8495,Latency Anomaly
2024-10-30 16:45:00,1.9381676,True,1.8495,Latency Anomaly
2024-10-30 16:50:00,1.9458935,True,1.8495,Latency Anomaly
2024-10-30 16:55:00,1.9521496,True,1.8495,Latency Anomaly
2024-10-30 17:00:00,1.952742,True,1.8495,Latency Anomaly
2024-10-30 17:05:00,1.956367,True,1.8495,Latency Anomaly
2024-10-30 17:10:00,1.954145,True,1.8495,Latency Anomaly
2024-10-30 17:15:00,1.9524959,True,1.8495,Latency Anomaly
2024-10-30 17:20:00,1.9518595,True,1.8495,Latency Anomaly
2024-10-30 17:25:00,1.9599949,True,1.8495,Latency Anomaly
2024-10-30 17:30:00,1.9523841,True,1.8495,Latency Anomaly
2024-10-30 17:35:00,1.9529226,True,1.8495,Latency Anomaly
2024-10-30 17:40:00,1.9515941,True,1.8495,Latency Anomaly
2024-10-30 17:45:00,1.9528391,True,1.8495,Latency Anomaly
2024-10-30 17:50:00,1.9489359,True,1.8495,Latency Anomaly
2024-10-30 17:55:00,1.945327,True,1.8495,Latency Anomaly
2024-10-30 18:00:00,1.9433749,True,1.8495,Latency Anomaly
2024-10-30 18:05:00,1.930263,True,1.8495,Latency Anomaly
2024-10-30 18:10:00,1.9195861,True,1.8495,Latency Anomaly
2024-10-30 18:15:00,1.919259,True,1.8495,Latency Anomaly
2024-10-30 18:20:00,1.911448,True,1.8495,Latency Anomaly
2024-10-30 18:25:00,1.9048012,True,1.8495,Latency Anomaly
2024-10-30 18:30:00,1.894977,True,1.8495,Latency Anomaly
2024-10-30 18:35:00,1.8874005,True,1.8495,Latency Anomaly
2024-10-30 18:40:00,1.8835007,True,1.8495,Latency Anomaly
2024-10-30 18:45:00,1.873906,True,1.8495,Latency Anomaly
2024-10-30 18:50:00,1.8659604,True,1.8495,Latency Anomaly
2024-10-30 18:55:00,1.8546621,True,1.8495,Latency Anomaly
2024-10-31 03:35:00,1.8529695,True,1.8495,Latency Anomaly
2024-10-31 03:40:00,1.8641773,True,1.8495,Latency Anomaly
2024-10-31 03:45:00,1.918518,True,1.8495,Latency Anomaly
2024-10-31 03:50:00,1.9363679,True,1.8495,Latency Anomaly
2024-10-31 03:55:00,1.955219,True,1.8495,Latency Anomaly
2024-10-31 04:00:00,1.9539937,True,1.8495,Latency Anomaly
2024-10-31 04:05:00,1.9597455,True,1.8495,Latency Anomaly
2024-10-31 04:10:00,1.959334,True,1.8495,Latency Anomaly
2024-10-31 04:15:00,1.9548508,True,1.8495,Latency Anomaly
2024-10-31 04:20:00,1.960029,True,1.8495,Latency Anomaly
2024-10-31 04:25:00,1.9638706,True,1.8495,Latency Anomaly
2024-10-31 04:30:00,1.9838561,True,1.8495,Latency Anomaly
2024-10-31 04:35:00,1.9926722,True,1.8495,Latency Anomaly
2024-10-31 04:40:00,2.0019925,True,1.8495,Latency Anomaly
2024-10-31 04:45:00,2.0246534,True,1.8495,Latency Anomaly
2024-10-31 04:50:00,2.0256228,True,1.8495,Latency Anomaly
2024-10-31 04:55:00,2.053206,True,1.8495,Latency Anomaly
2024-10-31 05:00:00,2.0571191,True,1.8495,Latency Anomaly
2024-10-31 05:05:00,2.0629785,True,1.8495,Latency Anomaly
2024-10-31 05:10:00,2.0562007,True,1.8495,Latency Anomaly
2024-10-31 05:15:00,2.056611,True,1.8495,Latency Anomaly
2024-10-31 05:20:00,2.0451822,True,1.8495,Latency Anomaly
2024-10-31 05:25:00,2.0500498,True,1.8495,Latency Anomaly
2024-10-31 05:30:00,2.0477269,True,1.8495,Latency Anomaly
2024-10-31 05:35:00,2.045165,True,1.8495,Latency Anomaly
2024-10-31 05:40:00,2.0615296,True,1.8495,Latency Anomaly
2024-10-31 05:45:00,2.060937,True,1.8495,Latency Anomaly
2024-10-31 05:50:00,2.0527527,True,1.8495,Latency Anomaly
2024-10-31 05:55:00,2.0595396,True,1.8495,Latency Anomaly
2024-10-31 06:00:00,2.0418112,True,1.8495,Latency Anomaly
2024-10-31 06:05:00,2.0271528,True,1.8495,Latency Anomaly
2024-10-31 06:10:00,2.022923,True,1.8495,Latency Anomaly
2024-10-31 06:15:00,2.002216,True,1.8495,Latency Anomaly
2024-10-31 06:20:00,1.9925487,True,1.8495,Latency Anomaly
2024-10-31 06:25:00,1.988458,True,1.8495,Latency Anomaly
2024-10-31 06:30:00,1.983114,True,1.8495,Latency Anomaly
2024-10-31 06:35:00,1.9769751,True,1.8495,Latency Anomaly
2024-10-31 06:40:00,1.9814699,True,1.8495,Latency Anomaly
2024-10-31 06:45:00,1.964918,True,1.8495,Latency Anomaly
2024-10-31 06:50:00,1.9507967,True,1.8495,Latency Anomaly
2024-10-31 06:55:00,1.9405044,True,1.8495,Latency Anomaly
2024-10-31 07:00:00,1.9152141,True,1.8495,Latency Anomaly
2024-10-31 07:05:00,1.9023203,True,1.8495,Latency Anomaly
2024-10-31 07:10:00,1.8807783,True,1.8495,Latency Anomaly
2024-10-31 07:15:00,1.8694435,True,1.8495,Latency Anomaly
2024-10-31 07:20:00,1.8560944,True,1.8495,Latency Anomaly
2024-10-31 15:40:00,1.8519027,True,1.8495,Latency Anomaly
2024-10-31 15:45:00,1.8653508,True,1.8495,Latency Anomaly
2024-10-31 15:50:00,1.8796773,True,1.8495,Latency Anomaly
2024-10-31 15:55:00,1.8840133,True,1.8495,Latency Anomaly
2024-10-31 16:00:00,1.8995944,True,1.8495,Latency Anomaly
2024-10-31 16:05:00,1.9073584,True,1.8495,Latency Anomaly
2024-10-31 16:10:00,1.9161534,True,1.8495,Latency Anomaly
2024-10-31 16:15:00,1.9233332,True,1.8495,Latency Anomaly
2024-10-31 16:20:00,1.920382,True,1.8495,Latency Anomaly
2024-10-31 16:25:00,1.9303775,True,1.8495,Latency Anomaly
2024-10-31 16:30:00,1.9400012,True,1.8495,Latency Anomaly
2024-10-31 16:35:00,1.9484663,True,1.8495,Latency Anomaly
2024-10-31 16:40:00,1.9487118,True,1.8495,Latency Anomaly
2024-10-31 16:45:00,1.9575175,True,1.8495,Latency Anomaly
2024-10-31 16:50:00,1.9535944,True,1.8495,Latency Anomaly
2024-10-31 16:55:00,1.965391,True,1.8495,Latency Anomaly
2024-10-31 17:00:00,1.9611859,True,1.8495,Latency Anomaly
2024-10-31 17:05:00,1.948809,True,1.8495,Latency Anomaly
2024-10-31 17:10:00,1.9473947,True,1.8495,Latency Anomaly
2024-10-31 17:15:00,1.9533838,True,1.8495,Latency Anomaly
2024-10-31 17:20:00,1.9540304,True,1.8495,Latency Anomaly
2024-10-31 17:25:00,1.961322,True,1.8495,Latency Anomaly
2024-10-31 17:30:00,1.9639666,True,1.8495,Latency Anomaly
2024-10-31 17:35:00,1.9643725,True,1.8495,Latency Anomaly
2024-10-31 17:40:00,1.9626417,True,1.8495,Latency Anomaly
2024-10-31 17:45:00,1.9657444,True,1.8495,Latency Anomaly
2024-10-31 17:50:00,1.9647496,True,1.8495,Latency Anomaly
2024-10-31 17:55:00,1.9546899,True,1.8495,Latency Anomaly
2024-10-31 18:00:00,1.9483613,True,1.8495,Latency Anomaly
2024-10-31 18:05:00,1.9459125,True,1.8495,Latency Anomaly
2024-10-31 18:10:00,1.9371873,True,1.8495,Latency Anomaly
2024-10-31 18:15:00,1.9234614,True,1.8495,Latency Anomaly
2024-10-31 18:20:00,1.9099671,True,1.8495,Latency Anomaly
2024-10-31 18:25:00,1.9072357,True,1.8495,Latency Anomaly
2024-10-31 18:30:00,1.9020102,True,1.8495,Latency Anomaly
2024-10-31 18:35:00,1.8969622,True,1.8495,Latency Anomaly
2024-10-31 18:40:00,1.885759,True,1.8495,Latency Anomaly
2024-10-31 18:45:00,1.8809929,True,1.8495,Latency Anomaly
2024-10-31 18:50:00,1.8753396,True,1.8495,Latency Anomaly
2024-10-31 18:55:00,1.866694,True,1.8495,Latency Anomaly
2024-10-31 19:00:00,1.8517736,True,1.8495,Latency Anomaly
2024-11-01 02:25:00,9.399192,True,1.8495,Token/Cost Anomaly
2024-11-01 02:30:00,9.406115,True,1.8495,Token/Cost Anomaly
2024-11-01 02:35:00,9.434685,True,1.8495,Token/Cost Anomaly
2024-11-01 02:40:00,9.4548435,True,1.8495,Token/Cost Anomaly
2024-11-01 02:45:00,9.51487,True,1.8495,Token/Cost Anomaly
2024-11-01 02:50:00,9.531855,True,1.8495,Token/Cost Anomaly
2024-11-01 02:55:00,9.551407,True,1.8495,Token/Cost Anomaly
2024-11-01 03:00:00,9.58144,True,1.8495,Token/Cost Anomaly
2024-11-01 03:05:00,9.596096,True,1.8495,Token/Cost Anomaly
2024-11-01 03:10:00,9.608489,True,1.8495,Token/Cost Anomaly
2024-11-01 03:15:00,9.636657,True,1.8495,Token/Cost Anomaly
2024-11-01 03:20:00,9.651918,True,1.8495,Token/Cost Anomaly
2024-11-01 03:25:00,9.661143,True,1.8495,Token/Cost Anomaly
2024-11-01 03:30:00,9.671271,True,1.8495,Token/Cost Anomaly
2024-11-01 03:35:00,9.676581,True,1.8495,Token/Cost Anomaly
2024-11-01 03:40:00,9.703671,True,1.8495,Token/Cost Anomaly
2024-11-01 03:45:00,9.7868,True,1.8495,Token/Cost Anomaly
2024-11-01 03:50:00,9.84568,True,1.8495,Token/Cost Anomaly
2024-11-01 03:55:00,9.849065,True,1.8495,Token/Cost Anomaly
2024-11-01 04:00:00,9.858206,True,1.8495,Token/Cost Anomaly
2024-11-01 04:05:00,11.356285,True,1.8495,Token/Cost Anomaly
2024-11-01 04:10:00,11.377266,True,1.8495,Token/Cost Anomaly
2024-11-01 04:15:00,11.379571,True,1.8495,Token/Cost Anomaly
2024-11-01 04:20:00,11.37735,True,1.8495,Token/Cost Anomaly
2024-11-01 04:25:00,11.386894,True,1.8495,Token/Cost Anomaly
2024-11-01 04:30:00,11.397178,True,1.8495,Token/Cost Anomaly
2024-11-01 04:35:00,11.401119,True,1.8495,Token/Cost Anomaly
2024-11-01 04:40:00,11.410859,True,1.8495,Token/Cost Anomaly
2024-11-01 04:45:00,11.410625,True,1.8495,Token/Cost Anomaly
2024-11-01 04:50:00,11.420997,True,1.8495,Token/Cost Anomaly
2024-11-01 04:55:00,11.408951,True,1.8495,Token/Cost Anomaly
2024-11-01 05:00:00,11.409492,True,1.8495,Token/Cost Anomaly
2024-11-01 05:05:00,11.402463,True,1.8495,Token/Cost Anomaly
2024-11-01 05:10:00,11.40026,True,1.8495,Token/Cost Anomaly
2024-11-01 05:15:00,11.401034,True,1.8495,Token/Cost Anomaly
2024-11-01 05:20:00,11.396763,True,1.8495,Token/Cost Anomaly
2024-11-01 05:25:00,11.4063225,True,1.8495,Token/Cost Anomaly
2024-11-01 05:30:00,11.416219,True,1.8495,Token/Cost Anomaly
2024-11-01 05:35:00,11.409744,True,1.8495,Token/Cost Anomaly
2024-11-01 05:40:00,11.407714,True,1.8495,Token/Cost Anomaly
2024-11-01 05:45:00,11.406588,True,1.8495,Token/Cost Anomaly
2024-11-01 05:50:00,11.391549,True,1.8495,Token/Cost Anomaly
2024-11-01 05:55:00,11.390502,True,1.8495,Token/Cost Anomaly
2024-11-01 06:00:00,11.376547,True,1.8495,Token/Cost Anomaly
2024-11-01 06:05:00,11.365247,True,1.8495,Token/Cost Anomaly
2024-11-01 06:10:00,11.34927,True,1.8495,Token/Cost Anomaly
2024-11-01 06:15:00,11.335447,True,1.8495,Token/Cost Anomaly
2024-11-01 06:20:00,11.339748,True,1.8495,Token/Cost Anomaly
2024-11-01 06:25:00,11.306414,True,1.8495,Token/Cost Anomaly
2024-11-01 06:30:00,11.301178,True,1.8495,Token/Cost Anomaly
2024-11-01 06:35:00,11.286057,True,1.8495,Token/Cost Anomaly
2024-11-01 06:40:00,11.283273,True,1.8495,Token/Cost Anomaly
2024-11-01 06:45:00,11.258185,True,1.8495,Token/Cost Anomaly
2024-11-01 06:50:00,11.249615,True,1.8495,Token/Cost Anomaly
2024-11-01 06:55:00,11.235046,True,1.8495,Token/Cost Anomaly
2024-11-01 07:00:00,11.195715,True,1.8495,Token/Cost Anomaly
2024-11-01 07:05:00,11.185637,True,1.8495,Token/Cost Anomaly
2024-11-01 07:10:00,11.172537,True,1.8495,Token/Cost Anomaly
2024-11-01 07:15:00,11.163284,True,1.8495,Token/Cost Anomaly
2024-11-01 07:20:00,11.147193,True,1.8495,Token/Cost Anomaly
2024-11-01 07:25:00,11.121995,True,1.8495,Token/Cost Anomaly
2024-11-01 07:30:00,11.07543,True,1.8495,Token/Cost Anomaly
2024-11-01 07:35:00,11.064814,True,1.8495,Token/Cost Anomaly
2024-11-01 07:40:00,11.060286,True,1.8495,Token/Cost Anomaly
2024-11-01 07:45:00,11.052365,True,1.8495,Token/Cost Anomaly
2024-11-01 07:50:00,11.027184,True,1.8495,Token/Cost Anomaly
2024-11-01 07:55:00,10.99542,True,1.8495,Token/Cost Anomaly
2024-11-01 08:00:00,10.970905,True,1.8495,Token/Cost Anomaly
2024-11-01 08:05:00,10.913184,True,1.8495,Token/Cost Anomaly
2024-11-01 08:10:00,10.871413,True,1.8495,Token/Cost Anomaly
2024-11-01 08:15:00,10.857802,True,1.8495,Token/Cost Anomaly
2024-11-01 08:20:00,10.840945,True,1.8495,Token/Cost Anomaly
2024-11-01 08:25:00,3.0811296,True,1.8495,Token/Cost Anomaly
2024-11-01 08:30:00,3.0821567,True,1.8495,Token/Cost Anomaly
2024-11-01 08:35:00,3.0612757,True,1.8495,Token/Cost Anomaly
2024-11-01 08:40:00,3.0432363,True,1.8495,Token/Cost Anomaly
2024-11-01 08:45:00,2.9837768,True,1.8495,Token/Cost Anomaly
2024-11-01 08:50:00,2.9661453,True,1.8495,Token/Cost Anomaly
2024-11-01 08:55:00,2.945837,True,1.8495,Token/Cost Anomaly
2024-11-01 09:00:00,2.9126945,True,1.8495,Token/Cost Anomaly
2024-11-01 09:05:00,2.8971622,True,1.8495,Token/Cost Anomaly
2024-11-01 09:10:00,2.8839695,True,1.8495,Token/Cost Anomaly
2024-11-01 09:15:00,2.8558605,True,1.8495,Token/Cost Anomaly
2024-11-01 09:20:00,2.8455012,True,1.8495,Token/Cost Anomaly
2024-11-01 09:25:00,2.8392248,True,1.8495,Token/Cost Anomaly
2024-11-01 09:30:00,2.8317158,True,1.8495,Token/Cost Anomaly
2024-11-01 09:35:00,2.8222919,True,1.8495,Token/Cost Anomaly
2024-11-01 09:40:00,2.8103461,True,1.8495,Token/Cost Anomaly
2024-11-01 09:45:00,2.7275498,True,1.8495,Token/Cost Anomaly
2024-11-01 09:50:00,2.6761682,True,1.8495,Token/Cost Anomaly
2024-11-01 09:55:00,2.6678264,True,1.8495,Token/Cost Anomaly
2024-11-01 10:00:00,2.6740012,True,1.8495,Token/Cost Anomaly
2024-11-01 15:40:00,1.8507702,True,1.8495,Latency Anomaly
2024-11-01 15:45:00,1.8648007,True,1.8495,Latency Anomaly
2024-11-01 15:50:00,1.8753349,True,1.8495,Latency Anomaly
2024-11-01 15:55:00,1.8857276,True,1.8495,Latency Anomaly
2024-11-01 16:00:00,1.8924338,True,1.8495,Latency Anomaly
2024-11-01 16:05:00,1.9055878,True,1.8495,Latency Anomaly
2024-11-01 16:10:00,1.9104978,True,1.8495,Latency Anomaly
2024-11-01 16:15:00,1.9187123,True,1.8495,Latency Anomaly
2024-11-01 16:20:00,1.9240314,True,1.8495,Latency Anomaly
2024-11-01 16:25:00,1.9345069,True,1.8495,Latency Anomaly
2024-11-01 16:30:00,1.9418925,True,1.8495,Latency Anomaly
2024-11-01 16:35:00,1.9575177,True,1.8495,Latency Anomaly
2024-11-01 16:40:00,1.9694672,True,1.8495,Latency Anomaly
2024-11-01 16:45:00,1.9708917,True,1.8495,Latency Anomaly
2024-11-01 16:50:00,1.9794756,True,1.8495,Latency Anomaly
2024-11-01 16:55:00,1.9722533,True,1.8495,Latency Anomaly
2024-11-01 17:00:00,1.97033,True,1.8495,Latency Anomaly
2024-11-01 17:05:00,1.9697862,True,1.8495,Latency Anomaly
2024-11-01 17:10:00,1.9670805,True,1.8495,Latency Anomaly
2024-11-01 17:15:00,1.9556838,True,1.8495,Latency Anomaly
2024-11-01 17:20:00,1.9556983,True,1.8495,Latency Anomaly
2024-11-01 17:25:00,1.9607033,True,1.8495,Latency Anomaly
2024-11-01 17:30:00,1.9594433,True,1.8495,Latency Anomaly
2024-11-01 17:35:00,1.9470352,True,1.8495,Latency Anomaly
2024-11-01 17:40:00,1.9491974,True,1.8495,Latency Anomaly
2024-11-01 17:45:00,1.9383233,True,1.8495,Latency Anomaly
2024-11-01 17:50:00,1.940904,True,1.8495,Latency Anomaly
2024-11-01 17:55:00,1.937321,True,1.8495,Latency Anomaly
2024-11-01 18:00:00,1.9341595,True,1.8495,Latency Anomaly
2024-11-01 18:05:00,1.9192234,True,1.8495,Latency Anomaly
2024-11-01 18:10:00,1.9118192,True,1.8495,Latency Anomaly
2024-11-01 18:15:00,1.9052444,True,1.8495,Latency Anomaly
2024-11-01 18:20:00,1.9034245,True,1.8495,Latency Anomaly
2024-11-01 18:25:00,1.9004242,True,1.8495,Latency Anomaly
2024-11-01 18:30:00,1.8902032,True,1.8495,Latency Anomaly
2024-11-01 18:35:00,1.8925657,True,1.8495,Latency Anomaly
2024-11-01 18:40:00,1.8864555,True,1.8495,Latency Anomaly
2024-11-01 18:45:00,1.8737807,True,1.8495,Latency Anomaly
2024-11-01 18:50:00,1.8634338,True,1.8495,Latency Anomaly
2024-11-01 18:55:00,1.8514606,True,1.8495,Latency Anomaly
2024-11-02 02:10:00,1.8881427,True,1.8495,Latency Anomaly
2024-11-02 02:15:00,1.9158119,True,1.8495,Latency Anomaly
2024-11-02 02:20:00,1.9477795,True,1.8495,Latency Anomaly
2024-11-02 02:25:00,1.9639975,True,1.8495,Latency Anomaly
2024-11-02 02:30:00,2.013982,True,1.8495,Latency Anomaly
2024-11-02 02:35:00,2.033408,True,1.8495,Latency Anomaly
2024-11-02 02:40:00,2.0639696,True,1.8495,Latency Anomaly
2024-11-02 02:45:00,2.0813992,True,1.8495,Latency Anomaly
2024-11-02 02:50:00,2.171504,True,1.8495,Token/Cost Anomaly
2024-11-02 02:55:00,2.2042742,True,1.8495,Token/Cost Anomaly
2024-11-02 03:00:00,2.2428133,True,1.8495,Token/Cost Anomaly
2024-11-02 03:05:00,2.324152,True,1.8495,Token/Cost Anomaly
2024-11-02 03:10:00,2.353254,True,1.8495,Token/Cost Anomaly
2024-11-02 03:15:00,2.3742638,True,1.8495,Token/Cost Anomaly
2024-11-02 03:20:00,2.3968399,True,1.8495,Token/Cost Anomaly
2024-11-02 03:25:00,2.3974426,True,1.8495,Token/Cost Anomaly
2024-11-02 03:30:00,2.4424415,True,1.8495,Token/Cost Anomaly
2024-11-02 03:35:00,2.4635944,True,1.8495,Token/Cost Anomaly
2024-11-02 03:40:00,2.5466888,True,1.8495,Token/Cost Anomaly
2024-11-02 03:45:00,2.565326,True,1.8495,Token/Cost Anomaly
2024-11-02 03:50:00,2.6058483,True,1.8495,Token/Cost Anomaly
2024-11-02 03:55:00,2.6561487,True,1.8495,Token/Cost Anomaly
2024-11-02 04:00:00,2.681897,True,1.8495,Token/Cost Anomaly
2024-11-02 04:05:00,2.689447,True,1.8495,Token/Cost Anomaly
2024-11-02 04:10:00,2.7313535,True,1.8495,Token/Cost Anomaly
2024-11-02 04:15:00,2.739835,True,1.8495,Token/Cost Anomaly
2024-11-02 04:20:00,2.7537687,True,1.8495,Token/Cost Anomaly
2024-11-02 04:25:00,2.7991302,True,1.8495,Token/Cost Anomaly
2024-11-02 04:30:00,2.80785,True,1.8495,Token/Cost Anomaly
2024-11-02 04:35:00,2.8127792,True,1.8495,Token/Cost Anomaly
2024-11-02 04:40:00,2.8557136,True,1.8495,Token/Cost Anomaly
2024-11-02 04:45:00,2.8761933,True,1.8495,Token/Cost Anomaly
2024-11-02 04:50:00,2.8982153,True,1.8495,Token/Cost Anomaly
2024-11-02 04:55:00,2.9526796,True,1.8495,Token/Cost Anomaly
2024-11-02 05:00:00,2.960852,True,1.8495,Token/Cost Anomaly
2024-11-02 05:05:00,2.9525168,True,1.8495,Token/Cost Anomaly
2024-11-02 05:10:00,2.953268,True,1.8495,Token/Cost Anomaly
2024-11-02 05:15:00,2.9564288,True,1.8495,Token/Cost Anomaly
2024-11-02 05:20:00,2.9784904,True,1.8495,Token/Cost Anomaly
2024-11-02 05:25:00,2.9868755,True,1.8495,Token/Cost Anomaly
2024-11-02 05:30:00,2.9907093,True,1.8495,Token/Cost Anomaly
2024-11-02 05:35:00,3.0068727,True,1.8495,Token/Cost Anomaly
2024-11-02 05:40:00,3.0191877,True,1.8495,Token/Cost Anomaly
2024-11-02 05:45:00,3.0070333,True,1.8495,Token/Cost Anomaly
2024-11-02 05:50:00,3.0062878,True,1.8495,Token/Cost Anomaly
2024-11-02 05:55:00,3.0115912,True,1.8495,Token/Cost Anomaly
2024-11-02 06:00:00,3.0106084,True,1.8495,Token/Cost Anomaly
2024-11-02 06:05:00,3.0041146,True,1.8495,Token/Cost Anomaly
2024-11-02 06:10:00,2.99635,True,1.8495,Token/Cost Anomaly
2024-11-02 06:15:00,2.985358,True,1.8495,Token/Cost Anomaly
2024-11-02 06:20:00,2.9617572,True,1.8495,Token/Cost Anomaly
2024-11-02 06:25:00,2.9533963,True,1.8495,Token/Cost Anomaly
2024-11-02 06:30:00,2.971005,True,1.8495,Token/Cost Anomaly
2024-11-02 06:35:00,2.9612432,True,1.8495,Token/Cost Anomaly
2024-11-02 06:40:00,2.9497354,True,1.8495,Token/Cost Anomaly
2024-11-02 06:45:00,2.9283082,True,1.8495,Token/Cost Anomaly
2024-11-02 06:50:00,2.9079556,True,1.8495,Token/Cost Anomaly
2024-11-02 06:55:00,2.8866017,True,1.8495,Token/Cost Anomaly
2024-11-02 07:00:00,2.8700516,True,1.8495,Token/Cost Anomaly
2024-11-02 07:05:00,2.858926,True,1.8495,Token/Cost Anomaly
2024-11-02 07:10:00,2.8412206,True,1.8495,Token/Cost Anomaly
2024-11-02 07:15:00,2.8303626,True,1.8495,Token/Cost Anomaly
2024-11-02 07:20:00,2.6567986,True,1.8495,Token/Cost Anomaly
2024-11-02 07:25:00,2.6047292,True,1.8495,Latency Anomaly
2024-11-02 07:30:00,2.5976846,True,1.8495,Token/Cost Anomaly
2024-11-02 07:35:00,2.5876899,True,1.8495,Latency Anomaly
2024-11-02 07:40:00,2.542518,True,1.8495,Latency Anomaly
2024-11-02 07:45:00,2.531903,True,1.8495,Latency Anomaly
2024-11-02 07:50:00,2.5134919,True,1.8495,Latency Anomaly
2024-11-02 07:55:00,2.4505877,True,1.8495,Latency Anomaly
2024-11-02 08:00:00,2.4239001,True,1.8495,Latency Anomaly
2024-11-02 08:05:00,2.3972812,True,1.8495,Latency Anomaly
2024-11-02 08:10:00,2.3512635,True,1.8495,Latency Anomaly
2024-11-02 08:15:00,2.3323808,True,1.8495,Latency Anomaly
2024-11-02 08:20:00,2.304683,True,1.8495,Latency Anomaly
2024-11-02 08:25:00,2.2841918,True,1.8495,Latency Anomaly
2024-11-02 08:30:00,2.231782,True,1.8495,Latency Anomaly
2024-11-02 08:35:00,2.2162688,True,1.8495,Latency Anomaly
2024-11-02 08:40:00,2.1891656,True,1.8495,Latency Anomaly
2024-11-02 08:45:00,2.173234,True,1.8495,Latency Anomaly
2024-11-02 08:50:00,2.0833824,True,1.8495,Latency Anomaly
2024-11-02 08:55:00,2.0474594,True,1.8495,Latency Anomaly
2024-11-02 09:00:00,2.0150476,True,1.8495,Latency Anomaly
2024-11-02 09:05:00,1.9330492,True,1.8495,Latency Anomaly
2024-11-02 09:10:00,1.9011613,True,1.8495,Latency Anomaly
2024-11-02 09:15:00,1.8738614,True,1.8495,Latency Anomaly
2024-11-02 09:20:00,1.8562858,True,1.8495,Latency Anomaly
2024-11-03 02:00:00,1.8755536,True,1.8495,Latency Anomaly
2024-11-03 02:05:00,1.9235001,True,1.8495,Latency Anomaly
2024-11-03 02:10:00,2.0781636,True,1.8495,Latency Anomaly
2024-11-03 02:15:00,2.0961423,True,1.8495,Latency Anomaly
2024-11-03 02:20:00,2.1044736,True,1.8495,Latency Anomaly
2024-11-03 02:25:00,2.1336296,True,1.8495,Latency Anomaly
2024-11-03 02:30:00,2.165949,True,1.8495,Latency Anomaly
2024-11-03 02:35:00,2.200968,True,1.8495,Latency Anomaly
2024-11-03 02:40:00,2.2437515,True,1.8495,Latency Anomaly
2024-11-03 02:45:00,2.2639952,True,1.8495,Latency Anomaly
2024-11-03 02:50:00,2.2846396,True,1.8495,Latency Anomaly
2024-11-03 02:55:00,2.3097796,True,1.8495,Latency Anomaly
2024-11-03 03:00:00,2.3433702,True,1.8495,Latency Anomaly
2024-11-03 03:05:00,2.3926406,True,1.8495,Latency Anomaly
2024-11-03 03:10:00,2.41354,True,1.8495,Latency Anomaly
2024-11-03 03:15:00,2.4261434,True,1.8495,Latency Anomaly
2024-11-03 03:20:00,2.4611304,True,1.8495,Latency Anomaly
2024-11-03 03:25:00,2.4870133,True,1.8495,Latency Anomaly
2024-11-03 03:30:00,2.535808,True,1.8495,Latency Anomaly
2024-11-03 03:35:00,2.600056,True,1.8495,Latency Anomaly
2024-11-03 03:40:00,2.6305637,True,1.8495,Latency Anomaly
2024-11-03 03:45:00,2.6465418,True,1.8495,Latency Anomaly
2024-11-03 03:50:00,2.6774268,True,1.8495,Latency Anomaly
2024-11-03 03:55:00,2.736678,True,1.8495,Latency Anomaly
2024-11-03 04:00:00,2.7457354,True,1.8495,Latency Anomaly
2024-11-03 04:05:00,2.7357645,True,1.8495,Latency Anomaly
2024-11-03 04:10:00,2.7438884,True,1.8495,Latency Anomaly
2024-11-03 04:15:00,2.75101,True,1.8495,Latency Anomaly
2024-11-03 04:20:00,2.7325234,True,1.8495,Latency Anomaly
2024-11-03 04:25:00,2.7461221,True,1.8495,Latency Anomaly
2024-11-03 04:30:00,2.7829225,True,1.8495,Latency Anomaly
2024-11-03 04:35:00,2.7943897,True,1.8495,Latency Anomaly
2024-11-03 04:40:00,2.8099384,True,1.8495,Latency Anomaly
2024-11-03 04:45:00,2.84518,True,1.8495,Latency Anomaly
2024-11-03 04:50:00,2.86442,True,1.8495,Latency Anomaly
2024-11-03 04:55:00,2.8675199,True,1.8495,Latency Anomaly
2024-11-03 05:00:00,2.8726149,True,1.8495,Latency Anomaly
2024-11-03 05:05:00,2.8691626,True,1.8495,Latency Anomaly
2024-11-03 05:10:00,2.8725932,True,1.8495,Token/Cost Anomaly
2024-11-03 05:15:00,2.8625526,True,1.8495,Token/Cost Anomaly
2024-11-03 05:20:00,2.8503141,True,1.8495,Latency Anomaly
2024-11-03 05:25:00,2.8498762,True,1.8495,Latency Anomaly
2024-11-03 05:30:00,2.847636,True,1.8495,Latency Anomaly
2024-11-03 05:35:00,2.8382006,True,1.8495,Latency Anomaly
2024-11-03 05:40:00,2.8398366,True,1.8495,Latency Anomaly
2024-11-03 05:45:00,2.8431602,True,1.8495,Latency Anomaly
2024-11-03 05:50:00,2.8155513,True,1.8495,Latency Anomaly
2024-11-03 05:55:00,2.8098705,True,1.8495,Latency Anomaly
2024-11-03 06:00:00,2.7870545,True,1.8495,Latency Anomaly
2024-11-03 06:05:00,2.7804487,True,1.8495,Latency Anomaly
2024-11-03 06:10:00,2.7766678,True,1.8495,Latency Anomaly
2024-11-03 06:15:00,2.7688122,True,1.8495,Latency Anomaly
2024-11-03 06:20:00,2.7603254,True,1.8495,Latency Anomaly
2024-11-03 06:25:00,2.748884,True,1.8495,Latency Anomaly
2024-11-03 06:30:00,2.7280707,True,1.8495,Latency Anomaly
2024-11-03 06:35:00,2.7182093,True,1.8495,Latency Anomaly
2024-11-03 06:40:00,2.7190933,True,1.8495,Latency Anomaly
2024-11-03 06:45:00,2.6998463,True,1.8495,Latency Anomaly
2024-11-03 06:50:00,2.6703482,True,1.8495,Latency Anomaly
2024-11-03 06:55:00,2.6605234,True,1.8495,Latency Anomaly
2024-11-03 07:00:00,2.6483207,True,1.8495,Latency Anomaly
2024-11-03 07:05:00,2.605048,True,1.8495,Latency Anomaly
2024-11-03 07:10:00,2.5499716,True,1.8495,Latency Anomaly
2024-11-03 07:15:00,2.5525484,True,1.8495,Latency Anomaly
2024-11-03 07:20:00,2.5385578,True,1.8495,Latency Anomaly
2024-11-03 07:25:00,2.5199287,True,1.8495,Latency Anomaly
2024-11-03 07:30:00,2.5151186,True,1.8495,Latency Anomaly
2024-11-03 07:35:00,2.5106955,True,1.8495,Latency Anomaly
2024-11-03 07:40:00,2.5088074,True,1.8495,Latency Anomaly
2024-11-03 07:45:00,2.4764023,True,1.8495,Latency Anomaly
2024-11-03 07:50:00,2.4247842,True,1.8495,Latency Anomaly
2024-11-03 07:55:00,2.4007092,True,1.8495,Latency Anomaly
2024-11-03 08:00:00,2.3730774,True,1.8495,Latency Anomaly
2024-11-03 08:05:00,2.3242168,True,1.8495,Latency Anomaly
2024-11-03 08:10:00,2.1720755,True,1.8495,Latency Anomaly
2024-11-03 08:15:00,2.1560614,True,1.8495,Latency Anomaly
2024-11-03 08:20:00,2.1454306,True,1.8495,Latency Anomaly
2024-11-03 08:25:00,2.1139596,True,1.8495,Latency Anomaly
2024-11-03 08:30:00,2.0797613,True,1.8495,Latency Anomaly
2024-11-03 08:35:00,2.0521677,True,1.8495,Latency Anomaly
2024-11-03 08:40:00,2.0082314,True,1.8495,Latency Anomaly
2024-11-03 08:45:00,1.9848855,True,1.8495,Latency Anomaly
2024-11-03 08:50:00,1.9582865,True,1.8495,Latency Anomaly
2024-11-03 08:55:00,1.9333482,True,1.8495,Latency Anomaly
2024-11-03 09:00:00,1.902073,True,1.8495,Latency Anomaly
2024-11-04 02:30:00,1.8543493,True,1.8495,Latency Anomaly
2024-11-04 02:35:00,1.8539612,True,1.8495,Latency Anomaly
2024-11-04 02:40:00,1.8719914,True,1.8495,Latency Anomaly
2024-11-04 02:45:00,1.9014053,True,1.8495,Latency Anomaly
2024-11-04 02:50:00,1.9150397,True,1.8495,Latency Anomaly
2024-11-04 02:55:00,1.9239287,True,1.8495,Latency Anomaly
2024-11-04 03:00:00,1.9395059,True,1.8495,Latency Anomaly
2024-11-04 03:05:00,1.9565783,True,1.8495,Latency Anomaly
2024-11-04 03:10:00,1.9971865,True,1.8495,Latency Anomaly
2024-11-04 03:15:00,2.0328238,True,1.8495,Latency Anomaly
2024-11-04 03:20:00,2.0422733,True,1.8495,Latency Anomaly
2024-11-04 03:25:00,2.0530353,True,1.8495,Latency Anomaly
2024-11-04 03:30:00,2.052037,True,1.8495,Latency Anomaly
2024-11-04 03:35:00,2.067958,True,1.8495,Latency Anomaly
2024-11-04 03:40:00,2.0743222,True,1.8495,Latency Anomaly
2024-11-04 03:45:00,2.0902236,True,1.8495,Latency Anomaly
2024-11-04 03:50:00,2.087074,True,1.8495,Latency Anomaly
2024-11-04 03:55:00,2.0875702,True,1.8495,Latency Anomaly
2024-11-04 04:00:00,2.0901086,True,1.8495,Latency Anomaly
2024-11-04 04:05:00,2.0779028,True,1.8495,Latency Anomaly
2024-11-04 04:10:00,2.0985782,True,1.8495,Latency Anomaly
2024-11-04 04:15:00,2.1001954,True,1.8495,Latency Anomaly
2024-11-04 04:20:00,2.0897264,True,1.8495,Latency Anomaly
2024-11-04 04:25:00,2.0935762,True,1.8495,Latency Anomaly
2024-11-04 04:30:00,2.1141841,True,1.8495,Latency Anomaly
2024-11-04 04:35:00,2.1369689,True,1.8495,Latency Anomaly
2024-11-04 04:40:00,2.1400063,True,1.8495,Latency Anomaly
2024-11-04 04:45:00,2.1446855,True,1.8495,Latency Anomaly
2024-11-04 04:50:00,2.1640418,True,1.8495,Latency Anomaly
2024-11-04 04:55:00,2.1741838,True,1.8495,Latency Anomaly
2024-11-04 05:00:00,2.1709373,True,1.8495,Latency Anomaly
2024-11-04 05:05:00,2.1538854,True,1.8495,Latency Anomaly
2024-11-04 05:10:00,2.1307821,True,1.8495,Latency Anomaly
2024-11-04 05:15:00,2.1242616,True,1.8495,Latency Anomaly
2024-11-04 05:20:00,2.1326826,True,1.8495,Latency Anomaly
2024-11-04 05:25:00,2.121543,True,1.8495,Latency Anomaly
2024-11-04 05:30:00,2.1171174,True,1.8495,Latency Anomaly
2024-11-04 05:35:00,2.1044996,True,1.8495,Latency Anomaly
2024-11-04 05:40:00,2.0914793,True,1.8495,Latency Anomaly
2024-11-04 05:45:00,2.102887,True,1.8495,Latency Anomaly
2024-11-04 05:50:00,2.1020453,True,1.8495,Latency Anomaly
2024-11-04 05:55:00,2.0955732,True,1.8495,Latency Anomaly
2024-11-04 06:00:00,2.065925,True,1.8495,Latency Anomaly
2024-11-04 06:05:00,2.0544949,True,1.8495,Latency Anomaly
2024-11-04 06:10:00,2.051842,True,1.8495,Latency Anomaly
2024-11-04 06:15:00,2.0370355,True,1.8495,Latency Anomaly
2024-11-04 06:20:00,2.0362806,True,1.8495,Latency Anomaly
2024-11-04 06:25:00,2.0118845,True,1.8495,Latency Anomaly
2024-11-04 06:30:00,2.0090513,True,1.8495,Latency Anomaly
2024-11-04 06:35:00,2.015303,True,1.8495,Latency Anomaly
2024-11-04 06:40:00,2.010954,True,1.8495,Latency Anomaly
2024-11-04 06:45:00,1.9902916,True,1.8495,Latency Anomaly
2024-11-04 06:50:00,1.9751967,True,1.8495,Latency Anomaly
2024-11-04 06:55:00,1.9742,True,1.8495,Latency Anomaly
2024-11-04 07:00:00,1.9614279,True,1.8495,Latency Anomaly
2024-11-04 07:05:00,1.9346538,True,1.8495,Latency Anomaly
2024-11-04 07:10:00,1.895587,True,1.8495,Latency Anomaly
2024-11-04 07:15:00,1.8683118,True,1.8495,Latency Anomaly
2024-11-04 07:20:00,1.8569441,True,1.8495,Latency Anomaly
2024-11-04 07:25:00,1.8499861,True,1.8495,Latency Anomaly
2024-11-04 15:30:00,1.8689213,True,1.8495,Latency Anomaly
2024-11-04 15:35:00,1.8780693,True,1.8495,Latency Anomaly
2024-11-04 15:40:00,1.8905741,True,1.8495,Latency Anomaly
2024-11-04 15:45:00,1.90632,True,1.8495,Latency Anomaly
2024-11-04 15:50:00,1.917332,True,1.8495,Latency Anomaly
2024-11-04 15:55:00,1.9340109,True,1.8495,Latency Anomaly
2024-11-04 16:00:00,1.9443063,True,1.8495,Latency Anomaly
2024-11-04 16:05:00,1.9558904,True,1.8495,Latency Anomaly
2024-11-04 16:10:00,1.9691314,True,1.8495,Latency Anomaly
2024-11-04 16:15:00,1.9739587,True,1.8495,Latency Anomaly
2024-11-04 16:20:00,1.9746405,True,1.8495,Latency Anomaly
2024-11-04 16:25:00,1.983482,True,1.8495,Latency Anomaly
2024-11-04 16:30:00,1.9950824,True,1.8495,Latency Anomaly
2024-11-04 16:35:00,2.0117688,True,1.8495,Latency Anomaly
2024-11-04 16:40:00,2.0209358,True,1.8495,Latency Anomaly
2024-11-04 16:45:00,2.0297446,True,1.8495,Latency Anomaly
2024-11-04 16:50:00,2.0378184,True,1.8495,Latency Anomaly
2024-11-04 16:55:00,2.0400305,True,1.8495,Latency Anomaly
2024-11-04 17:00:00,2.0236275,True,1.8495,Latency Anomaly
2024-11-04 17:05:00,2.0279648,True,1.8495,Latency Anomaly
2024-11-04 17:10:00,2.0301611,True,1.8495,Latency Anomaly
2024-11-04 17:15:00,2.0292013,True,1.8495,Latency Anomaly
2024-11-04 17:20:00,2.0309918,True,1.8495,Latency Anomaly
2024-11-04 17:25:00,2.0334291,True,1.8495,Latency Anomaly
2024-11-04 17:30:00,2.0275981,True,1.8495,Latency Anomaly
2024-11-04 17:35:00,2.0264075,True,1.8495,Latency Anomaly
2024-11-04 17:40:00,2.0276737,True,1.8495,Latency Anomaly
2024-11-04 17:45:00,2.0311196,True,1.8495,Latency Anomaly
2024-11-04 17:50:00,2.0357206,True,1.8495,Latency Anomaly
2024-11-04 17:55:00,2.0300052,True,1.8495,Latency Anomaly
2024-11-04 18:00:00,2.0203862,True,1.8495,Latency Anomaly
2024-11-04 18:05:00,2.0053594,True,1.8495,Latency Anomaly
2024-11-04 18:10:00,2.0013776,True,1.8495,Latency Anomaly
2024-11-04 18:15:00,1.9973391,True,1.8495,Latency Anomaly
2024-11-04 18:20:00,1.9845791,True,1.8495,Latency Anomaly
2024-11-04 18:25:00,1.9768083,True,1.8495,Latency Anomaly
2024-11-04 18:30:00,1.9652126,True,1.8495,Latency Anomaly
2024-11-04 18:35:00,1.9591892,True,1.8495,Latency Anomaly
2024-11-04 18:40:00,1.9544246,True,1.8495,Latency Anomaly
2024-11-04 18:45:00,1.9469228,True,1.8495,Latency Anomaly
2024-11-04 18:50:00,1.9381343,True,1.8495,Latency Anomaly
2024-11-04 18:55:00,1.9306592,True,1.8495,Latency Anomaly
2024-11-04 19:00:00,1.9154035,True,1.8495,Latency Anomaly
2024-11-04 19:05:00,1.8960711,True,1.8495,Latency Anomaly
2024-11-04 19:10:00,1.8869678,True,1.8495,Latency Anomaly
2024-11-04 19:15:00,1.8758633,True,1.8495,Latency Anomaly
2024-11-04 19:20:00,1.8669893,True,1.8495,Latency Anomaly
2024-11-04 19:25:00,1.8510565,True,1.8495,Latency Anomaly
2024-11-05 03:20:00,1.8821435,True,1.8495,Latency Anomaly
2024-11-05 03:25:00,1.897589,True,1.8495,Latency Anomaly
2024-11-05 03:30:00,1.935747,True,1.8495,Latency Anomaly
2024-11-05 03:35:00,1.948863,True,1.8495,Latency Anomaly
2024-11-05 03:40:00,1.9589083,True,1.8495,Latency Anomaly
2024-11-05 03:45:00,1.963563,True,1.8495,Latency Anomaly
2024-11-05 03:50:00,1.9812206,True,1.8495,Latency Anomaly
2024-11-05 03:55:00,1.9886663,True,1.8495,Latency Anomaly
2024-11-05 04:00:00,2.0154002,True,1.8495,Latency Anomaly
2024-11-05 04:05:00,2.0164948,True,1.8495,Latency Anomaly
2024-11-05 04:10:00,2.0253372,True,1.8495,Latency Anomaly
2024-11-05 04:15:00,2.056213,True,1.8495,Latency Anomaly
2024-11-05 04:20:00,2.0622463,True,1.8495,Latency Anomaly
2024-11-05 04:25:00,2.0624514,True,1.8495,Latency Anomaly
2024-11-05 04:30:00,2.064761,True,1.8495,Latency Anomaly
2024-11-05 04:35:00,2.089898,True,1.8495,Latency Anomaly
2024-11-05 04:40:00,2.0998476,True,1.8495,Latency Anomaly
2024-11-05 04:45:00,2.1244364,True,1.8495,Latency Anomaly
2024-11-05 04:50:00,2.1364472,True,1.8495,Token/Cost Anomaly
2024-11-05 04:55:00,2.1375322,True,1.8495,Token/Cost Anomaly
2024-11-05 05:00:00,2.1392813,True,1.8495,Token/Cost Anomaly
2024-11-05 05:05:00,2.1468837,True,1.8495,Token/Cost Anomaly
2024-11-05 05:10:00,2.13531,True,1.8495,Token/Cost Anomaly
2024-11-05 05:15:00,2.1295483,True,1.8495,Token/Cost Anomaly
2024-11-05 05:20:00,2.1398842,True,1.8495,Token/Cost Anomaly
2024-11-05 05:25:00,2.1316454,True,1.8495,Latency Anomaly
2024-11-05 05:30:00,2.1535192,True,1.8495,Token/Cost Anomaly
2024-11-05 05:35:00,2.1386578,True,1.8495,Latency Anomaly
2024-11-05 05:40:00,2.1392171,True,1.8495,Latency Anomaly
2024-11-05 05:45:00,2.15926,True,1.8495,Token/Cost Anomaly
2024-11-05 05:50:00,2.155747,True,1.8495,Token/Cost Anomaly
2024-11-05 05:55:00,2.1508374,True,1.8495,Latency Anomaly
2024-11-05 06:00:00,2.135474,True,1.8495,Latency Anomaly
2024-11-05 06:05:00,2.126188,True,1.8495,Latency Anomaly
2024-11-05 06:10:00,2.122489,True,1.8495,Latency Anomaly
2024-11-05 06:15:00,2.114637,True,1.8495,Latency Anomaly
2024-11-05 06:20:00,2.1006455,True,1.8495,Latency Anomaly
2024-11-05 06:25:00,2.091489,True,1.8495,Latency Anomaly
2024-11-05 06:30:00,2.0751333,True,1.8495,Latency Anomaly
2024-11-05 06:35:00,2.0773425,True,1.8495,Latency Anomaly
2024-11-05 06:40:00,2.0455418,True,1.8495,Latency Anomaly
2024-11-05 06:45:00,2.040693,True,1.8495,Latency Anomaly
2024-11-05 06:50:00,2.0237777,True,1.8495,Latency Anomaly
2024-11-05 06:55:00,2.0126388,True,1.8495,Latency Anomaly
2024-11-05 07:00:00,1.9983252,True,1.8495,Latency Anomaly
2024-11-05 07:05:00,1.9780723,True,1.8495,Latency Anomaly
2024-11-05 07:10:00,1.9641455,True,1.8495,Latency Anomaly
2024-11-05 07:15:00,1.9578981,True,1.8495,Latency Anomaly
2024-11-05 07:20:00,1.9362755,True,1.8495,Latency Anomaly
2024-11-05 07:25:00,1.9520276,True,1.8495,Latency Anomaly
2024-11-05 07:30:00,1.9460661,True,1.8495,Latency Anomaly
2024-11-05 07:35:00,1.9358584,True,1.8495,Latency Anomaly
2024-11-05 07:40:00,1.9272914,True,1.8495,Latency Anomaly
2024-11-05 07:45:00,1.9113731,True,1.8495,Latency Anomaly
2024-11-05 07:50:00,1.8827883,True,1.8495,Latency Anomaly
2024-11-05 07:55:00,1.8593639,True,1.8495,Latency Anomaly
2024-11-05 15:30:00,1.862359,True,1.8495,Latency Anomaly
2024-11-05 15:35:00,1.8720524,True,1.8495,Latency Anomaly
2024-11-05 15:40:00,1.8831568,True,1.8495,Latency Anomaly
2024-11-05 15:45:00,1.8857018,True,1.8495,Latency Anomaly
2024-11-05 15:50:00,1.8973008,True,1.8495,Latency Anomaly
2024-11-05 15:55:00,1.9120822,True,1.8495,Latency Anomaly
2024-11-05 16:00:00,1.9200944,True,1.8495,Latency Anomaly
2024-11-05 16:05:00,1.9368278,True,1.8495,Latency Anomaly
2024-11-05 16:10:00,1.9433795,True,1.8495,Latency Anomaly
2024-11-05 16:15:00,1.9526851,True,1.8495,Latency Anomaly
2024-11-05 16:20:00,1.962964,True,1.8495,Latency Anomaly
2024-11-05 16:25:00,1.9673395,True,1.8495,Latency Anomaly
2024-11-05 16:30:00,1.9720765,True,1.8495,Latency Anomaly
2024-11-05 16:35:00,1.9808396,True,1.8495,Latency Anomaly
2024-11-05 16:40:00,1.9826818,True,1.8495,Latency Anomaly
2024-11-05 16:45:00,1.988207,True,1.8495,Latency Anomaly
2024-11-05 16:50:00,1.9922782,True,1.8495,Latency Anomaly
2024-11-05 16:55:00,1.9947793,True,1.8495,Latency Anomaly
2024-11-05 17:00:00,1.9999967,True,1.8495,Latency Anomaly
2024-11-05 17:05:00,2.0005016,True,1.8495,Latency Anomaly
2024-11-05 17:10:00,1.9954202,True,1.8495,Latency Anomaly
2024-11-05 17:15:00,1.9910799,True,1.8495,Latency Anomaly
2024-11-05 17:20:00,1.9921257,True,1.8495,Latency Anomaly
2024-11-05 17:25:00,1.9930606,True,1.8495,Latency Anomaly
2024-11-05 17:30:00,1.9936529,True,1.8495,Latency Anomaly
2024-11-05 17:35:00,1.9975029,True,1.8495,Latency Anomaly
2024-11-05 17:40:00,1.9917146,True,1.8495,Latency Anomaly
2024-11-05 17:45:00,1.9887115,True,1.8495,Latency Anomaly
2024-11-05 17:50:00,1.9852595,True,1.8495,Latency Anomaly
2024-11-05 17:55:00,1.9844581,True,1.8495,Latency Anomaly
2024-11-05 18:00:00,1.9800813,True,1.8495,Latency Anomaly
2024-11-05 18:05:00,1.9710572,True,1.8495,Latency Anomaly
2024-11-05 18:10:00,1.9614277,True,1.8495,Latency Anomaly
2024-11-05 18:15:00,1.9540354,True,1.8495,Latency Anomaly
2024-11-05 18:20:00,1.9424442,True,1.8495,Latency Anomaly
2024-11-05 18:25:00,1.9380031,True,1.8495,Latency Anomaly
2024-11-05 18:30:00,1.9349953,True,1.8495,Latency Anomaly
2024-11-05 18:35:00,1.9265387,True,1.8495,Latency Anomaly
2024-11-05 18:40:00,1.9112649,True,1.8495,Latency Anomaly
2024-11-05 18:45:00,1.9065711,True,1.8495,Latency Anomaly
2024-11-05 18:50:00,1.8983654,True,1.8495,Latency Anomaly
2024-11-05 18:55:00,1.8891623,True,1.8495,Latency Anomaly
2024-11-05 19:00:00,1.8748391,True,1.8495,Latency Anomaly
2024-11-05 19:05:00,1.861578,True,1.8495,Latency Anomaly
2024-11-06 03:10:00,1.8517079,True,1.8495,Latency Anomaly
2024-11-06 03:15:00,1.857514,True,1.8495,Latency Anomaly
2024-11-06 03:20:00,1.8715174,True,1.8495,Latency Anomaly
2024-11-06 03:25:00,1.8786024,True,1.8495,Latency Anomaly
2024-11-06 03:30:00,1.8868436,True,1.8495,Latency Anomaly
2024-11-06 03:35:00,1.921463,True,1.8495,Latency Anomaly
2024-11-06 03:40:00,1.9678568,True,1.8495,Latency Anomaly
2024-11-06 03:45:00,1.9908947,True,1.8495,Latency Anomaly
2024-11-06 03:50:00,2.0249486,True,1.8495,Latency Anomaly
2024-11-06 03:55:00,2.0385613,True,1.8495,Latency Anomaly
2024-11-06 04:00:00,2.0376186,True,1.8495,Latency Anomaly
2024-11-06 04:05:00,2.04744,True,1.8495,Latency Anomaly
2024-11-06 04:10:00,2.0654142,True,1.8495,Latency Anomaly
2024-11-06 04:15:00,2.0979924,True,1.8495,Latency Anomaly
2024-11-06 04:20:00,2.0984662,True,1.8495,Latency Anomaly
2024-11-06 04:25:00,2.1043985,True,1.8495,Latency Anomaly
2024-11-06 04:30:00,2.1249402,True,1.8495,Latency Anomaly
2024-11-06 04:35:00,2.132394,True,1.8495,Latency Anomaly
2024-11-06 04:40:00,2.1357057,True,1.8495,Latency Anomaly
2024-11-06 04:45:00,2.1293583,True,1.8495,Latency Anomaly
2024-11-06 04:50:00,2.125097,True,1.8495,Latency Anomaly
2024-11-06 04:55:00,2.1137154,True,1.8495,Latency Anomaly
2024-11-06 05:00:00,2.116513,True,1.8495,Latency Anomaly
2024-11-06 05:05:00,2.1091838,True,1.8495,Latency Anomaly
2024-11-06 05:10:00,2.09915,True,1.8495,Latency Anomaly
2024-11-06 05:15:00,2.100404,True,1.8495,Latency Anomaly
2024-11-06 05:20:00,2.1134992,True,1.8495,Latency Anomaly
2024-11-06 05:25:00,2.1303387,True,1.8495,Latency Anomaly
2024-11-06 05:30:00,2.1353176,True,1.8495,Latency Anomaly
2024-11-06 05:35:00,2.141357,True,1.8495,Latency Anomaly
2024-11-06 05:40:00,2.1424878,True,1.8495,Latency Anomaly
2024-11-06 05:45:00,2.1470373,True,1.8495,Latency Anomaly
2024-11-06 05:50:00,2.1486712,True,1.8495,Latency Anomaly
2024-11-06 05:55:00,2.1544971,True,1.8495,Latency Anomaly
2024-11-06 06:00:00,2.1450326,True,1.8495,Latency Anomaly
2024-11-06 06:05:00,2.1496668,True,1.8495,Latency Anomaly
2024-11-06 06:10:00,2.1531148,True,1.8495,Latency Anomaly
2024-11-06 06:15:00,2.153748,True,1.8495,Latency Anomaly
2024-11-06 06:20:00,2.152286,True,1.8495,Latency Anomaly
2024-11-06 06:25:00,2.134476,True,1.8495,Latency Anomaly
2024-11-06 06:30:00,2.1423254,True,1.8495,Latency Anomaly
2024-11-06 06:35:00,2.1256776,True,1.8495,Latency Anomaly
2024-11-06 06:40:00,2.115628,True,1.8495,Latency Anomaly
2024-11-06 06:45:00,2.1014962,True,1.8495,Latency Anomaly
2024-11-06 06:50:00,2.0948887,True,1.8495,Latency Anomaly
2024-11-06 06:55:00,2.0818799,True,1.8495,Latency Anomaly
2024-11-06 07:00:00,2.0553432,True,1.8495,Latency Anomaly
2024-11-06 07:05:00,2.0026698,True,1.8495,Latency Anomaly
2024-11-06 07:10:00,1.974945,True,1.8495,Latency Anomaly
2024-11-06 07:15:00,1.954758,True,1.8495,Latency Anomaly
2024-11-06 07:20:00,1.9325486,True,1.8495,Latency Anomaly
2024-11-06 07:25:00,1.9172022,True,1.8495,Latency Anomaly
2024-11-06 07:30:00,1.9072444,True,1.8495,Latency Anomaly
2024-11-06 07:35:00,1.8922749,True,1.8495,Latency Anomaly
2024-11-06 07:40:00,1.8679738,True,1.8495,Latency Anomaly
2024-11-06 07:45:00,1.8548737,True,1.8495,Latency Anomaly
2024-11-06 15:55:00,1.8581696,True,1.8495,Latency Anomaly
2024-11-06 16:00:00,1.859084,True,1.8495,Latency Anomaly
2024-11-06 16:05:00,1.8633003,True,1.8495,Latency Anomaly
2024-11-06 16:10:00,1.8745369,True,1.8495,Latency Anomaly
2024-11-06 16:15:00,1.8804909,True,1.8495,Latency Anomaly
2024-11-06 16:20:00,1.8874182,True,1.8495,Latency Anomaly
2024-11-06 16:25:00,1.8844709,True,1.8495,Latency Anomaly
2024-11-06 16:30:00,1.8972542,True,1.8495,Latency Anomaly
2024-11-06 16:35:00,1.9054073,True,1.8495,Latency Anomaly
2024-11-06 16:40:00,1.9154818,True,1.8495,Latency Anomaly
2024-11-06 16:45:00,1.9124821,True,1.8495,Latency Anomaly
2024-11-06 16:50:00,1.9245967,True,1.8495,Latency Anomaly
2024-11-06 16:55:00,1.9302257,True,1.8495,Latency Anomaly
2024-11-06 17:00:00,1.935644,True,1.8495,Latency Anomaly
2024-11-06 17:05:00,1.9411747,True,1.8495,Latency Anomaly
2024-11-06 17:10:00,1.9501321,True,1.8495,Latency Anomaly
2024-11-06 17:15:00,1.9478232,True,1.8495,Latency Anomaly
2024-11-06 17:20:00,1.9408453,True,1.8495,Latency Anomaly
2024-11-06 17:25:00,1.9385474,True,1.8495,Latency Anomaly
2024-11-06 17:30:00,1.9394151,True,1.8495,Latency Anomaly
2024-11-06 17:35:00,1.936993,True,1.8495,Latency Anomaly
2024-11-06 17:40:00,1.9403065,True,1.8495,Latency Anomaly
2024-11-06 17:45:00,1.9450517,True,1.8495,Latency Anomaly
2024-11-06 17:50:00,1.941162,True,1.8495,Latency Anomaly
2024-11-06 17:55:00,1.9534482,True,1.8495,Latency Anomaly
2024-11-06 18:00:00,1.9417622,True,1.8495,Latency Anomaly
2024-11-06 18:05:00,1.9321128,True,1.8495,Latency Anomaly
2024-11-06 18:10:00,1.9311974,True,1.8495,Latency Anomaly
2024-11-06 18:15:00,1.9262482,True,1.8495,Latency Anomaly
2024-11-06 18:20:00,1.9199775,True,1.8495,Latency Anomaly
2024-11-06 18:25:00,1.9169574,True,1.8495,Latency Anomaly
2024-11-06 18:30:00,1.9079934,True,1.8495,Latency Anomaly
2024-11-06 18:35:00,1.8998803,True,1.8495,Latency Anomaly
2024-11-06 18:40:00,1.9001901,True,1.8495,Latency Anomaly
2024-11-06 18:45:00,1.894449,True,1.8495,Latency Anomaly
2024-11-06 18:50:00,1.8843348,True,1.8495,Latency Anomaly
2024-11-06 18:55:00,1.8802975,True,1.8495,Latency Anomaly
2024-11-06 19:00:00,1.8681322,True,1.8495,Latency Anomaly
2024-11-06 19:05:00,1.8563254,True,1.8495,Latency Anomaly
2024-11-07 03:10:00,1.8507855,True,1.8495,Latency Anomaly
2024-11-07 03:15:00,1.8922131,True,1.8495,Latency Anomaly
2024-11-07 03:20:00,1.9076241,True,1.8495,Latency Anomaly
2024-11-07 03:25:00,1.9189185,True,1.8495,Latency Anomaly
2024-11-07 03:30:00,1.9395516,True,1.8495,Latency Anomaly
2024-11-07 03:35:00,1.9754184,True,1.8495,Latency Anomaly
2024-11-07 03:40:00,1.9898049,True,1.8495,Latency Anomaly
2024-11-07 03:45:00,2.0053473,True,1.8495,Latency Anomaly
2024-11-07 03:50:00,2.0218787,True,1.8495,Latency Anomaly
2024-11-07 03:55:00,2.0507321,True,1.8495,Latency Anomaly
2024-11-07 04:00:00,2.0661626,True,1.8495,Latency Anomaly
2024-11-07 04:05:00,2.0892255,True,1.8495,Latency Anomaly
2024-11-07 04:10:00,2.1031456,True,1.8495,Latency Anomaly
2024-11-07 04:15:00,2.1183798,True,1.8495,Latency Anomaly
2024-11-07 04:20:00,2.132954,True,1.8495,Latency Anomaly
2024-11-07 04:25:00,2.1358426,True,1.8495,Latency Anomaly
2024-11-07 04:30:00,2.1457834,True,1.8495,Latency Anomaly
2024-11-07 04:35:00,2.1508772,True,1.8495,Latency Anomaly
2024-11-07 04:40:00,2.1576505,True,1.8495,Latency Anomaly
2024-11-07 04:45:00,2.1683369,True,1.8495,Latency Anomaly
2024-11-07 04:50:00,2.183818,True,1.8495,Latency Anomaly
2024-11-07 04:55:00,2.1879363,True,1.8495,Latency Anomaly
2024-11-07 05:00:00,2.1884377,True,1.8495,Latency Anomaly
2024-11-07 05:05:00,2.190358,True,1.8495,Latency Anomaly
2024-11-07 05:10:00,2.196488,True,1.8495,Latency Anomaly
2024-11-07 05:15:00,2.2026186,True,1.8495,Latency Anomaly
2024-11-07 05:20:00,2.195877,True,1.8495,Latency Anomaly
2024-11-07 05:25:00,2.206163,True,1.8495,Latency Anomaly
2024-11-07 05:30:00,2.2097008,True,1.8495,Latency Anomaly
2024-11-07 05:35:00,2.2123837,True,1.8495,Latency Anomaly
2024-11-07 05:40:00,2.2074215,True,1.8495,Latency Anomaly
2024-11-07 05:45:00,2.2084508,True,1.8495,Latency Anomaly
2024-11-07 05:50:00,2.2116334,True,1.8495,Latency Anomaly
2024-11-07 05:55:00,2.211404,True,1.8495,Latency Anomaly
2024-11-07 06:00:00,2.1912231,True,1.8495,Latency Anomaly
2024-11-07 06:05:00,2.1843548,True,1.8495,Latency Anomaly
2024-11-07 06:10:00,2.1531298,True,1.8495,Latency Anomaly
2024-11-07 06:15:00,2.1409006,True,1.8495,Latency Anomaly
2024-11-07 06:20:00,2.1324213,True,1.8495,Latency Anomaly
2024-11-07 06:25:00,2.1276555,True,1.8495,Latency Anomaly
2024-11-07 06:30:00,2.125949,True,1.8495,Latency Anomaly
2024-11-07 06:35:00,2.1231484,True,1.8495,Latency Anomaly
2024-11-07 06:40:00,2.130604,True,1.8495,Latency Anomaly
2024-11-07 06:45:00,2.12185,True,1.8495,Latency Anomaly
2024-11-07 06:50:00,2.129985,True,1.8495,Latency Anomaly
2024-11-07 06:55:00,2.1286356,True,1.8495,Latency Anomaly
2024-11-07 07:00:00,2.110719,True,1.8495,Latency Anomaly
2024-11-07 07:05:00,2.1025465,True,1.8495,Latency Anomaly
2024-11-07 07:10:00,2.0953283,True,1.8495,Latency Anomaly
2024-11-07 07:15:00,2.0680277,True,1.8495,Latency Anomaly
2024-11-07 07:20:00,2.0574758,True,1.8495,Latency Anomaly
2024-11-07 07:25:00,2.026863,True,1.8495,Latency Anomaly
2024-11-07 07:30:00,1.9938864,True,1.8495,Latency Anomaly
2024-11-07 07:35:00,1.9708148,True,1.8495,Latency Anomaly
2024-11-07 07:40:00,1.8962742,True,1.8495,Latency Anomaly
2024-11-07 07:45:00,1.8637154,True,1.8495,Latency Anomaly
2024-11-07 07:50:00,1.8527471,True,1.8495,Latency Anomaly
2024-11-07 15:50:00,1.8623685,True,1.8495,Latency Anomaly
2024-11-07 15:55:00,1.8793213,True,1.8495,Latency Anomaly
2024-11-07 16:00:00,1.8800842,True,1.8495,Latency Anomaly
2024-11-07 16:05:00,1.8913156,True,1.8495,Latency Anomaly
2024-11-07 16:10:00,1.8974879,True,1.8495,Latency Anomaly
2024-11-07 16:15:00,1.9034519,True,1.8495,Latency Anomaly
2024-11-07 16:20:00,1.9097635,True,1.8495,Latency Anomaly
2024-11-07 16:25:00,1.9173245,True,1.8495,Latency Anomaly
2024-11-07 16:30:00,1.927405,True,1.8495,Latency Anomaly
2024-11-07 16:35:00,1.9570037,True,1.8495,Latency Anomaly
2024-11-07 16:40:00,1.961748,True,1.8495,Latency Anomaly
2024-11-07 16:45:00,1.9681618,True,1.8495,Latency Anomaly
2024-11-07 16:50:00,1.9745814,True,1.8495,Latency Anomaly
2024-11-07 16:55:00,1.9799495,True,1.8495,Latency Anomaly
2024-11-07 17:00:00,1.9843826,True,1.8495,Latency Anomaly
2024-11-07 17:05:00,1.98337,True,1.8495,Latency Anomaly
2024-11-07 17:10:00,1.9792843,True,1.8495,Latency Anomaly
2024-11-07 17:15:00,1.9836429,True,1.8495,Latency Anomaly
2024-11-07 17:20:00,1.988973,True,1.8495,Latency Anomaly
2024-11-07 17:25:00,1.9804833,True,1.8495,Latency Anomaly
2024-11-07 17:30:00,1.9748762,True,1.8495,Latency Anomaly
2024-11-07 17:35:00,1.9683886,True,1.8495,Latency Anomaly
2024-11-07 17:40:00,1.9643786,True,1.8495,Latency Anomaly
2024-11-07 17:45:00,1.9728457,True,1.8495,Latency Anomaly
2024-11-07 17:50:00,1.9831278,True,1.8495,Latency Anomaly
2024-11-07 17:55:00,1.9814391,True,1.8495,Latency Anomaly
2024-11-07 18:00:00,1.9769244,True,1.8495,Latency Anomaly
2024-11-07 18:05:00,1.9560972,True,1.8495,Latency Anomaly
2024-11-07 18:10:00,1.9499831,True,1.8495,Latency Anomaly
2024-11-07 18:15:00,1.9443647,True,1.8495,Latency Anomaly
2024-11-07 18:20:00,1.9398199,True,1.8495,Latency Anomaly
2024-11-07 18:25:00,1.927783,True,1.8495,Latency Anomaly
2024-11-07 18:30:00,1.9307343,True,1.8495,Latency Anomaly
2024-11-07 18:35:00,1.939135,True,1.8495,Latency Anomaly
2024-11-07 18:40:00,1.9313052,True,1.8495,Latency Anomaly
2024-11-07 18:45:00,1.9289249,True,1.8495,Latency Anomaly
2024-11-07 18:50:00,1.9289416,True,1.8495,Latency Anomaly
2024-11-07 18:55:00,1.9321108,True,1.8495,Latency Anomaly
2024-11-07 19:00:00,1.9142345,True,1.8495,Latency Anomaly
2024-11-07 19:05:00,1.9042263,True,1.8495,Latency Anomaly
2024-11-07 19:10:00,1.8855441,True,1.8495,Latency Anomaly
2024-11-07 19:15:00,1.8869597,True,1.8495,Latency Anomaly
2024-11-07 19:20:00,1.8726022,True,1.8495,Latency Anomaly
2024-11-07 19:25:00,1.8606479,True,1.8495,Latency Anomaly
2024-11-07 19:30:00,1.8500888,True,1.8495,Latency Anomaly
2024-11-08 03:05:00,1.8629373,True,1.8495,Latency Anomaly
2024-11-08 03:10:00,1.8832626,True,1.8495,Latency Anomaly
2024-11-08 03:15:00,1.9023037,True,1.8495,Latency Anomaly
2024-11-08 03:20:00,1.9416624,True,1.8495,Latency Anomaly
2024-11-08 03:25:00,1.9557776,True,1.8495,Latency Anomaly
2024-11-08 03:30:00,1.9915869,True,1.8495,Latency Anomaly
2024-11-08 03:35:00,2.004019,True,1.8495,Latency Anomaly
2024-11-08 03:40:00,2.0109513,True,1.8495,Latency Anomaly
2024-11-08 03:45:00,2.051412,True,1.8495,Latency Anomaly
2024-11-08 03:50:00,2.0512152,True,1.8495,Latency Anomaly
2024-11-08 03:55:00,2.0626395,True,1.8495,Latency Anomaly
2024-11-08 04:00:00,2.0685208,True,1.8495,Latency Anomaly
2024-11-08 04:05:00,2.0785732,True,1.8495,Latency Anomaly
2024-11-08 04:10:00,2.0839102,True,1.8495,Latency Anomaly
2024-11-08 04:15:00,2.087432,True,1.8495,Latency Anomaly
2024-11-08 04:20:00,2.1168365,True,1.8495,Latency Anomaly
2024-11-08 04:25:00,2.1397536,True,1.8495,Latency Anomaly
2024-11-08 04:30:00,2.14297,True,1.8495,Latency Anomaly
2024-11-08 04:35:00,2.1567533,True,1.8495,Latency Anomaly
2024-11-08 04:40:00,2.1577106,True,1.8495,Latency Anomaly
2024-11-08 04:45:00,2.1650667,True,1.8495,Latency Anomaly
2024-11-08 04:50:00,2.1760068,True,1.8495,Latency Anomaly
2024-11-08 04:55:00,2.1817725,True,1.8495,Latency Anomaly
2024-11-08 05:00:00,2.1746824,True,1.8495,Latency Anomaly
2024-11-08 05:05:00,2.1738155,True,1.8495,Latency Anomaly
2024-11-08 05:10:00,2.1735468,True,1.8495,Latency Anomaly
2024-11-08 05:15:00,2.1768274,True,1.8495,Latency Anomaly
2024-11-08 05:20:00,2.187655,True,1.8495,Latency Anomaly
2024-11-08 05:25:00,2.166772,True,1.8495,Latency Anomaly
2024-11-08 05:30:00,2.1609626,True,1.8495,Latency Anomaly
2024-11-08 05:35:00,2.165328,True,1.8495,Latency Anomaly
2024-11-08 05:40:00,2.1644576,True,1.8495,Latency Anomaly
2024-11-08 05:45:00,2.1644173,True,1.8495,Latency Anomaly
2024-11-08 05:50:00,2.1701922,True,1.8495,Latency Anomaly
2024-11-08 05:55:00,2.1643896,True,1.8495,Latency Anomaly
2024-11-08 06:00:00,2.1459384,True,1.8495,Latency Anomaly
2024-11-08 06:05:00,2.1339653,True,1.8495,Latency Anomaly
2024-11-08 06:10:00,2.1211488,True,1.8495,Latency Anomaly
2024-11-08 06:15:00,2.0981295,True,1.8495,Latency Anomaly
2024-11-08 06:20:00,2.0949857,True,1.8495,Latency Anomaly
2024-11-08 06:25:00,2.0900123,True,1.8495,Latency Anomaly
2024-11-08 06:30:00,2.0725188,True,1.8495,Latency Anomaly
2024-11-08 06:35:00,2.0448456,True,1.8495,Latency Anomaly
2024-11-08 06:40:00,2.0421739,True,1.8495,Latency Anomaly
2024-11-08 06:45:00,2.042494,True,1.8495,Latency Anomaly
2024-11-08 06:50:00,2.0382688,True,1.8495,Latency Anomaly
2024-11-08 06:55:00,2.0226958,True,1.8495,Latency Anomaly
2024-11-08 07:00:00,2.0095398,True,1.8495,Latency Anomaly
2024-11-08 07:05:00,2.0065584,True,1.8495,Latency Anomaly
2024-11-08 07:10:00,1.9963458,True,1.8495,Latency Anomaly
2024-11-08 07:15:00,1.969012,True,1.8495,Latency Anomaly
2024-11-08 07:20:00,1.9535818,True,1.8495,Latency Anomaly
2024-11-08 07:25:00,1.9400287,True,1.8495,Latency Anomaly
2024-11-08 07:30:00,1.9216161,True,1.8495,Latency Anomaly
2024-11-08 07:35:00,1.9077687,True,1.8495,Latency Anomaly
2024-11-08 07:40:00,1.877135,True,1.8495,Latency Anomaly
2024-11-08 07:45:00,1.8689506,True,1.8495,Latency Anomaly
2024-11-08 08:00:00,32.973167,True,1.8495,Latency Anomaly
2024-11-08 08:05:00,65.032005,True,1.8495,Latency Anomaly
2024-11-08 08:10:00,96.09096,True,1.8495,Latency Anomaly
2024-11-08 08:15:00,129.26765,True,1.8495,Latency Anomaly
2024-11-08 08:20:00,159.87325,True,1.8495,Latency Anomaly
2024-11-08 08:25:00,192.0126,True,1.8495,Latency Anomaly
2024-11-08 08:30:00,224.08618,True,1.8495,Latency Anomaly
2024-11-08 08:35:00,255.5558,True,1.8495,Latency Anomaly
2024-11-08 08:40:00,286.70728,True,1.8495,Latency Anomaly
2024-11-08 08:45:00,319.37445,True,1.8495,Latency Anomaly
2024-11-08 08:50:00,350.08435,True,1.8495,Latency Anomaly
2024-11-08 08:55:00,382.4219,True,1.8495,Latency Anomaly
2024-11-08 09:00:00,413.4666,True,1.8495,Latency Anomaly
2024-11-08 09:05:00,443.2575,True,1.8495,Latency Anomaly
2024-11-08 09:10:00,475.9073,True,1.8495,Latency Anomaly
2024-11-08 09:15:00,506.68427,True,1.8495,Latency Anomaly
2024-11-08 09:20:00,537.5043,True,1.8495,Latency Anomaly
2024-11-08 09:25:00,568.73145,True,1.8495,Latency Anomaly
2024-11-08 09:30:00,600.36597,True,1.8495,Latency Anomaly
2024-11-08 09:35:00,632.1408,True,1.8495,Latency Anomaly
2024-11-08 09:40:00,663.8273,True,1.8495,Latency Anomaly
2024-11-08 09:45:00,694.64734,True,1.8495,Latency Anomaly
2024-11-08 09:50:00,727.1936,True,1.8495,Latency Anomaly
2024-11-08 09:55:00,758.23883,True,1.8495,Latency Anomaly
2024-11-08 10:00:00,790.17706,True,1.8495,Latency Anomaly
2024-11-08 10:05:00,823.4227,True,1.8495,Latency Anomaly
2024-11-08 10:10:00,854.8088,True,1.8495,Latency Anomaly
2024-11-08 10:15:00,885.5366,True,1.8495,Latency Anomaly
2024-11-08 10:20:00,916.51514,True,1.8495,Latency Anomaly
2024-11-08 10:25:00,947.6523,True,1.8495,Latency Anomaly
2024-11-08 10:30:00,978.00214,True,1.8495,Latency Anomaly
2024-11-08 10:35:00,1008.18695,True,1.8495,Latency Anomaly
2024-11-08 10:40:00,1038.7015,True,1.8495,Latency Anomaly
2024-11-08 10:45:00,1069.0377,True,1.8495,Latency Anomaly
2024-11-08 10:50:00,1101.3256,True,1.8495,Latency Anomaly
2024-11-08 10:55:00,1133.6332,True,1.8495,Latency Anomaly
2024-11-08 11:00:00,1165.6445,True,1.8495,Latency Anomaly
2024-11-08 11:05:00,1196.7963,True,1.8495,Latency Anomaly
2024-11-08 11:10:00,1228.8293,True,1.8495,Latency Anomaly
2024-11-08 11:15:00,1260.1144,True,1.8495,Latency Anomaly
2024-11-08 11:20:00,1291.1515,True,1.8495,Latency Anomaly
2024-11-08 11:25:00,1322.8967,True,1.8495,Latency Anomaly
2024-11-08 11:30:00,1354.9158,True,1.8495,Latency Anomaly
2024-11-08 11:35:00,1385.4008,True,1.8495,Latency Anomaly
2024-11-08 11:40:00,1415.3131,True,1.8495,Latency Anomaly
2024-11-08 11:45:00,1448.0305,True,1.8495,Latency Anomaly
2024-11-08 11:50:00,1479.6296,True,1.8495,Latency Anomaly
2024-11-08 11:55:00,1509.9478,True,1.8495,Latency Anomaly
2024-11-08 12:00:00,1510.3406,True,1.8495,Latency Anomaly
2024-11-08 12:05:00,1510.4845,True,1.8495,Latency Anomaly
2024-11-08 12:10:00,1510.5372,True,1.8495,Latency Anomaly
2024-11-08 12:15:00,1510.5731,True,1.8495,Latency Anomaly
2024-11-08 12:20:00,1510.6157,True,1.8495,Latency Anomaly
2024-11-08 12:25:00,1510.6625,True,1.8495,Latency Anomaly
2024-11-08 12:30:00,1510.6998,True,1.8495,Latency Anomaly
2024-11-08 12:35:00,1510.776,True,1.8495,Latency Anomaly
2024-11-08 12:40:00,1510.832,True,1.8495,Latency Anomaly
2024-11-08 12:45:00,1510.888,True,1.8495,Latency Anomaly
2024-11-08 12:50:00,1510.9419,True,1.8495,Latency Anomaly
2024-11-08 12:55:00,1511.0024,True,1.8495,Latency Anomaly
2024-11-08 13:00:00,1511.0679,True,1.8495,Latency Anomaly
2024-11-08 13:05:00,1511.0969,True,1.8495,Latency Anomaly
2024-11-08 13:10:00,1511.1095,True,1.8495,Latency Anomaly
2024-11-08 13:15:00,1511.1364,True,1.8495,Latency Anomaly
2024-11-08 13:20:00,1511.155,True,1.8495,Latency Anomaly
2024-11-08 13:25:00,1511.2169,True,1.8495,Latency Anomaly
2024-11-08 13:30:00,1511.2463,True,1.8495,Latency Anomaly
2024-11-08 13:35:00,1511.2849,True,1.8495,Latency Anomaly
2024-11-08 13:40:00,1511.2994,True,1.8495,Latency Anomaly
2024-11-08 13:45:00,1511.3387,True,1.8495,Latency Anomaly
2024-11-08 13:50:00,1511.3617,True,1.8495,Latency Anomaly
2024-11-08 13:55:00,1511.3771,True,1.8495,Latency Anomaly
2024-11-08 14:00:00,1480.224,True,1.8495,Latency Anomaly
2024-11-08 14:05:00,1448.1223,True,1.8495,Latency Anomaly
2024-11-08 14:10:00,1416.9923,True,1.8495,Latency Anomaly
2024-11-08 14:15:00,1383.7897,True,1.8495,Latency Anomaly
2024-11-08 14:20:00,1353.1267,True,1.8495,Latency Anomaly
2024-11-08 14:25:00,1320.9436,True,1.8495,Latency Anomaly
2024-11-08 14:30:00,1288.8705,True,1.8495,Latency Anomaly
2024-11-08 14:35:00,1257.3925,True,1.8495,Latency Anomaly
2024-11-08 14:40:00,1226.2283,True,1.8495,Latency Anomaly
2024-11-08 14:45:00,1193.5258,True,1.8495,Latency Anomaly
2024-11-08 14:50:00,1162.789,True,1.8495,Latency Anomaly
2024-11-08 14:55:00,1130.4104,True,1.8495,Latency Anomaly
2024-11-08 15:00:00,1099.3376,True,1.8495,Latency Anomaly
2024-11-08 15:05:00,1069.5482,True,1.8495,Latency Anomaly
2024-11-08 15:10:00,1036.8634,True,1.8495,Latency Anomaly
2024-11-08 15:15:00,1006.0576,True,1.8495,Latency Anomaly
2024-11-08 15:20:00,975.17993,True,1.8495,Latency Anomaly
2024-11-08 15:25:00,943.9414,True,1.8495,Latency Anomaly
2024-11-08 15:30:00,912.25507,True,1.8495,Latency Anomaly
2024-11-08 15:35:00,880.4578,True,1.8495,Latency Anomaly
2024-11-08 15:40:00,848.73193,True,1.8495,Latency Anomaly
2024-11-08 15:45:00,817.8635,True,1.8495,Latency Anomaly
2024-11-08 15:50:00,785.30383,True,1.8495,Latency Anomaly
2024-11-08 15:55:00,754.242,True,1.8495,Latency Anomaly
2024-11-08 16:00:00,722.2993,True,1.8495,Latency Anomaly
2024-11-08 16:05:00,688.9877,True,1.8495,Latency Anomaly
2024-11-08 16:10:00,657.5949,True,1.8495,Latency Anomaly
2024-11-08 16:15:00,626.83844,True,1.8495,Latency Anomaly
2024-11-08 16:20:00,595.79504,True,1.8495,Latency Anomaly
2024-11-08 16:25:00,564.6339,True,1.8495,Latency Anomaly
2024-11-08 16:30:00,534.2878,True,1.8495,Latency Anomaly
2024-11-08 16:35:00,504.0795,True,1.8495,Latency Anomaly
2024-11-08 16:40:00,473.5496,True,1.8495,Latency Anomaly
2024-11-08 16:45:00,443.1965,True,1.8495,Latency Anomaly
2024-11-08 16:50:00,410.91388,True,1.8495,Latency Anomaly
2024-11-08 16:55:00,378.55795,True,1.8495,Latency Anomaly
2024-11-08 17:00:00,346.5565,True,1.8495,Latency Anomaly
2024-11-08 17:05:00,315.38382,True,1.8495,Latency Anomaly
2024-11-08 17:10:00,283.36673,True,1.8495,Latency Anomaly
2024-11-08 17:15:00,252.0461,True,1.8495,Latency Anomaly
2024-11-08 17:20:00,220.96048,True,1.8495,Latency Anomaly
2024-11-08 17:25:00,189.19647,True,1.8495,Latency Anomaly
2024-11-08 17:30:00,157.11409,True,1.8495,Latency Anomaly
2024-11-08 17:35:00,126.64382,True,1.8495,Latency Anomaly
2024-11-08 17:40:00,96.70779,True,1.8495,Latency Anomaly
2024-11-08 17:45:00,63.992023,True,1.8495,Latency Anomaly
2024-11-08 17:50:00,32.333298,True,1.8495,Latency Anomaly
2024-11-08 17:55:00,2.0090132,True,1.8495,Latency Anomaly
2024-11-08 18:00:00,1.9942119,True,1.8495,Latency Anomaly
2024-11-08 18:05:00,1.9816437,True,1.8495,Latency Anomaly
2024-11-08 18:10:00,1.9793816,True,1.8495,Latency Anomaly
2024-11-08 18:15:00,1.9737962,True,1.8495,Latency Anomaly
2024-11-08 18:20:00,1.9578836,True,1.8495,Latency Anomaly
2024-11-08 18:25:00,1.9485639,True,1.8495,Latency Anomaly
2024-11-08 18:30:00,1.9435567,True,1.8495,Latency Anomaly
2024-11-08 18:35:00,1.9335234,True,1.8495,Latency Anomaly
2024-11-08 18:40:00,1.929294,True,1.8495,Latency Anomaly
2024-11-08 18:45:00,1.9155198,True,1.8495,Latency Anomaly
2024-11-08 18:50:00,1.9077389,True,1.8495,Latency Anomaly
2024-11-08 18:55:00,1.8953934,True,1.8495,Latency Anomaly
2024-11-08 19:00:00,1.8768628,True,1.8495,Latency Anomaly
2024-11-08 19:05:00,1.8709245,True,1.8495,Latency Anomaly
2024-11-08 19:10:00,1.8596182,True,1.8495,Latency Anomaly
2024-11-09 02:15:00,1.8788139,True,1.8495,Latency Anomaly
2024-11-09 02:20:00,1.9150788,True,1.8495,Latency Anomaly
2024-11-09 02:25:00,1.9418969,True,1.8495,Latency Anomaly
2024-11-09 02:30:00,2.0241902,True,1.8495,Latency Anomaly
2024-11-09 02:35:00,2.0561686,True,1.8495,Latency Anomaly
2024-11-09 02:40:00,2.086338,True,1.8495,Latency Anomaly
2024-11-09 02:45:00,2.1055236,True,1.8495,Latency Anomaly
2024-11-09 02:50:00,2.133408,True,1.8495,Latency Anomaly
2024-11-09 02:55:00,2.206057,True,1.8495,Latency Anomaly
2024-11-09 03:00:00,2.2337584,True,1.8495,Latency Anomaly
2024-11-09 03:05:00,2.254172,True,1.8495,Latency Anomaly
2024-11-09 03:10:00,2.318653,True,1.8495,Latency Anomaly
2024-11-09 03:15:00,2.345722,True,1.8495,Latency Anomaly
2024-11-09 03:20:00,2.3987236,True,1.8495,Latency Anomaly
2024-11-09 03:25:00,2.4361837,True,1.8495,Latency Anomaly
2024-11-09 03:30:00,2.451407,True,1.8495,Latency Anomaly
2024-11-09 03:35:00,2.5235655,True,1.8495,Latency Anomaly
2024-11-09 03:40:00,2.5422347,True,1.8495,Latency Anomaly
2024-11-09 03:45:00,2.5815566,True,1.8495,Latency Anomaly
2024-11-09 03:50:00,2.6141906,True,1.8495,Latency Anomaly
2024-11-09 03:55:00,2.640163,True,1.8495,Latency Anomaly
2024-11-09 04:00:00,2.644017,True,1.8495,Latency Anomaly
2024-11-09 04:05:00,2.6646676,True,1.8495,Latency Anomaly
2024-11-09 04:10:00,2.6835845,True,1.8495,Latency Anomaly
2024-11-09 04:15:00,2.6854231,True,1.8495,Latency Anomaly
2024-11-09 04:20:00,2.6975756,True,1.8495,Latency Anomaly
2024-11-09 04:25:00,2.708863,True,1.8495,Latency Anomaly
2024-11-09 04:30:00,2.7241411,True,1.8495,Latency Anomaly
2024-11-09 04:35:00,2.7482386,True,1.8495,Latency Anomaly
2024-11-09 04:40:00,2.7703888,True,1.8495,Latency Anomaly
2024-11-09 04:45:00,2.7885864,True,1.8495,Latency Anomaly
2024-11-09 04:50:00,2.79972,True,1.8495,Latency Anomaly
2024-11-09 04:55:00,2.8057382,True,1.8495,Latency Anomaly
2024-11-09 05:00:00,2.8142464,True,1.8495,Latency Anomaly
2024-11-09 05:05:00,2.8093655,True,1.8495,Latency Anomaly
2024-11-09 05:10:00,2.8143094,True,1.8495,Latency Anomaly
2024-11-09 05:15:00,2.8233256,True,1.8495,Latency Anomaly
2024-11-09 05:20:00,2.8329902,True,1.8495,Latency Anomaly
2024-11-09 05:25:00,2.8128164,True,1.8495,Latency Anomaly
2024-11-09 05:30:00,2.805635,True,1.8495,Latency Anomaly
2024-11-09 05:35:00,2.8097568,True,1.8495,Latency Anomaly
2024-11-09 05:40:00,2.8094895,True,1.8495,Latency Anomaly
2024-11-09 05:45:00,2.8087337,True,1.8495,Latency Anomaly
2024-11-09 05:50:00,2.8062885,True,1.8495,Latency Anomaly
2024-11-09 05:55:00,2.8038545,True,1.8495,Latency Anomaly
2024-11-09 06:00:00,2.7974792,True,1.8495,Latency Anomaly
2024-11-09 06:05:00,2.8014476,True,1.8495,Latency Anomaly
2024-11-09 06:10:00,2.7960405,True,1.8495,Latency Anomaly
2024-11-09 06:15:00,2.7673528,True,1.8495,Latency Anomaly
2024-11-09 06:20:00,2.7516139,True,1.8495,Latency Anomaly
2024-11-09 06:25:00,2.7417698,True,1.8495,Latency Anomaly
2024-11-09 06:30:00,2.7400923,True,1.8495,Latency Anomaly
2024-11-09 06:35:00,2.7339067,True,1.8495,Latency Anomaly
2024-11-09 06:40:00,2.70381,True,1.8495,Latency Anomaly
2024-11-09 06:45:00,2.701389,True,1.8495,Latency Anomaly
2024-11-09 06:50:00,2.6993039,True,1.8495,Latency Anomaly
2024-11-09 06:55:00,2.6806977,True,1.8495,Latency Anomaly
2024-11-09 07:00:00,2.6611226,True,1.8495,Latency Anomaly
2024-11-09 07:05:00,2.651227,True,1.8495,Latency Anomaly
2024-11-09 07:10:00,2.6362262,True,1.8495,Latency Anomaly
2024-11-09 07:15:00,2.632397,True,1.8495,Latency Anomaly
2024-11-09 07:20:00,2.5782733,True,1.8495,Latency Anomaly
2024-11-09 07:25:00,2.5524704,True,1.8495,Latency Anomaly
2024-11-09 07:30:00,2.451714,True,1.8495,Latency Anomaly
2024-11-09 07:35:00,2.4420068,True,1.8495,Latency Anomaly
2024-11-09 07:40:00,2.427955,True,1.8495,Latency Anomaly
2024-11-09 07:45:00,2.3928292,True,1.8495,Latency Anomaly
2024-11-09 07:50:00,2.375467,True,1.8495,Latency Anomaly
2024-11-09 07:55:00,2.3543181,True,1.8495,Latency Anomaly
2024-11-09 08:00:00,2.323459,True,1.8495,Latency Anomaly
2024-11-09 08:05:00,2.3039012,True,1.8495,Latency Anomaly
2024-11-09 08:10:00,2.2194278,True,1.8495,Latency Anomaly
2024-11-09 08:15:00,2.1845305,True,1.8495,Latency Anomaly
2024-11-09 08:20:00,2.1544714,True,1.8495,Latency Anomaly
2024-11-09 08:25:00,2.1271875,True,1.8495,Latency Anomaly
2024-11-09 08:30:00,2.043489,True,1.8495,Latency Anomaly
2024-11-09 08:35:00,2.0151684,True,1.8495,Latency Anomaly
2024-11-09 08:40:00,1.9829898,True,1.8495,Latency Anomaly
2024-11-09 08:45:00,1.9650332,True,1.8495,Latency Anomaly
2024-11-09 08:50:00,1.9345673,True,1.8495,Latency Anomaly
2024-11-09 08:55:00,1.8627417,True,1.8495,Latency Anomaly
2024-11-10 01:20:00,1.8660699,True,1.8495,Latency Anomaly
2024-11-10 01:25:00,1.951075,True,1.8495,Latency Anomaly
2024-11-10 01:30:00,1.9644856,True,1.8495,Latency Anomaly
2024-11-10 01:35:00,1.9686176,True,1.8495,Latency Anomaly
2024-11-10 01:40:00,1.9938825,True,1.8495,Latency Anomaly
2024-11-10 01:45:00,2.0253303,True,1.8495,Latency Anomaly
2024-11-10 01:50:00,2.0464935,True,1.8495,Latency Anomaly
2024-11-10 01:55:00,2.0907083,True,1.8495,Latency Anomaly
2024-11-10 02:00:00,2.121636,True,1.8495,Latency Anomaly
2024-11-10 02:05:00,2.1768682,True,1.8495,Latency Anomaly
2024-11-10 02:10:00,2.1974456,True,1.8495,Latency Anomaly
2024-11-10 02:15:00,2.246642,True,1.8495,Latency Anomaly
2024-11-10 02:20:00,2.2920048,True,1.8495,Latency Anomaly
2024-11-10 02:25:00,2.304189,True,1.8495,Latency Anomaly
2024-11-10 02:30:00,2.3234155,True,1.8495,Latency Anomaly
2024-11-10 02:35:00,2.3449917,True,1.8495,Latency Anomaly
2024-11-10 02:40:00,2.4162886,True,1.8495,Latency Anomaly
2024-11-10 02:45:00,2.4428957,True,1.8495,Latency Anomaly
2024-11-10 02:50:00,2.4501686,True,1.8495,Latency Anomaly
2024-11-10 02:55:00,2.4657145,True,1.8495,Latency Anomaly
2024-11-10 03:00:00,2.5001135,True,1.8495,Latency Anomaly
2024-11-10 03:05:00,2.5127733,True,1.8495,Latency Anomaly
2024-11-10 03:10:00,2.533602,True,1.8495,Latency Anomaly
2024-11-10 03:15:00,2.5632043,True,1.8495,Latency Anomaly
2024-11-10 03:20:00,2.587447,True,1.8495,Latency Anomaly
2024-11-10 03:25:00,2.5971212,True,1.8495,Latency Anomaly
2024-11-10 03:30:00,2.6411583,True,1.8495,Latency Anomaly
2024-11-10 03:35:00,2.6583452,True,1.8495,Latency Anomaly
2024-11-10 03:40:00,2.7435038,True,1.8495,Latency Anomaly
2024-11-10 03:45:00,2.780322,True,1.8495,Latency Anomaly
2024-11-10 03:50:00,2.8015862,True,1.8495,Latency Anomaly
2024-11-10 03:55:00,2.8184116,True,1.8495,Latency Anomaly
2024-11-10 04:00:00,2.8375773,True,1.8495,Latency Anomaly
2024-11-10 04:05:00,2.8747847,True,1.8495,Latency Anomaly
2024-11-10 04:10:00,2.8996322,True,1.8495,Latency Anomaly
2024-11-10 04:15:00,2.8985987,True,1.8495,Latency Anomaly
2024-11-10 04:20:00,2.8987558,True,1.8495,Latency Anomaly
2024-11-10 04:25:00,2.906233,True,1.8495,Latency Anomaly
2024-11-10 04:30:00,2.9256024,True,1.8495,Latency Anomaly
2024-11-10 04:35:00,2.9749346,True,1.8495,Latency Anomaly
2024-11-10 04:40:00,2.9733825,True,1.8495,Latency Anomaly
2024-11-10 04:45:00,2.9746351,True,1.8495,Latency Anomaly
2024-11-10 04:50:00,2.994408,True,1.8495,Latency Anomaly
2024-11-10 04:55:00,3.0008104,True,1.8495,Latency Anomaly
2024-11-10 05:00:00,2.9852467,True,1.8495,Latency Anomaly
2024-11-10 05:05:00,2.9838703,True,1.8495,Latency Anomaly
2024-11-10 05:10:00,2.983577,True,1.8495,Latency Anomaly
2024-11-10 05:15:00,2.9873257,True,1.8495,Latency Anomaly
2024-11-10 05:20:00,2.9673104,True,1.8495,Latency Anomaly
2024-11-10 05:25:00,2.9571764,True,1.8495,Latency Anomaly
2024-11-10 05:30:00,2.9513764,True,1.8495,Latency Anomaly
2024-11-10 05:35:00,2.9626894,True,1.8495,Latency Anomaly
2024-11-10 05:40:00,2.9554007,True,1.8495,Latency Anomaly
2024-11-10 05:45:00,2.9565217,True,1.8495,Latency Anomaly
2024-11-10 05:50:00,2.9215434,True,1.8495,Latency Anomaly
2024-11-10 05:55:00,2.908711,True,1.8495,Latency Anomaly
2024-11-10 06:00:00,2.8785105,True,1.8495,Latency Anomaly
2024-11-10 06:05:00,2.8505006,True,1.8495,Latency Anomaly
2024-11-10 06:10:00,2.8329747,True,1.8495,Latency Anomaly
2024-11-10 06:15:00,2.7848914,True,1.8495,Latency Anomaly
2024-11-10 06:20:00,2.7691367,True,1.8495,Latency Anomaly
2024-11-10 06:25:00,2.772508,True,1.8495,Latency Anomaly
2024-11-10 06:30:00,2.7583075,True,1.8495,Latency Anomaly
2024-11-10 06:35:00,2.7410493,True,1.8495,Latency Anomaly
2024-11-10 06:40:00,2.7298386,True,1.8495,Latency Anomaly
2024-11-10 06:45:00,2.7238426,True,1.8495,Latency Anomaly
2024-11-10 06:50:00,2.7263913,True,1.8495,Latency Anomaly
2024-11-10 06:55:00,2.6892014,True,1.8495,Latency Anomaly
2024-11-10 07:00:00,2.686608,True,1.8495,Latency Anomaly
2024-11-10 07:05:00,2.67196,True,1.8495,Latency Anomaly
2024-11-10 07:10:00,2.6297379,True,1.8495,Latency Anomaly
2024-11-10 07:15:00,2.614254,True,1.8495,Latency Anomaly
2024-11-10 07:20:00,2.536519,True,1.8495,Latency Anomaly
2024-11-10 07:25:00,2.4570637,True,1.8495,Latency Anomaly
2024-11-10 07:30:00,2.4488358,True,1.8495,Latency Anomaly
2024-11-10 07:35:00,2.4297366,True,1.8495,Latency Anomaly
2024-11-10 07:40:00,2.405445,True,1.8495,Latency Anomaly
2024-11-10 07:45:00,2.3747501,True,1.8495,Latency Anomaly
2024-11-10 07:50:00,2.363775,True,1.8495,Latency Anomaly
2024-11-10 07:55:00,2.3190215,True,1.8495,Latency Anomaly
2024-11-10 08:00:00,2.2929447,True,1.8495,Latency Anomaly
2024-11-10 08:05:00,2.2384105,True,1.8495,Latency Anomaly
2024-11-10 08:10:00,2.222423,True,1.8495,Latency Anomaly
2024-11-10 08:15:00,2.1723335,True,1.8495,Latency Anomaly
2024-11-10 08:20:00,2.127083,True,1.8495,Latency Anomaly
2024-11-10 08:25:00,2.1103,True,1.8495,Latency Anomaly
2024-11-10 08:30:00,2.0838566,True,1.8495,Latency Anomaly
2024-11-10 08:35:00,2.0694177,True,1.8495,Latency Anomaly
2024-11-10 08:40:00,1.9948637,True,1.8495,Latency Anomaly
2024-11-10 08:45:00,1.9747937,True,1.8495,Latency Anomaly
2024-11-10 08:50:00,1.9653975,True,1.8495,Latency Anomaly
2024-11-10 08:55:00,1.9428349,True,1.8495,Latency Anomaly
2024-11-10 09:00:00,1.9025193,True,1.8495,Latency Anomaly
2024-11-10 09:05:00,1.8726531,True,1.8495,Latency Anomaly
2024-11-10 09:10:00,1.8558025,True,1.8495,Latency Anomaly
2024-11-11 02:20:00,1.8498745,True,1.8495,Latency Anomaly
2024-11-11 02:25:00,1.8740567,True,1.8495,Latency Anomaly
2024-11-11 02:30:00,1.9423338,True,1.8495,Latency Anomaly
2024-11-11 02:35:00,1.965203,True,1.8495,Latency Anomaly
2024-11-11 02:40:00,1.993081,True,1.8495,Latency Anomaly
2024-11-11 02:45:00,2.027557,True,1.8495,Latency Anomaly
2024-11-11 02:50:00,2.0587943,True,1.8495,Latency Anomaly
2024-11-11 02:55:00,2.075749,True,1.8495,Latency Anomaly
2024-11-11 03:00:00,2.1255736,True,1.8495,Latency Anomaly
2024-11-11 03:05:00,2.1253252,True,1.8495,Latency Anomaly
2024-11-11 03:10:00,2.145938,True,1.8495,Latency Anomaly
2024-11-11 03:15:00,2.1576848,True,1.8495,Latency Anomaly
2024-11-11 03:20:00,2.1844406,True,1.8495,Latency Anomaly
2024-11-11 03:25:00,2.2066052,True,1.8495,Latency Anomaly
2024-11-11 03:30:00,2.227288,True,1.8495,Latency Anomaly
2024-11-11 03:35:00,2.251801,True,1.8495,Latency Anomaly
2024-11-11 03:40:00,2.2758083,True,1.8495,Latency Anomaly
2024-11-11 03:45:00,2.2815797,True,1.8495,Latency Anomaly
2024-11-11 03:50:00,2.302,True,1.8495,Latency Anomaly
2024-11-11 03:55:00,2.335138,True,1.8495,Latency Anomaly
2024-11-11 04:00:00,2.340303,True,1.8495,Latency Anomaly
2024-11-11 04:05:00,2.3557727,True,1.8495,Latency Anomaly
2024-11-11 04:10:00,2.3628187,True,1.8495,Latency Anomaly
2024-11-11 04:15:00,2.3605745,True,1.8495,Latency Anomaly
2024-11-11 04:20:00,2.368221,True,1.8495,Latency Anomaly
2024-11-11 04:25:00,2.365916,True,1.8495,Latency Anomaly
2024-11-11 04:30:00,2.3700829,True,1.8495,Latency Anomaly
2024-11-11 04:35:00,2.3691282,True,1.8495,Latency Anomaly
2024-11-11 04:40:00,2.3767962,True,1.8495,Latency Anomaly
2024-11-11 04:45:00,2.392159,True,1.8495,Latency Anomaly
2024-11-11 04:50:00,2.4086118,True,1.8495,Latency Anomaly
2024-11-11 04:55:00,2.4063637,True,1.8495,Latency Anomaly
2024-11-11 05:00:00,2.4006684,True,1.8495,Latency Anomaly
2024-11-11 05:05:00,2.4002557,True,1.8495,Latency Anomaly
2024-11-11 05:10:00,2.3954587,True,1.8495,Latency Anomaly
2024-11-11 05:15:00,2.3887177,True,1.8495,Latency Anomaly
2024-11-11 05:20:00,2.3789625,True,1.8495,Latency Anomaly
2024-11-11 05:25:00,2.359936,True,1.8495,Latency Anomaly
2024-11-11 05:30:00,2.360647,True,1.8495,Latency Anomaly
2024-11-11 05:35:00,2.3486097,True,1.8495,Latency Anomaly
2024-11-11 05:40:00,2.3331802,True,1.8495,Latency Anomaly
2024-11-11 05:45:00,2.3222375,True,1.8495,Latency Anomaly
2024-11-11 05:50:00,2.3200326,True,1.8495,Latency Anomaly
2024-11-11 05:55:00,2.3124824,True,1.8495,Latency Anomaly
2024-11-11 06:00:00,2.3023453,True,1.8495,Latency Anomaly
2024-11-11 06:05:00,2.2963831,True,1.8495,Latency Anomaly
2024-11-11 06:10:00,2.2938726,True,1.8495,Latency Anomaly
2024-11-11 06:15:00,2.2719526,True,1.8495,Latency Anomaly
2024-11-11 06:20:00,2.2815044,True,1.8495,Latency Anomaly
2024-11-11 06:25:00,2.2583613,True,1.8495,Latency Anomaly
2024-11-11 06:30:00,2.2496414,True,1.8495,Latency Anomaly
2024-11-11 06:35:00,2.2350833,True,1.8495,Latency Anomaly
2024-11-11 06:40:00,2.2284553,True,1.8495,Latency Anomaly
2024-11-11 06:45:00,2.2246335,True,1.8495,Latency Anomaly
2024-11-11 06:50:00,2.2153723,True,1.8495,Latency Anomaly
2024-11-11 06:55:00,2.206398,True,1.8495,Latency Anomaly
2024-11-11 07:00:00,2.1676655,True,1.8495,Latency Anomaly
2024-11-11 07:05:00,2.1643336,True,1.8495,Latency Anomaly
2024-11-11 07:10:00,2.1486309,True,1.8495,Latency Anomaly
2024-11-11 07:15:00,2.1342576,True,1.8495,Latency Anomaly
2024-11-11 07:20:00,2.1158123,True,1.8495,Latency Anomaly
2024-11-11 07:25:00,2.1069803,True,1.8495,Latency Anomaly
2024-11-11 07:30:00,2.0636213,True,1.8495,Latency Anomaly
2024-11-11 07:35:00,2.0452313,True,1.8495,Latency Anomaly
2024-11-11 07:40:00,2.0110025,True,1.8495,Latency Anomaly
2024-11-11 07:45:00,2.0036714,True,1.8495,Latency Anomaly
2024-11-11 07:50:00,1.9911393,True,1.8495,Latency Anomaly
2024-11-11 07:55:00,1.9748057,True,1.8495,Latency Anomaly
2024-11-11 08:00:00,1.9423,True,1.8495,Latency Anomaly
2024-11-11 08:05:00,1.9316709,True,1.8495,Latency Anomaly
2024-11-11 08:10:00,1.9423767,True,1.8495,Latency Anomaly
2024-11-11 08:15:00,1.8671639,True,1.8495,Latency Anomaly
2024-11-11 15:40:00,1.8517363,True,1.8495,Latency Anomaly
2024-11-11 15:45:00,1.86358,True,1.8495,Latency Anomaly
2024-11-11 15:50:00,1.8867382,True,1.8495,Latency Anomaly
2024-11-11 15:55:00,1.9025193,True,1.8495,Latency Anomaly
2024-11-11 16:00:00,1.906431,True,1.8495,Latency Anomaly
2024-11-11 16:05:00,1.9238693,True,1.8495,Latency Anomaly
2024-11-11 16:10:00,1.9337358,True,1.8495,Latency Anomaly
2024-11-11 16:15:00,1.9375099,True,1.8495,Latency Anomaly
2024-11-11 16:20:00,1.9524748,True,1.8495,Latency Anomaly
2024-11-11 16:25:00,1.9595044,True,1.8495,Latency Anomaly
2024-11-11 16:30:00,1.9702324,True,1.8495,Latency Anomaly
2024-11-11 16:35:00,1.9809425,True,1.8495,Latency Anomaly
2024-11-11 16:40:00,1.9929447,True,1.8495,Latency Anomaly
2024-11-11 16:45:00,2.0002365,True,1.8495,Latency Anomaly
2024-11-11 16:50:00,2.0081291,True,1.8495,Latency Anomaly
2024-11-11 16:55:00,2.0114236,True,1.8495,Latency Anomaly
2024-11-11 17:00:00,2.0136337,True,1.8495,Latency Anomaly
2024-11-11 17:05:00,2.0104756,True,1.8495,Latency Anomaly
2024-11-11 17:10:00,2.01126,True,1.8495,Latency Anomaly
2024-11-11 17:15:00,2.014268,True,1.8495,Latency Anomaly
2024-11-11 17:20:00,2.0214374,True,1.8495,Latency Anomaly
2024-11-11 17:25:00,2.0277135,True,1.8495,Latency Anomaly
2024-11-11 17:30:00,2.0311701,True,1.8495,Latency Anomaly
2024-11-11 17:35:00,2.0345955,True,1.8495,Latency Anomaly
2024-11-11 17:40:00,2.041407,True,1.8495,Latency Anomaly
2024-11-11 17:45:00,2.0453963,True,1.8495,Latency Anomaly
2024-11-11 17:50:00,2.0481222,True,1.8495,Latency Anomaly
2024-11-11 17:55:00,2.0411234,True,1.8495,Latency Anomaly
2024-11-11 18:00:00,2.0310752,True,1.8495,Latency Anomaly
2024-11-11 18:05:00,2.0204442,True,1.8495,Latency Anomaly
2024-11-11 18:10:00,2.0138147,True,1.8495,Latency Anomaly
2024-11-11 18:15:00,2.0065618,True,1.8495,Latency Anomaly
2024-11-11 18:20:00,1.9909948,True,1.8495,Latency Anomaly
2024-11-11 18:25:00,1.9761806,True,1.8495,Latency Anomaly
2024-11-11 18:30:00,1.963796,True,1.8495,Latency Anomaly
2024-11-11 18:35:00,1.9615653,True,1.8495,Latency Anomaly
2024-11-11 18:40:00,1.9501818,True,1.8495,Latency Anomaly
2024-11-11 18:45:00,1.9442623,True,1.8495,Latency Anomaly
2024-11-11 18:50:00,1.9339592,True,1.8495,Latency Anomaly
2024-11-11 18:55:00,1.92924,True,1.8495,Latency Anomaly
2024-11-11 19:00:00,1.9136385,True,1.8495,Latency Anomaly
2024-11-11 19:05:00,1.9009064,True,1.8495,Latency Anomaly
2024-11-11 19:10:00,1.8917428,True,1.8495,Latency Anomaly
2024-11-11 19:15:00,1.8778987,True,1.8495,Latency Anomaly
2024-11-11 19:20:00,1.8648639,True,1.8495,Latency Anomaly
2024-11-12 02:45:00,1.8677567,True,1.8495,Latency Anomaly
2024-11-12 02:50:00,1.8877734,True,1.8495,Latency Anomaly
2024-11-12 02:55:00,1.9195989,True,1.8495,Latency Anomaly
2024-11-12 03:00:00,1.9304324,True,1.8495,Latency Anomaly
2024-11-12 03:05:00,1.9585843,True,1.8495,Latency Anomaly
2024-11-12 03:10:00,1.9987398,True,1.8495,Latency Anomaly
2024-11-12 03:15:00,2.0077655,True,1.8495,Latency Anomaly
2024-11-12 03:20:00,2.0726714,True,1.8495,Latency Anomaly
2024-11-12 03:25:00,2.0847306,True,1.8495,Latency Anomaly
2024-11-12 03:30:00,2.1115744,True,1.8495,Latency Anomaly
2024-11-12 03:35:00,2.1274588,True,1.8495,Latency Anomaly
2024-11-12 03:40:00,2.1267238,True,1.8495,Latency Anomaly
2024-11-12 03:45:00,2.149852,True,1.8495,Latency Anomaly
2024-11-12 03:50:00,2.1831748,True,1.8495,Latency Anomaly
2024-11-12 03:55:00,2.2067595,True,1.8495,Latency Anomaly
2024-11-12 04:00:00,2.213803,True,1.8495,Latency Anomaly
2024-11-12 04:05:00,2.2211568,True,1.8495,Latency Anomaly
2024-11-12 04:10:00,2.2248769,True,1.8495,Latency Anomaly
2024-11-12 04:15:00,2.2226605,True,1.8495,Latency Anomaly
2024-11-12 04:20:00,2.2311945,True,1.8495,Latency Anomaly
2024-11-12 04:25:00,2.2450876,True,1.8495,Latency Anomaly
2024-11-12 04:30:00,2.2552972,True,1.8495,Latency Anomaly
2024-11-12 04:35:00,2.2809303,True,1.8495,Latency Anomaly
2024-11-12 04:40:00,2.2973788,True,1.8495,Latency Anomaly
2024-11-12 04:45:00,2.303927,True,1.8495,Latency Anomaly
2024-11-12 04:50:00,2.3034008,True,1.8495,Latency Anomaly
2024-11-12 04:55:00,2.2987385,True,1.8495,Latency Anomaly
2024-11-12 05:00:00,2.2915432,True,1.8495,Latency Anomaly
2024-11-12 05:05:00,2.286786,True,1.8495,Latency Anomaly
2024-11-12 05:10:00,2.2880032,True,1.8495,Latency Anomaly
2024-11-12 05:15:00,2.2887945,True,1.8495,Latency Anomaly
2024-11-12 05:20:00,2.2883208,True,1.8495,Latency Anomaly
2024-11-12 05:25:00,2.3065875,True,1.8495,Latency Anomaly
2024-11-12 05:30:00,2.3102465,True,1.8495,Latency Anomaly
2024-11-12 05:35:00,2.311655,True,1.8495,Latency Anomaly
2024-11-12 05:40:00,2.3217962,True,1.8495,Latency Anomaly
2024-11-12 05:45:00,2.320949,True,1.8495,Latency Anomaly
2024-11-12 05:50:00,2.3098788,True,1.8495,Latency Anomaly
2024-11-12 05:55:00,2.3140965,True,1.8495,Latency Anomaly
2024-11-12 06:00:00,2.295669,True,1.8495,Latency Anomaly
2024-11-12 06:05:00,2.2713604,True,1.8495,Latency Anomaly
2024-11-12 06:10:00,2.2634826,True,1.8495,Latency Anomaly
2024-11-12 06:15:00,2.2556674,True,1.8495,Latency Anomaly
2024-11-12 06:20:00,2.2509398,True,1.8495,Latency Anomaly
2024-11-12 06:25:00,2.2452352,True,1.8495,Latency Anomaly
2024-11-12 06:30:00,2.2418551,True,1.8495,Latency Anomaly
2024-11-12 06:35:00,2.2152302,True,1.8495,Latency Anomaly
2024-11-12 06:40:00,2.214463,True,1.8495,Latency Anomaly
2024-11-12 06:45:00,2.2136743,True,1.8495,Latency Anomaly
2024-11-12 06:50:00,2.1999273,True,1.8495,Latency Anomaly
2024-11-12 06:55:00,2.1931121,True,1.8495,Latency Anomaly
2024-11-12 07:00:00,2.1858277,True,1.8495,Latency Anomaly
2024-11-12 07:05:00,2.1672482,True,1.8495,Latency Anomaly
2024-11-12 07:10:00,2.141077,True,1.8495,Latency Anomaly
2024-11-12 07:15:00,2.1185994,True,1.8495,Latency Anomaly
2024-11-12 07:20:00,2.1074994,True,1.8495,Latency Anomaly
2024-11-12 07:25:00,2.0483413,True,1.8495,Latency Anomaly
2024-11-12 07:30:00,2.0129302,True,1.8495,Latency Anomaly
2024-11-12 07:35:00,2.00879,True,1.8495,Latency Anomaly
2024-11-12 07:40:00,1.9852853,True,1.8495,Latency Anomaly
2024-11-12 07:45:00,1.9619111,True,1.8495,Latency Anomaly
2024-11-12 07:50:00,1.9648019,True,1.8495,Latency Anomaly
2024-11-12 07:55:00,1.9494479,True,1.8495,Latency Anomaly
2024-11-12 08:00:00,1.9182354,True,1.8495,Latency Anomaly
2024-11-12 08:05:00,1.9114598,True,1.8495,Latency Anomaly
2024-11-12 08:10:00,1.8967054,True,1.8495,Latency Anomaly
2024-11-12 08:15:00,1.853453,True,1.8495,Latency Anomaly
2024-11-12 14:50:00,1.857912,True,1.8495,Latency Anomaly
2024-11-12 14:55:00,1.8712224,True,1.8495,Latency Anomaly
2024-11-12 15:00:00,1.880043,True,1.8495,Latency Anomaly
2024-11-12 15:05:00,1.8966781,True,1.8495,Latency Anomaly
2024-11-12 15:10:00,1.907908,True,1.8495,Latency Anomaly
2024-11-12 15:15:00,1.9211878,True,1.8495,Latency Anomaly
2024-11-12 15:20:00,1.9360685,True,1.8495,Latency Anomaly
2024-11-12 15:25:00,1.9384365,True,1.8495,Latency Anomaly
2024-11-12 15:30:00,1.9431481,True,1.8495,Latency Anomaly
2024-11-12 15:35:00,1.9533278,True,1.8495,Latency Anomaly
2024-11-12 15:40:00,1.9634721,True,1.8495,Latency Anomaly
2024-11-12 15:45:00,1.9765629,True,1.8495,Latency Anomaly
2024-11-12 15:50:00,1.9886234,True,1.8495,Latency Anomaly
2024-11-12 15:55:00,1.9973696,True,1.8495,Latency Anomaly
2024-11-12 16:00:00,2.0075393,True,1.8495,Latency Anomaly
2024-11-12 16:05:00,2.005964,True,1.8495,Latency Anomaly
2024-11-12 16:10:00,2.0142887,True,1.8495,Latency Anomaly
2024-11-12 16:15:00,2.022924,True,1.8495,Latency Anomaly
2024-11-12 16:20:00,2.0346453,True,1.8495,Latency Anomaly
2024-11-12 16:25:00,2.0488372,True,1.8495,Latency Anomaly
2024-11-12 16:30:00,2.0527878,True,1.8495,Latency Anomaly
2024-11-12 16:35:00,2.054878,True,1.8495,Latency Anomaly
2024-11-12 16:40:00,2.0618527,True,1.8495,Latency Anomaly
2024-11-12 16:45:00,2.0736992,True,1.8495,Latency Anomaly
2024-11-12 16:50:00,2.0693421,True,1.8495,Latency Anomaly
2024-11-12 16:55:00,2.074385,True,1.8495,Latency Anomaly
2024-11-12 17:00:00,2.0750368,True,1.8495,Latency Anomaly
2024-11-12 17:05:00,2.0749393,True,1.8495,Latency Anomaly
2024-11-12 17:10:00,2.0732286,True,1.8495,Latency Anomaly
2024-11-12 17:15:00,2.0722795,True,1.8495,Latency Anomaly
2024-11-12 17:20:00,2.0767653,True,1.8495,Latency Anomaly
2024-11-12 17:25:00,2.0792882,True,1.8495,Latency Anomaly
2024-11-12 17:30:00,2.080834,True,1.8495,Latency Anomaly
2024-11-12 17:35:00,2.0734596,True,1.8495,Latency Anomaly
2024-11-12 17:40:00,2.069481,True,1.8495,Latency Anomaly
2024-11-12 17:45:00,2.0629296,True,1.8495,Latency Anomaly
2024-11-12 17:50:00,2.0668812,True,1.8495,Latency Anomaly
2024-11-12 17:55:00,2.061474,True,1.8495,Latency Anomaly
2024-11-12 18:00:00,2.0500886,True,1.8495,Latency Anomaly
2024-11-12 18:05:00,2.04042,True,1.8495,Latency Anomaly
2024-11-12 18:10:00,2.0400028,True,1.8495,Latency Anomaly
2024-11-12 18:15:00,2.0332067,True,1.8495,Latency Anomaly
2024-11-12 18:20:00,2.0281012,True,1.8495,Latency Anomaly
2024-11-12 18:25:00,2.0271068,True,1.8495,Latency Anomaly
2024-11-12 18:30:00,2.0193255,True,1.8495,Latency Anomaly
2024-11-12 18:35:00,2.0166848,True,1.8495,Latency Anomaly
2024-11-12 18:40:00,2.0138297,True,1.8495,Latency Anomaly
2024-11-12 18:45:00,2.0085406,True,1.8495,Latency Anomaly
2024-11-12 18:50:00,2.0117521,True,1.8495,Latency Anomaly
2024-11-12 18:55:00,2.0062811,True,1.8495,Latency Anomaly
2024-11-12 19:00:00,1.9891849,True,1.8495,Latency Anomaly
2024-11-12 19:05:00,1.9764345,True,1.8495,Latency Anomaly
2024-11-12 19:10:00,1.9515595,True,1.8495,Latency Anomaly
2024-11-12 19:15:00,1.9286488,True,1.8495,Latency Anomaly
2024-11-12 19:20:00,1.9180292,True,1.8495,Latency Anomaly
2024-11-12 19:25:00,1.9092939,True,1.8495,Latency Anomaly
2024-11-12 19:30:00,1.8960588,True,1.8495,Latency Anomaly
2024-11-12 19:35:00,1.8773072,True,1.8495,Latency Anomaly
2024-11-12 19:40:00,1.8699799,True,1.8495,Latency Anomaly
2024-11-12 19:45:00,1.8564088,True,1.8495,Latency Anomaly
2024-11-13 02:50:00,1.8622307,True,1.8495,Latency Anomaly
2024-11-13 02:55:00,1.868028,True,1.8495,Latency Anomaly
2024-11-13 03:00:00,1.8858284,True,1.8495,Latency Anomaly
2024-11-13 03:05:00,1.9017502,True,1.8495,Latency Anomaly
2024-11-13 03:10:00,1.9013214,True,1.8495,Latency Anomaly
2024-11-13 03:15:00,1.9092782,True,1.8495,Latency Anomaly
2024-11-13 03:20:00,1.9246112,True,1.8495,Latency Anomaly
2024-11-13 03:25:00,1.9688573,True,1.8495,Latency Anomaly
2024-11-13 03:30:00,1.9780997,True,1.8495,Latency Anomaly
2024-11-13 03:35:00,1.9852937,True,1.8495,Latency Anomaly
2024-11-13 03:40:00,1.9961764,True,1.8495,Latency Anomaly
2024-11-13 03:45:00,2.013064,True,1.8495,Latency Anomaly
2024-11-13 03:50:00,2.0427716,True,1.8495,Latency Anomaly
2024-11-13 03:55:00,2.0606174,True,1.8495,Latency Anomaly
2024-11-13 04:00:00,2.058953,True,1.8495,Latency Anomaly
2024-11-13 04:05:00,2.0649815,True,1.8495,Latency Anomaly
2024-11-13 04:10:00,2.084202,True,1.8495,Latency Anomaly
2024-11-13 04:15:00,2.1044872,True,1.8495,Latency Anomaly
2024-11-13 04:20:00,2.1044235,True,1.8495,Latency Anomaly
2024-11-13 04:25:00,2.1107705,True,1.8495,Latency Anomaly
2024-11-13 04:30:00,2.125326,True,1.8495,Latency Anomaly
2024-11-13 04:35:00,2.1311238,True,1.8495,Latency Anomaly
2024-11-13 04:40:00,2.1244512,True,1.8495,Latency Anomaly
2024-11-13 04:45:00,2.1436934,True,1.8495,Latency Anomaly
2024-11-13 04:50:00,2.147533,True,1.8495,Latency Anomaly
2024-11-13 04:55:00,2.1574163,True,1.8495,Latency Anomaly
2024-11-13 05:00:00,2.1597178,True,1.8495,Latency Anomaly
2024-11-13 05:05:00,2.160793,True,1.8495,Latency Anomaly
2024-11-13 05:10:00,2.1582344,True,1.8495,Latency Anomaly
2024-11-13 05:15:00,2.1543875,True,1.8495,Latency Anomaly
2024-11-13 05:20:00,2.1513996,True,1.8495,Latency Anomaly
2024-11-13 05:25:00,2.1533468,True,1.8495,Latency Anomaly
2024-11-13 05:30:00,2.182585,True,1.8495,Latency Anomaly
2024-11-13 05:35:00,2.1804662,True,1.8495,Latency Anomaly
2024-11-13 05:40:00,2.1778378,True,1.8495,Latency Anomaly
2024-11-13 05:45:00,2.183797,True,1.8495,Latency Anomaly
2024-11-13 05:50:00,2.1789238,True,1.8495,Latency Anomaly
2024-11-13 05:55:00,2.203874,True,1.8495,Latency Anomaly
2024-11-13 06:00:00,2.1991675,True,1.8495,Latency Anomaly
2024-11-13 06:05:00,2.1808329,True,1.8495,Latency Anomaly
2024-11-13 06:10:00,2.1570525,True,1.8495,Latency Anomaly
2024-11-13 06:15:00,2.151092,True,1.8495,Latency Anomaly
2024-11-13 06:20:00,2.1285357,True,1.8495,Latency Anomaly
2024-11-13 06:25:00,2.1185906,True,1.8495,Latency Anomaly
2024-11-13 06:30:00,2.1074498,True,1.8495,Latency Anomaly
2024-11-13 06:35:00,2.0792453,True,1.8495,Latency Anomaly
2024-11-13 06:40:00,2.063345,True,1.8495,Latency Anomaly
2024-11-13 06:45:00,2.057285,True,1.8495,Latency Anomaly
2024-11-13 06:50:00,2.0603607,True,1.8495,Latency Anomaly
2024-11-13 06:55:00,2.051789,True,1.8495,Latency Anomaly
2024-11-13 07:00:00,1.9870371,True,1.8495,Latency Anomaly
2024-11-13 07:05:00,1.9805284,True,1.8495,Latency Anomaly
2024-11-13 07:10:00,1.9769152,True,1.8495,Latency Anomaly
2024-11-13 07:15:00,1.9792751,True,1.8495,Latency Anomaly
2024-11-13 07:20:00,1.960991,True,1.8495,Latency Anomaly
2024-11-13 07:25:00,1.9535042,True,1.8495,Latency Anomaly
2024-11-13 07:30:00,1.9329976,True,1.8495,Latency Anomaly
2024-11-13 07:35:00,1.8851445,True,1.8495,Latency Anomaly
2024-11-13 07:40:00,1.8888806,True,1.8495,Latency Anomaly
2024-11-13 07:45:00,1.8869957,True,1.8495,Latency Anomaly
2024-11-13 15:20:00,1.8672733,True,1.8495,Latency Anomaly
2024-11-13 15:25:00,1.8795534,True,1.8495,Latency Anomaly
2024-11-13 15:30:00,1.8940613,True,1.8495,Latency Anomaly
2024-11-13 15:35:00,1.9089235,True,1.8495,Latency Anomaly
2024-11-13 15:40:00,1.9188694,True,1.8495,Latency Anomaly
2024-11-13 15:45:00,1.9344473,True,1.8495,Latency Anomaly
2024-11-13 15:50:00,1.9433498,True,1.8495,Latency Anomaly
2024-11-13 15:55:00,1.9493651,True,1.8495,Latency Anomaly
2024-11-13 16:00:00,1.9667447,True,1.8495,Latency Anomaly
2024-11-13 16:05:00,1.9763824,True,1.8495,Latency Anomaly
2024-11-13 16:10:00,1.9924097,True,1.8495,Latency Anomaly
2024-11-13 16:15:00,1.9991558,True,1.8495,Latency Anomaly
2024-11-13 16:20:00,2.0120718,True,1.8495,Latency Anomaly
2024-11-13 16:25:00,2.0166557,True,1.8495,Latency Anomaly
2024-11-13 16:30:00,2.0243208,True,1.8495,Latency Anomaly
2024-11-13 16:35:00,2.0310411,True,1.8495,Latency Anomaly
2024-11-13 16:40:00,2.0330102,True,1.8495,Latency Anomaly
2024-11-13 16:45:00,2.04306,True,1.8495,Latency Anomaly
2024-11-13 16:50:00,2.050419,True,1.8495,Latency Anomaly
2024-11-13 16:55:00,2.053363,True,1.8495,Latency Anomaly
2024-11-13 17:00:00,2.064742,True,1.8495,Latency Anomaly
2024-11-13 17:05:00,2.067973,True,1.8495,Latency Anomaly
2024-11-13 17:10:00,2.0699914,True,1.8495,Latency Anomaly
2024-11-13 17:15:00,2.072772,True,1.8495,Latency Anomaly
2024-11-13 17:20:00,2.064235,True,1.8495,Latency Anomaly
2024-11-13 17:25:00,2.069666,True,1.8495,Latency Anomaly
2024-11-13 17:30:00,2.0744066,True,1.8495,Latency Anomaly
2024-11-13 17:35:00,2.0837362,True,1.8495,Latency Anomaly
2024-11-13 17:40:00,2.0814593,True,1.8495,Latency Anomaly
2024-11-13 17:45:00,2.0905118,True,1.8495,Latency Anomaly
2024-11-13 17:50:00,2.0925193,True,1.8495,Latency Anomaly
2024-11-13 17:55:00,2.07995,True,1.8495,Latency Anomaly
2024-11-13 18:00:00,2.0786905,True,1.8495,Latency Anomaly
2024-11-13 18:05:00,2.0631413,True,1.8495,Latency Anomaly
2024-11-13 18:10:00,2.0543718,True,1.8495,Latency Anomaly
2024-11-13 18:15:00,2.0493205,True,1.8495,Latency Anomaly
2024-11-13 18:20:00,2.037035,True,1.8495,Latency Anomaly
2024-11-13 18:25:00,2.031986,True,1.8495,Latency Anomaly
2024-11-13 18:30:00,2.0311737,True,1.8495,Latency Anomaly
2024-11-13 18:35:00,2.022569,True,1.8495,Latency Anomaly
2024-11-13 18:40:00,2.0184908,True,1.8495,Latency Anomaly
2024-11-13 18:45:00,2.007435,True,1.8495,Latency Anomaly
2024-11-13 18:50:00,2.0084693,True,1.8495,Latency Anomaly
2024-11-13 18:55:00,2.0027337,True,1.8495,Latency Anomaly
2024-11-13 19:00:00,1.9948058,True,1.8495,Latency Anomaly
2024-11-13 19:05:00,1.9811808,True,1.8495,Latency Anomaly
2024-11-13 19:10:00,1.9665368,True,1.8495,Latency Anomaly
2024-11-13 19:15:00,1.952501,True,1.8495,Latency Anomaly
2024-11-13 19:20:00,1.9465865,True,1.8495,Latency Anomaly
2024-11-13 19:25:00,1.9285598,True,1.8495,Latency Anomaly
2024-11-13 19:30:00,1.9165108,True,1.8495,Latency Anomaly
2024-11-13 19:35:00,1.8971851,True,1.8495,Latency Anomaly
2024-11-13 19:40:00,1.8854369,True,1.8495,Latency Anomaly
2024-11-13 19:45:00,1.8746094,True,1.8495,Latency Anomaly
2024-11-13 19:50:00,1.8615625,True,1.8495,Latency Anomaly
2024-11-14 03:20:00,1.8568403,True,1.8495,Latency Anomaly
2024-11-14 03:25:00,1.8843775,True,1.8495,Latency Anomaly
2024-11-14 03:30:00,1.9021149,True,1.8495,Latency Anomaly
2024-11-14 03:35:00,1.9111401,True,1.8495,Latency Anomaly
2024-11-14 03:40:00,1.9205897,True,1.8495,Latency Anomaly
2024-11-14 03:45:00,1.9323212,True,1.8495,Latency Anomaly
2024-11-14 03:50:00,1.946714,True,1.8495,Latency Anomaly
2024-11-14 03:55:00,1.9602119,True,1.8495,Latency Anomaly
2024-11-14 04:00:00,1.9658157,True,1.8495,Latency Anomaly
2024-11-14 04:05:00,1.9931809,True,1.8495,Latency Anomaly
2024-11-14 04:10:00,2.0380948,True,1.8495,Latency Anomaly
2024-11-14 04:15:00,2.0482492,True,1.8495,Latency Anomaly
2024-11-14 04:20:00,2.080458,True,1.8495,Latency Anomaly
2024-11-14 04:25:00,2.0852826,True,1.8495,Latency Anomaly
2024-11-14 04:30:00,2.101664,True,1.8495,Latency Anomaly
2024-11-14 04:35:00,2.118655,True,1.8495,Latency Anomaly
2024-11-14 04:40:00,2.1262252,True,1.8495,Latency Anomaly
2024-11-14 04:45:00,2.1297307,True,1.8495,Latency Anomaly
2024-11-14 04:50:00,2.1381738,True,1.8495,Latency Anomaly
2024-11-14 04:55:00,2.1460836,True,1.8495,Latency Anomaly
2024-11-14 05:00:00,2.1623209,True,1.8495,Latency Anomaly
2024-11-14 05:05:00,2.155469,True,1.8495,Latency Anomaly
2024-11-14 05:10:00,2.157089,True,1.8495,Latency Anomaly
2024-11-14 05:15:00,2.1641495,True,1.8495,Latency Anomaly
2024-11-14 05:20:00,2.1640685,True,1.8495,Latency Anomaly
2024-11-14 05:25:00,2.1714122,True,1.8495,Latency Anomaly
2024-11-14 05:30:00,2.1795583,True,1.8495,Latency Anomaly
2024-11-14 05:35:00,2.188678,True,1.8495,Latency Anomaly
2024-11-14 05:40:00,2.1809435,True,1.8495,Latency Anomaly
2024-11-14 05:45:00,2.1738567,True,1.8495,Latency Anomaly
2024-11-14 05:50:00,2.1667807,True,1.8495,Latency Anomaly
2024-11-14 05:55:00,2.1652453,True,1.8495,Latency Anomaly
2024-11-14 06:00:00,2.16175,True,1.8495,Latency Anomaly
2024-11-14 06:05:00,2.1404002,True,1.8495,Latency Anomaly
2024-11-14 06:10:00,2.124587,True,1.8495,Latency Anomaly
2024-11-14 06:15:00,2.1305635,True,1.8495,Latency Anomaly
2024-11-14 06:20:00,2.1299753,True,1.8495,Latency Anomaly
2024-11-14 06:25:00,2.0994108,True,1.8495,Latency Anomaly
2024-11-14 06:30:00,2.0870907,True,1.8495,Latency Anomaly
2024-11-14 06:35:00,2.081207,True,1.8495,Latency Anomaly
2024-11-14 06:40:00,2.092762,True,1.8495,Latency Anomaly
2024-11-14 06:45:00,2.0845692,True,1.8495,Latency Anomaly
2024-11-14 06:50:00,2.0862327,True,1.8495,Latency Anomaly
2024-11-14 06:55:00,2.0817025,True,1.8495,Latency Anomaly
2024-11-14 07:00:00,2.071064,True,1.8495,Latency Anomaly
2024-11-14 07:05:00,2.0675683,True,1.8495,Latency Anomaly
2024-11-14 07:10:00,2.056415,True,1.8495,Latency Anomaly
2024-11-14 07:15:00,2.0429351,True,1.8495,Latency Anomaly
2024-11-14 07:20:00,2.0310485,True,1.8495,Latency Anomaly
2024-11-14 07:25:00,2.0208533,True,1.8495,Latency Anomaly
2024-11-14 07:30:00,1.9934274,True,1.8495,Latency Anomaly
2024-11-14 07:35:00,1.9406002,True,1.8495,Latency Anomaly
2024-11-14 07:40:00,1.9259992,True,1.8495,Latency Anomaly
2024-11-14 07:45:00,1.9078655,True,1.8495,Latency Anomaly
2024-11-14 07:50:00,1.8885798,True,1.8495,Latency Anomaly
2024-11-14 07:55:00,1.8811218,True,1.8495,Latency Anomaly
2024-11-14 08:00:00,1.8590426,True,1.8495,Latency Anomaly
2024-11-14 15:20:00,1.8543073,True,1.8495,Latency Anomaly
2024-11-14 15:25:00,1.8639774,True,1.8495,Latency Anomaly
2024-11-14 15:30:00,1.8819675,True,1.8495,Latency Anomaly
2024-11-14 15:35:00,1.9074901,True,1.8495,Latency Anomaly
2024-11-14 15:40:00,1.9232969,True,1.8495,Latency Anomaly
2024-11-14 15:45:00,1.9377761,True,1.8495,Latency Anomaly
2024-11-14 15:50:00,1.9521036,True,1.8495,Latency Anomaly
2024-11-14 15:55:00,1.9633516,True,1.8495,Latency Anomaly
2024-11-14 16:00:00,1.9646559,True,1.8495,Latency Anomaly
2024-11-14 16:05:00,1.9642452,True,1.8495,Latency Anomaly
2024-11-14 16:10:00,1.9753726,True,1.8495,Latency Anomaly
2024-11-14 16:15:00,1.9846357,True,1.8495,Latency Anomaly
2024-11-14 16:20:00,1.9901419,True,1.8495,Latency Anomaly
2024-11-14 16:25:00,1.9988492,True,1.8495,Latency Anomaly
2024-11-14 16:30:00,2.0089486,True,1.8495,Latency Anomaly
2024-11-14 16:35:00,2.0173662,True,1.8495,Latency Anomaly
2024-11-14 16:40:00,2.0258503,True,1.8495,Latency Anomaly
2024-11-14 16:45:00,2.02766,True,1.8495,Latency Anomaly
2024-11-14 16:50:00,2.0379047,True,1.8495,Latency Anomaly
2024-11-14 16:55:00,2.05524,True,1.8495,Latency Anomaly
2024-11-14 17:00:00,2.0559518,True,1.8495,Latency Anomaly
2024-11-14 17:05:00,2.0588663,True,1.8495,Latency Anomaly
2024-11-14 17:10:00,2.06175,True,1.8495,Latency Anomaly
2024-11-14 17:15:00,2.064593,True,1.8495,Latency Anomaly
2024-11-14 17:20:00,2.0723896,True,1.8495,Latency Anomaly
2024-11-14 17:25:00,2.0670135,True,1.8495,Latency Anomaly
2024-11-14 17:30:00,2.0727947,True,1.8495,Latency Anomaly
2024-11-14 17:35:00,2.0726871,True,1.8495,Latency Anomaly
2024-11-14 17:40:00,2.0878532,True,1.8495,Latency Anomaly
2024-11-14 17:45:00,2.0815578,True,1.8495,Latency Anomaly
2024-11-14 17:50:00,2.0821548,True,1.8495,Latency Anomaly
2024-11-14 17:55:00,2.0908809,True,1.8495,Latency Anomaly
2024-11-14 18:00:00,2.0834627,True,1.8495,Latency Anomaly
2024-11-14 18:05:00,2.072713,True,1.8495,Latency Anomaly
2024-11-14 18:10:00,2.0712163,True,1.8495,Latency Anomaly
2024-11-14 18:15:00,2.0650184,True,1.8495,Latency Anomaly
2024-11-14 18:20:00,2.0603104,True,1.8495,Latency Anomaly
2024-11-14 18:25:00,2.0487413,True,1.8495,Latency Anomaly
2024-11-14 18:30:00,2.043833,True,1.8495,Latency Anomaly
2024-11-14 18:35:00,2.0441291,True,1.8495,Latency Anomaly
2024-11-14 18:40:00,2.0380926,True,1.8495,Latency Anomaly
2024-11-14 18:45:00,2.0295494,True,1.8495,Latency Anomaly
2024-11-14 18:50:00,2.0188205,True,1.8495,Latency Anomaly
2024-11-14 18:55:00,2.0069363,True,1.8495,Latency Anomaly
2024-11-14 19:00:00,1.9943987,True,1.8495,Latency Anomaly
2024-11-14 19:05:00,1.9784012,True,1.8495,Latency Anomaly
2024-11-14 19:10:00,1.9678131,True,1.8495,Latency Anomaly
2024-11-14 19:15:00,1.9665232,True,1.8495,Latency Anomaly
2024-11-14 19:20:00,1.9569142,True,1.8495,Latency Anomaly
2024-11-14 19:25:00,1.9434059,True,1.8495,Latency Anomaly
2024-11-14 19:30:00,1.9363157,True,1.8495,Latency Anomaly
2024-11-14 19:35:00,1.9239417,True,1.8495,Latency Anomaly
2024-11-14 19:40:00,1.917038,True,1.8495,Latency Anomaly
2024-11-14 19:45:00,1.9196329,True,1.8495,Latency Anomaly
2024-11-14 19:50:00,1.9057333,True,1.8495,Latency Anomaly
2024-11-14 19:55:00,1.8820652,True,1.8495,Latency Anomaly
2024-11-14 20:00:00,1.8643799,True,1.8495,Latency Anomaly
2024-11-14 20:05:00,1.8540828,True,1.8495,Latency Anomaly
2024-11-15 03:25:00,1.8871464,True,1.8495,Latency Anomaly
2024-11-15 03:30:00,1.8850579,True,1.8495,Latency Anomaly
2024-11-15 03:35:00,1.9021618,True,1.8495,Latency Anomaly
2024-11-15 03:40:00,1.9153479,True,1.8495,Latency Anomaly
2024-11-15 03:45:00,1.9391398,True,1.8495,Latency Anomaly
2024-11-15 03:50:00,1.9502883,True,1.8495,Latency Anomaly
2024-11-15 03:55:00,1.9579498,True,1.8495,Latency Anomaly
2024-11-15 04:00:00,1.9660541,True,1.8495,Latency Anomaly
2024-11-15 04:05:00,1.9815279,True,1.8495,Latency Anomaly
2024-11-15 04:10:00,1.9883124,True,1.8495,Latency Anomaly
2024-11-15 04:15:00,2.0040765,True,1.8495,Latency Anomaly
2024-11-15 04:20:00,2.010557,True,1.8495,Latency Anomaly
2024-11-15 04:25:00,2.0156822,True,1.8495,Latency Anomaly
2024-11-15 04:30:00,2.028663,True,1.8495,Latency Anomaly
2024-11-15 04:35:00,2.040144,True,1.8495,Latency Anomaly
2024-11-15 04:40:00,2.0418534,True,1.8495,Latency Anomaly
2024-11-15 04:45:00,2.051862,True,1.8495,Latency Anomaly
2024-11-15 04:50:00,2.052269,True,1.8495,Latency Anomaly
2024-11-15 04:55:00,2.0755095,True,1.8495,Latency Anomaly
2024-11-15 05:00:00,2.0625873,True,1.8495,Latency Anomaly
2024-11-15 05:05:00,2.0647874,True,1.8495,Latency Anomaly
2024-11-15 05:10:00,2.0652819,True,1.8495,Latency Anomaly
2024-11-15 05:15:00,2.0543745,True,1.8495,Latency Anomaly
2024-11-15 05:20:00,2.061697,True,1.8495,Latency Anomaly
2024-11-15 05:25:00,2.0744936,True,1.8495,Latency Anomaly
2024-11-15 05:30:00,2.0756712,True,1.8495,Latency Anomaly
2024-11-15 05:35:00,2.0790637,True,1.8495,Latency Anomaly
2024-11-15 05:40:00,2.0796967,True,1.8495,Latency Anomaly
2024-11-15 05:45:00,2.0708234,True,1.8495,Latency Anomaly
2024-11-15 05:50:00,2.0810332,True,1.8495,Latency Anomaly
2024-11-15 05:55:00,2.0818272,True,1.8495,Latency Anomaly
2024-11-15 06:00:00,2.0848093,True,1.8495,Latency Anomaly
2024-11-15 06:05:00,2.0661304,True,1.8495,Latency Anomaly
2024-11-15 06:10:00,2.0539522,True,1.8495,Latency Anomaly
2024-11-15 06:15:00,2.060011,True,1.8495,Latency Anomaly
2024-11-15 06:20:00,2.038163,True,1.8495,Latency Anomaly
2024-11-15 06:25:00,2.0304406,True,1.8495,Latency Anomaly
2024-11-15 06:30:00,2.0267515,True,1.8495,Latency Anomaly
2024-11-15 06:35:00,2.023318,True,1.8495,Latency Anomaly
2024-11-15 06:40:00,2.0063555,True,1.8495,Latency Anomaly
2024-11-15 06:45:00,1.9979982,True,1.8495,Latency Anomaly
2024-11-15 06:50:00,1.9820433,True,1.8495,Latency Anomaly
2024-11-15 06:55:00,1.96495,True,1.8495,Latency Anomaly
2024-11-15 07:00:00,1.9506642,True,1.8495,Latency Anomaly
2024-11-15 07:05:00,1.9287282,True,1.8495,Latency Anomaly
2024-11-15 07:10:00,1.9085438,True,1.8495,Latency Anomaly
2024-11-15 07:15:00,1.8919557,True,1.8495,Latency Anomaly
2024-11-15 07:20:00,1.8775109,True,1.8495,Latency Anomaly
2024-11-15 07:25:00,1.8641905,True,1.8495,Latency Anomaly
2024-11-15 07:30:00,1.8517725,True,1.8495,Latency Anomaly
2024-11-15 15:15:00,1.8495642,True,1.8495,Latency Anomaly
2024-11-15 15:20:00,1.8668337,True,1.8495,Latency Anomaly
2024-11-15 15:25:00,1.8884623,True,1.8495,Latency Anomaly
2024-11-15 15:30:00,1.9055426,True,1.8495,Latency Anomaly
2024-11-15 15:35:00,1.9162889,True,1.8495,Latency Anomaly
2024-11-15 15:40:00,1.931854,True,1.8495,Latency Anomaly
2024-11-15 15:45:00,1.9369519,True,1.8495,Latency Anomaly
2024-11-15 15:50:00,1.9542553,True,1.8495,Latency Anomaly
2024-11-15 15:55:00,1.9688156,True,1.8495,Latency Anomaly
2024-11-15 16:00:00,1.9838657,True,1.8495,Latency Anomaly
2024-11-15 16:05:00,1.9918083,True,1.8495,Latency Anomaly
2024-11-15 16:10:00,2.0001287,True,1.8495,Latency Anomaly
2024-11-15 16:15:00,2.0052705,True,1.8495,Latency Anomaly
2024-11-15 16:20:00,2.012982,True,1.8495,Latency Anomaly
2024-11-15 16:25:00,2.021467,True,1.8495,Latency Anomaly
2024-11-15 16:30:00,2.0232828,True,1.8495,Latency Anomaly
2024-11-15 16:35:00,2.0282795,True,1.8495,Latency Anomaly
2024-11-15 16:40:00,2.0393267,True,1.8495,Latency Anomaly
2024-11-15 16:45:00,2.0471141,True,1.8495,Latency Anomaly
2024-11-15 16:50:00,2.0561423,True,1.8495,Latency Anomaly
2024-11-15 16:55:00,2.0685458,True,1.8495,Latency Anomaly
2024-11-15 17:00:00,2.0750632,True,1.8495,Latency Anomaly
2024-11-15 17:05:00,2.0849817,True,1.8495,Latency Anomaly
2024-11-15 17:10:00,2.0907543,True,1.8495,Latency Anomaly
2024-11-15 17:15:00,2.10379,True,1.8495,Latency Anomaly
2024-11-15 17:20:00,2.107857,True,1.8495,Latency Anomaly
2024-11-15 17:25:00,2.1062324,True,1.8495,Latency Anomaly
2024-11-15 17:30:00,2.1059566,True,1.8495,Latency Anomaly
2024-11-15 17:35:00,2.1099656,True,1.8495,Latency Anomaly
2024-11-15 17:40:00,2.1076787,True,1.8495,Latency Anomaly
2024-11-15 17:45:00,2.1082778,True,1.8495,Latency Anomaly
2024-11-15 17:50:00,2.114669,True,1.8495,Latency Anomaly
2024-11-15 17:55:00,2.1095455,True,1.8495,Latency Anomaly
2024-11-15 18:00:00,2.1055346,True,1.8495,Latency Anomaly
2024-11-15 18:05:00,2.087405,True,1.8495,Latency Anomaly
2024-11-15 18:10:00,2.0781345,True,1.8495,Latency Anomaly
2024-11-15 18:15:00,2.0628579,True,1.8495,Latency Anomaly
2024-11-15 18:20:00,2.0553324,True,1.8495,Latency Anomaly
2024-11-15 18:25:00,2.0402145,True,1.8495,Latency Anomaly
2024-11-15 18:30:00,2.0294132,True,1.8495,Latency Anomaly
2024-11-15 18:35:00,2.0261247,True,1.8495,Latency Anomaly
2024-11-15 18:40:00,2.0307152,True,1.8495,Latency Anomaly
2024-11-15 18:45:00,2.0270684,True,1.8495,Latency Anomaly
2024-11-15 18:50:00,2.0199316,True,1.8495,Latency Anomaly
2024-11-15 18:55:00,2.0119512,True,1.8495,Latency Anomaly
2024-11-15 19:00:00,2.003158,True,1.8495,Latency Anomaly
2024-11-15 19:05:00,1.9942396,True,1.8495,Latency Anomaly
2024-11-15 19:10:00,1.9852343,True,1.8495,Latency Anomaly
2024-11-15 19:15:00,1.9752783,True,1.8495,Latency Anomaly
2024-11-15 19:20:00,1.9590504,True,1.8495,Latency Anomaly
2024-11-15 19:25:00,1.9543489,True,1.8495,Latency Anomaly
2024-11-15 19:30:00,1.9443692,True,1.8495,Latency Anomaly
2024-11-15 19:35:00,1.9263474,True,1.8495,Latency Anomaly
2024-11-15 19:40:00,1.9167404,True,1.8495,Latency Anomaly
2024-11-15 19:45:00,1.9042038,True,1.8495,Latency Anomaly
2024-11-15 19:50:00,1.8917727,True,1.8495,Latency Anomaly
2024-11-15 19:55:00,1.8846984,True,1.8495,Latency Anomaly
2024-11-15 20:00:00,1.8712,True,1.8495,Latency Anomaly
2024-11-15 20:05:00,1.8546203,True,1.8495,Latency Anomaly
2024-11-16 02:05:00,1.8629493,True,1.8495,Latency Anomaly
2024-11-16 02:10:00,1.9208483,True,1.8495,Latency Anomaly
2024-11-16 02:15:00,1.945056,True,1.8495,Latency Anomaly
2024-11-16 02:20:00,1.9828191,True,1.8495,Latency Anomaly
2024-11-16 02:25:00,2.0185504,True,1.8495,Latency Anomaly
2024-11-16 02:30:00,2.0637,True,1.8495,Latency Anomaly
2024-11-16 02:35:00,2.095225,True,1.8495,Latency Anomaly
2024-11-16 02:40:00,2.1753442,True,1.8495,Latency Anomaly
2024-11-16 02:45:00,2.197685,True,1.8495,Latency Anomaly
2024-11-16 02:50:00,2.2348118,True,1.8495,Latency Anomaly
2024-11-16 02:55:00,2.3310122,True,1.8495,Latency Anomaly
2024-11-16 03:00:00,2.3468218,True,1.8495,Latency Anomaly
2024-11-16 03:05:00,2.3801198,True,1.8495,Latency Anomaly
2024-11-16 03:10:00,2.4295855,True,1.8495,Latency Anomaly
2024-11-16 03:15:00,2.4577813,True,1.8495,Latency Anomaly
2024-11-16 03:20:00,2.4757943,True,1.8495,Latency Anomaly
2024-11-16 03:25:00,2.4843953,True,1.8495,Latency Anomaly
2024-11-16 03:30:00,2.5101743,True,1.8495,Latency Anomaly
2024-11-16 03:35:00,2.5316,True,1.8495,Latency Anomaly
2024-11-16 03:40:00,2.5569477,True,1.8495,Latency Anomaly
2024-11-16 03:45:00,2.5856593,True,1.8495,Latency Anomaly
2024-11-16 03:50:00,2.66228,True,1.8495,Latency Anomaly
2024-11-16 03:55:00,2.681958,True,1.8495,Latency Anomaly
2024-11-16 04:00:00,2.7067158,True,1.8495,Latency Anomaly
2024-11-16 04:05:00,2.7462816,True,1.8495,Latency Anomaly
2024-11-16 04:10:00,2.7647014,True,1.8495,Latency Anomaly
2024-11-16 04:15:00,2.7788527,True,1.8495,Latency Anomaly
2024-11-16 04:20:00,2.785422,True,1.8495,Latency Anomaly
2024-11-16 04:25:00,2.8020327,True,1.8495,Latency Anomaly
2024-11-16 04:30:00,2.8138013,True,1.8495,Latency Anomaly
2024-11-16 04:35:00,2.8246853,True,1.8495,Latency Anomaly
2024-11-16 04:40:00,2.8653002,True,1.8495,Latency Anomaly
2024-11-16 04:45:00,2.8733814,True,1.8495,Latency Anomaly
2024-11-16 04:50:00,2.8784673,True,1.8495,Latency Anomaly
2024-11-16 04:55:00,2.8973126,True,1.8495,Latency Anomaly
2024-11-16 05:00:00,2.8764927,True,1.8495,Latency Anomaly
2024-11-16 05:05:00,2.8811982,True,1.8495,Latency Anomaly
2024-11-16 05:10:00,2.8822553,True,1.8495,Latency Anomaly
2024-11-16 05:15:00,2.8936327,True,1.8495,Latency Anomaly
2024-11-16 05:20:00,2.89358,True,1.8495,Latency Anomaly
2024-11-16 05:25:00,2.8938513,True,1.8495,Latency Anomaly
2024-11-16 05:30:00,2.8955762,True,1.8495,Latency Anomaly
2024-11-16 05:35:00,2.8980618,True,1.8495,Latency Anomaly
2024-11-16 05:40:00,2.8979692,True,1.8495,Latency Anomaly
2024-11-16 05:45:00,2.8981366,True,1.8495,Latency Anomaly
2024-11-16 05:50:00,2.8924716,True,1.8495,Latency Anomaly
2024-11-16 05:55:00,2.9171102,True,1.8495,Latency Anomaly
2024-11-16 06:00:00,2.8970287,True,1.8495,Latency Anomaly
2024-11-16 06:05:00,2.8817005,True,1.8495,Latency Anomaly
2024-11-16 06:10:00,2.869896,True,1.8495,Latency Anomaly
2024-11-16 06:15:00,2.8540952,True,1.8495,Latency Anomaly
2024-11-16 06:20:00,2.83425,True,1.8495,Latency Anomaly
2024-11-16 06:25:00,2.824988,True,1.8495,Latency Anomaly
2024-11-16 06:30:00,2.818394,True,1.8495,Latency Anomaly
2024-11-16 06:35:00,2.8110538,True,1.8495,Latency Anomaly
2024-11-16 06:40:00,2.8095047,True,1.8495,Latency Anomaly
2024-11-16 06:45:00,2.7998717,True,1.8495,Latency Anomaly
2024-11-16 06:50:00,2.8122494,True,1.8495,Latency Anomaly
2024-11-16 06:55:00,2.8004892,True,1.8495,Latency Anomaly
2024-11-16 07:00:00,2.7701378,True,1.8495,Latency Anomaly
2024-11-16 07:05:00,2.749412,True,1.8495,Latency Anomaly
2024-11-16 07:10:00,2.7215052,True,1.8495,Latency Anomaly
2024-11-16 07:15:00,2.651408,True,1.8495,Latency Anomaly
2024-11-16 07:20:00,2.6418736,True,1.8495,Latency Anomaly
2024-11-16 07:25:00,2.6274738,True,1.8495,Latency Anomaly
2024-11-16 07:30:00,2.6192114,True,1.8495,Latency Anomaly
2024-11-16 07:35:00,2.6153998,True,1.8495,Latency Anomaly
2024-11-16 07:40:00,2.6039765,True,1.8495,Latency Anomaly
2024-11-16 07:45:00,2.5555785,True,1.8495,Latency Anomaly
2024-11-16 07:50:00,2.5034223,True,1.8495,Latency Anomaly
2024-11-16 07:55:00,2.4808762,True,1.8495,Latency Anomaly
2024-11-16 08:00:00,2.4328322,True,1.8495,Latency Anomaly
2024-11-16 08:05:00,2.4064322,True,1.8495,Latency Anomaly
2024-11-16 08:10:00,2.352066,True,1.8495,Latency Anomaly
2024-11-16 08:15:00,2.3245735,True,1.8495,Latency Anomaly
2024-11-16 08:20:00,2.2870774,True,1.8495,Latency Anomaly
2024-11-16 08:25:00,2.2432148,True,1.8495,Latency Anomaly
2024-11-16 08:30:00,2.199449,True,1.8495,Latency Anomaly
2024-11-16 08:35:00,2.1725342,True,1.8495,Latency Anomaly
2024-11-16 08:40:00,2.0919197,True,1.8495,Latency Anomaly
2024-11-16 08:45:00,2.0761795,True,1.8495,Latency Anomaly
2024-11-16 08:50:00,2.037261,True,1.8495,Latency Anomaly
2024-11-16 08:55:00,1.9437413,True,1.8495,Latency Anomaly
2024-11-16 09:00:00,1.9327766,True,1.8495,Latency Anomaly
2024-11-16 09:05:00,1.8998657,True,1.8495,Latency Anomaly
2024-11-16 09:10:00,1.8525466,True,1.8495,Latency Anomaly
2024-11-17 01:55:00,1.8555913,True,1.8495,Latency Anomaly
2024-11-17 02:00:00,1.9279174,True,1.8495,Latency Anomaly
2024-11-17 02:05:00,2.043357,True,1.8495,Latency Anomaly
2024-11-17 02:10:00,2.0710738,True,1.8495,Latency Anomaly
2024-11-17 02:15:00,2.1223934,True,1.8495,Latency Anomaly
2024-11-17 02:20:00,2.183746,True,1.8495,Latency Anomaly
2024-11-17 02:25:00,2.2004478,True,1.8495,Latency Anomaly
2024-11-17 02:30:00,2.2141237,True,1.8495,Latency Anomaly
2024-11-17 02:35:00,2.2327597,True,1.8495,Latency Anomaly
2024-11-17 02:40:00,2.2569275,True,1.8495,Latency Anomaly
2024-11-17 02:45:00,2.2963405,True,1.8495,Latency Anomaly
2024-11-17 02:50:00,2.317968,True,1.8495,Latency Anomaly
2024-11-17 02:55:00,2.3376539,True,1.8495,Latency Anomaly
2024-11-17 03:00:00,2.3468056,True,1.8495,Latency Anomaly
2024-11-17 03:05:00,2.4074378,True,1.8495,Latency Anomaly
2024-11-17 03:10:00,2.4467216,True,1.8495,Latency Anomaly
2024-11-17 03:15:00,2.48283,True,1.8495,Latency Anomaly
2024-11-17 03:20:00,2.500133,True,1.8495,Latency Anomaly
2024-11-17 03:25:00,2.514996,True,1.8495,Latency Anomaly
2024-11-17 03:30:00,2.5309706,True,1.8495,Latency Anomaly
2024-11-17 03:35:00,2.5562932,True,1.8495,Latency Anomaly
2024-11-17 03:40:00,2.581528,True,1.8495,Latency Anomaly
2024-11-17 03:45:00,2.5924976,True,1.8495,Latency Anomaly
2024-11-17 03:50:00,2.6106067,True,1.8495,Latency Anomaly
2024-11-17 03:55:00,2.6240795,True,1.8495,Latency Anomaly
2024-11-17 04:00:00,2.6301568,True,1.8495,Latency Anomaly
2024-11-17 04:05:00,2.6400657,True,1.8495,Latency Anomaly
2024-11-17 04:10:00,2.6768417,True,1.8495,Latency Anomaly
2024-11-17 04:15:00,2.6999464,True,1.8495,Latency Anomaly
2024-11-17 04:20:00,2.7038915,True,1.8495,Latency Anomaly
2024-11-17 04:25:00,2.7101166,True,1.8495,Latency Anomaly
2024-11-17 04:30:00,2.7608883,True,1.8495,Latency Anomaly
2024-11-17 04:35:00,2.750989,True,1.8495,Latency Anomaly
2024-11-17 04:40:00,2.7657993,True,1.8495,Latency Anomaly
2024-11-17 04:45:00,2.7765079,True,1.8495,Latency Anomaly
2024-11-17 04:50:00,2.8292534,True,1.8495,Latency Anomaly
2024-11-17 04:55:00,2.8553357,True,1.8495,Latency Anomaly
2024-11-17 05:00:00,2.8380077,True,1.8495,Latency Anomaly
2024-11-17 05:05:00,2.844163,True,1.8495,Latency Anomaly
2024-11-17 05:10:00,2.8061893,True,1.8495,Latency Anomaly
2024-11-17 05:15:00,2.806406,True,1.8495,Latency Anomaly
2024-11-17 05:20:00,2.8034039,True,1.8495,Latency Anomaly
2024-11-17 05:25:00,2.8048542,True,1.8495,Latency Anomaly
2024-11-17 05:30:00,2.81387,True,1.8495,Latency Anomaly
2024-11-17 05:35:00,2.8246834,True,1.8495,Latency Anomaly
2024-11-17 05:40:00,2.816205,True,1.8495,Latency Anomaly
2024-11-17 05:45:00,2.826176,True,1.8495,Latency Anomaly
2024-11-17 05:50:00,2.8244777,True,1.8495,Latency Anomaly
2024-11-17 05:55:00,2.8201933,True,1.8495,Latency Anomaly
2024-11-17 06:00:00,2.8090794,True,1.8495,Latency Anomaly
2024-11-17 06:05:00,2.789167,True,1.8495,Latency Anomaly
2024-11-17 06:10:00,2.8004413,True,1.8495,Latency Anomaly
2024-11-17 06:15:00,2.787277,True,1.8495,Latency Anomaly
2024-11-17 06:20:00,2.7435062,True,1.8495,Latency Anomaly
2024-11-17 06:25:00,2.736542,True,1.8495,Latency Anomaly
2024-11-17 06:30:00,2.726594,True,1.8495,Latency Anomaly
2024-11-17 06:35:00,2.7171986,True,1.8495,Latency Anomaly
2024-11-17 06:40:00,2.6921794,True,1.8495,Latency Anomaly
2024-11-17 06:45:00,2.6833012,True,1.8495,Latency Anomaly
2024-11-17 06:50:00,2.6675425,True,1.8495,Latency Anomaly
2024-11-17 06:55:00,2.6536145,True,1.8495,Latency Anomaly
2024-11-17 07:00:00,2.637088,True,1.8495,Latency Anomaly
2024-11-17 07:05:00,2.6324809,True,1.8495,Latency Anomaly
2024-11-17 07:10:00,2.5995703,True,1.8495,Latency Anomaly
2024-11-17 07:15:00,2.5634232,True,1.8495,Latency Anomaly
2024-11-17 07:20:00,2.5352843,True,1.8495,Latency Anomaly
2024-11-17 07:25:00,2.5290864,True,1.8495,Latency Anomaly
2024-11-17 07:30:00,2.5018344,True,1.8495,Latency Anomaly
2024-11-17 07:35:00,2.4936938,True,1.8495,Latency Anomaly
2024-11-17 07:40:00,2.47895,True,1.8495,Latency Anomaly
2024-11-17 07:45:00,2.4790108,True,1.8495,Latency Anomaly
2024-11-17 07:50:00,2.4423423,True,1.8495,Latency Anomaly
2024-11-17 07:55:00,2.427636,True,1.8495,Latency Anomaly
2024-11-17 08:00:00,2.3538055,True,1.8495,Latency Anomaly
2024-11-17 08:05:00,2.2358248,True,1.8495,Latency Anomaly
2024-11-17 08:10:00,2.191956,True,1.8495,Latency Anomaly
2024-11-17 08:15:00,2.1421528,True,1.8495,Latency Anomaly
2024-11-17 08:20:00,2.081188,True,1.8495,Latency Anomaly
2024-11-17 08:25:00,2.068635,True,1.8495,Latency Anomaly
2024-11-17 08:30:00,2.0582068,True,1.8495,Latency Anomaly
2024-11-17 08:35:00,2.039398,True,1.8495,Latency Anomaly
2024-11-17 08:40:00,2.0142944,True,1.8495,Latency Anomaly
2024-11-17 08:45:00,1.9761928,True,1.8495,Latency Anomaly
2024-11-17 08:50:00,1.9621654,True,1.8495,Latency Anomaly
2024-11-17 08:55:00,1.9461683,True,1.8495,Latency Anomaly
2024-11-17 09:00:00,1.9307318,True,1.8495,Latency Anomaly
2024-11-17 09:05:00,1.8760508,True,1.8495,Latency Anomaly
2024-11-18 02:15:00,1.8773792,True,1.8495,Latency Anomaly
2024-11-18 02:20:00,1.8835528,True,1.8495,Latency Anomaly
2024-11-18 02:25:00,1.9011114,True,1.8495,Latency Anomaly
2024-11-18 02:30:00,1.9174378,True,1.8495,Latency Anomaly
2024-11-18 02:35:00,1.9408059,True,1.8495,Latency Anomaly
2024-11-18 02:40:00,1.946335,True,1.8495,Latency Anomaly
2024-11-18 02:45:00,1.9682099,True,1.8495,Latency Anomaly
2024-11-18 02:50:00,1.9899341,True,1.8495,Latency Anomaly
2024-11-18 02:55:00,2.0533564,True,1.8495,Latency Anomaly
2024-11-18 03:00:00,2.0682416,True,1.8495,Latency Anomaly
2024-11-18 03:05:00,2.099383,True,1.8495,Latency Anomaly
2024-11-18 03:10:00,2.1389213,True,1.8495,Latency Anomaly
2024-11-18 03:15:00,2.1431007,True,1.8495,Latency Anomaly
2024-11-18 03:20:00,2.1460633,True,1.8495,Latency Anomaly
2024-11-18 03:25:00,2.1604462,True,1.8495,Latency Anomaly
2024-11-18 03:30:00,2.1773376,True,1.8495,Latency Anomaly
2024-11-18 03:35:00,2.2054205,True,1.8495,Latency Anomaly
2024-11-18 03:40:00,2.2060935,True,1.8495,Latency Anomaly
2024-11-18 03:45:00,2.233336,True,1.8495,Latency Anomaly
2024-11-18 03:50:00,2.2399313,True,1.8495,Latency Anomaly
2024-11-18 03:55:00,2.2731156,True,1.8495,Latency Anomaly
2024-11-18 04:00:00,2.2711837,True,1.8495,Latency Anomaly
2024-11-18 04:05:00,2.2952256,True,1.8495,Latency Anomaly
2024-11-18 04:10:00,2.3038223,True,1.8495,Latency Anomaly
2024-11-18 04:15:00,2.3030136,True,1.8495,Latency Anomaly
2024-11-18 04:20:00,2.2930741,True,1.8495,Latency Anomaly
2024-11-18 04:25:00,2.3037987,True,1.8495,Latency Anomaly
2024-11-18 04:30:00,2.311707,True,1.8495,Latency Anomaly
2024-11-18 04:35:00,2.3159618,True,1.8495,Latency Anomaly
2024-11-18 04:40:00,2.3220832,True,1.8495,Latency Anomaly
2024-11-18 04:45:00,2.3196106,True,1.8495,Latency Anomaly
2024-11-18 04:50:00,2.3344092,True,1.8495,Latency Anomaly
2024-11-18 04:55:00,2.3335087,True,1.8495,Latency Anomaly
2024-11-18 05:00:00,2.330217,True,1.8495,Latency Anomaly
2024-11-18 05:05:00,2.321203,True,1.8495,Latency Anomaly
2024-11-18 05:10:00,2.3276782,True,1.8495,Latency Anomaly
2024-11-18 05:15:00,2.2921953,True,1.8495,Latency Anomaly
2024-11-18 05:20:00,2.2780704,True,1.8495,Latency Anomaly
2024-11-18 05:25:00,2.2785497,True,1.8495,Latency Anomaly
2024-11-18 05:30:00,2.2764497,True,1.8495,Latency Anomaly
2024-11-18 05:35:00,2.2644415,True,1.8495,Latency Anomaly
2024-11-18 05:40:00,2.2660105,True,1.8495,Latency Anomaly
2024-11-18 05:45:00,2.2630424,True,1.8495,Latency Anomaly
2024-11-18 05:50:00,2.265816,True,1.8495,Latency Anomaly
2024-11-18 05:55:00,2.2581835,True,1.8495,Latency Anomaly
2024-11-18 06:00:00,2.2503064,True,1.8495,Latency Anomaly
2024-11-18 06:05:00,2.2480385,True,1.8495,Latency Anomaly
2024-11-18 06:10:00,2.2364187,True,1.8495,Latency Anomaly
2024-11-18 06:15:00,2.2237124,True,1.8495,Latency Anomaly
2024-11-18 06:20:00,2.2171514,True,1.8495,Latency Anomaly
2024-11-18 06:25:00,2.2048461,True,1.8495,Latency Anomaly
2024-11-18 06:30:00,2.180958,True,1.8495,Latency Anomaly
2024-11-18 06:35:00,2.1434684,True,1.8495,Latency Anomaly
2024-11-18 06:40:00,2.1328342,True,1.8495,Latency Anomaly
2024-11-18 06:45:00,2.1264906,True,1.8495,Latency Anomaly
2024-11-18 06:50:00,2.0995922,True,1.8495,Latency Anomaly
2024-11-18 06:55:00,2.0991278,True,1.8495,Latency Anomaly
2024-11-18 07:00:00,2.0749443,True,1.8495,Latency Anomaly
2024-11-18 07:05:00,2.0569193,True,1.8495,Latency Anomaly
2024-11-18 07:10:00,2.0443783,True,1.8495,Latency Anomaly
2024-11-18 07:15:00,2.016037,True,1.8495,Latency Anomaly
2024-11-18 07:20:00,2.0078993,True,1.8495,Latency Anomaly
2024-11-18 07:25:00,1.9861506,True,1.8495,Latency Anomaly
2024-11-18 07:30:00,1.9711767,True,1.8495,Latency Anomaly
2024-11-18 07:35:00,1.9442215,True,1.8495,Latency Anomaly
2024-11-18 07:40:00,1.915228,True,1.8495,Latency Anomaly
2024-11-18 07:45:00,1.9046733,True,1.8495,Latency Anomaly
2024-11-18 15:00:00,1.8557688,True,1.8495,Latency Anomaly
2024-11-18 15:05:00,1.865362,True,1.8495,Latency Anomaly
2024-11-18 15:10:00,1.8805006,True,1.8495,Latency Anomaly
2024-11-18 15:15:00,1.8930734,True,1.8495,Latency Anomaly
2024-11-18 15:20:00,1.9047666,True,1.8495,Latency Anomaly
2024-11-18 15:25:00,1.925521,True,1.8495,Latency Anomaly
2024-11-18 15:30:00,1.9433906,True,1.8495,Latency Anomaly
2024-11-18 15:35:00,1.9513469,True,1.8495,Latency Anomaly
2024-11-18 15:40:00,1.972248,True,1.8495,Latency Anomaly
2024-11-18 15:45:00,1.987202,True,1.8495,Latency Anomaly
2024-11-18 15:50:00,1.9956445,True,1.8495,Latency Anomaly
2024-11-18 15:55:00,2.0210829,True,1.8495,Latency Anomaly
2024-11-18 16:00:00,2.040325,True,1.8495,Latency Anomaly
2024-11-18 16:05:00,2.059175,True,1.8495,Latency Anomaly
2024-11-18 16:10:00,2.0675485,True,1.8495,Latency Anomaly
2024-11-18 16:15:00,2.0840437,True,1.8495,Latency Anomaly
2024-11-18 16:20:00,2.0939941,True,1.8495,Latency Anomaly
2024-11-18 16:25:00,2.105732,True,1.8495,Latency Anomaly
2024-11-18 16:30:00,2.1107128,True,1.8495,Latency Anomaly
2024-11-18 16:35:00,2.119275,True,1.8495,Latency Anomaly
2024-11-18 16:40:00,2.1228318,True,1.8495,Latency Anomaly
2024-11-18 16:45:00,2.1278589,True,1.8495,Latency Anomaly
2024-11-18 16:50:00,2.1343894,True,1.8495,Latency Anomaly
2024-11-18 16:55:00,2.1464915,True,1.8495,Latency Anomaly
2024-11-18 17:00:00,2.1471772,True,1.8495,Latency Anomaly
2024-11-18 17:05:00,2.1537676,True,1.8495,Latency Anomaly
2024-11-18 17:10:00,2.1503625,True,1.8495,Latency Anomaly
2024-11-18 17:15:00,2.1480358,True,1.8495,Latency Anomaly
2024-11-18 17:20:00,2.1413603,True,1.8495,Latency Anomaly
2024-11-18 17:25:00,2.145675,True,1.8495,Latency Anomaly
2024-11-18 17:30:00,2.1499171,True,1.8495,Latency Anomaly
2024-11-18 17:35:00,2.1392305,True,1.8495,Latency Anomaly
2024-11-18 17:40:00,2.137997,True,1.8495,Latency Anomaly
2024-11-18 17:45:00,2.1379845,True,1.8495,Latency Anomaly
2024-11-18 17:50:00,2.1394792,True,1.8495,Latency Anomaly
2024-11-18 17:55:00,2.1410472,True,1.8495,Latency Anomaly
2024-11-18 18:00:00,2.1440594,True,1.8495,Latency Anomaly
2024-11-18 18:05:00,2.1387851,True,1.8495,Latency Anomaly
2024-11-18 18:10:00,2.120518,True,1.8495,Latency Anomaly
2024-11-18 18:15:00,2.1158013,True,1.8495,Latency Anomaly
2024-11-18 18:20:00,2.1050704,True,1.8495,Latency Anomaly
2024-11-18 18:25:00,2.1082008,True,1.8495,Latency Anomaly
2024-11-18 18:30:00,2.099964,True,1.8495,Latency Anomaly
2024-11-18 18:35:00,2.0854053,True,1.8495,Latency Anomaly
2024-11-18 18:40:00,2.0742228,True,1.8495,Latency Anomaly
2024-11-18 18:45:00,2.0672293,True,1.8495,Latency Anomaly
2024-11-18 18:50:00,2.0612774,True,1.8495,Latency Anomaly
2024-11-18 18:55:00,2.0591197,True,1.8495,Latency Anomaly
2024-11-18 19:00:00,2.0572064,True,1.8495,Latency Anomaly
2024-11-18 19:05:00,2.0449567,True,1.8495,Latency Anomaly
2024-11-18 19:10:00,2.031888,True,1.8495,Latency Anomaly
2024-11-18 19:15:00,2.0347853,True,1.8495,Latency Anomaly
2024-11-18 19:20:00,2.0206437,True,1.8495,Latency Anomaly
2024-11-18 19:25:00,2.0078282,True,1.8495,Latency Anomaly
2024-11-18 19:30:00,1.9890195,True,1.8495,Latency Anomaly
2024-11-18 19:35:00,1.9721597,True,1.8495,Latency Anomaly
2024-11-18 19:40:00,1.9271448,True,1.8495,Latency Anomaly
2024-11-18 19:45:00,1.9165479,True,1.8495,Latency Anomaly
2024-11-18 19:50:00,1.9050272,True,1.8495,Latency Anomaly
2024-11-18 19:55:00,1.8953516,True,1.8495,Latency Anomaly
2024-11-18 20:00:00,1.8752917,True,1.8495,Latency Anomaly
2024-11-18 20:05:00,1.8562646,True,1.8495,Latency Anomaly
2024-11-19 02:50:00,1.919497,True,1.8495,Latency Anomaly
2024-11-19 02:55:00,1.9487233,True,1.8495,Latency Anomaly
2024-11-19 03:00:00,1.9818782,True,1.8495,Latency Anomaly
2024-11-19 03:05:00,1.9879475,True,1.8495,Latency Anomaly
2024-11-19 03:10:00,1.9873167,True,1.8495,Latency Anomaly
2024-11-19 03:15:00,2.0019774,True,1.8495,Latency Anomaly
2024-11-19 03:20:00,1.9878669,True,1.8495,Latency Anomaly
2024-11-19 03:25:00,1.9992086,True,1.8495,Latency Anomaly
2024-11-19 03:30:00,2.0146947,True,1.8495,Latency Anomaly
2024-11-19 03:35:00,2.042516,True,1.8495,Latency Anomaly
2024-11-19 03:40:00,2.0541537,True,1.8495,Latency Anomaly
2024-11-19 03:45:00,2.065033,True,1.8495,Latency Anomaly
2024-11-19 03:50:00,2.0969918,True,1.8495,Latency Anomaly
2024-11-19 03:55:00,2.130431,True,1.8495,Latency Anomaly
2024-11-19 04:00:00,2.1348038,True,1.8495,Latency Anomaly
2024-11-19 04:05:00,2.147675,True,1.8495,Latency Anomaly
2024-11-19 04:10:00,2.1661367,True,1.8495,Latency Anomaly
2024-11-19 04:15:00,2.1648679,True,1.8495,Latency Anomaly
2024-11-19 04:20:00,2.1539545,True,1.8495,Latency Anomaly
2024-11-19 04:25:00,2.1832373,True,1.8495,Latency Anomaly
2024-11-19 04:30:00,2.185333,True,1.8495,Latency Anomaly
2024-11-19 04:35:00,2.2059212,True,1.8495,Latency Anomaly
2024-11-19 04:40:00,2.2179635,True,1.8495,Latency Anomaly
2024-11-19 04:45:00,2.224121,True,1.8495,Latency Anomaly
2024-11-19 04:50:00,2.2354867,True,1.8495,Latency Anomaly
2024-11-19 04:55:00,2.2553403,True,1.8495,Latency Anomaly
2024-11-19 05:00:00,2.2434328,True,1.8495,Latency Anomaly
2024-11-19 05:05:00,2.2441545,True,1.8495,Latency Anomaly
2024-11-19 05:10:00,2.2468557,True,1.8495,Latency Anomaly
2024-11-19 05:15:00,2.242629,True,1.8495,Latency Anomaly
2024-11-19 05:20:00,2.2541902,True,1.8495,Latency Anomaly
2024-11-19 05:25:00,2.2434134,True,1.8495,Latency Anomaly
2024-11-19 05:30:00,2.2498987,True,1.8495,Latency Anomaly
2024-11-19 05:35:00,2.2526329,True,1.8495,Latency Anomaly
2024-11-19 05:40:00,2.259183,True,1.8495,Latency Anomaly
2024-11-19 05:45:00,2.2598283,True,1.8495,Latency Anomaly
2024-11-19 05:50:00,2.264836,True,1.8495,Latency Anomaly
2024-11-19 05:55:00,2.265314,True,1.8495,Latency Anomaly
2024-11-19 06:00:00,2.262243,True,1.8495,Latency Anomaly
2024-11-19 06:05:00,2.2538779,True,1.8495,Latency Anomaly
2024-11-19 06:10:00,2.26613,True,1.8495,Latency Anomaly
2024-11-19 06:15:00,2.2618184,True,1.8495,Latency Anomaly
2024-11-19 06:20:00,2.2457726,True,1.8495,Latency Anomaly
2024-11-19 06:25:00,2.235816,True,1.8495,Latency Anomaly
2024-11-19 06:30:00,2.220832,True,1.8495,Latency Anomaly
2024-11-19 06:35:00,2.213204,True,1.8495,Latency Anomaly
2024-11-19 06:40:00,2.1975117,True,1.8495,Latency Anomaly
2024-11-19 06:45:00,2.2071364,True,1.8495,Latency Anomaly
2024-11-19 06:50:00,2.185093,True,1.8495,Latency Anomaly
2024-11-19 06:55:00,2.1883607,True,1.8495,Latency Anomaly
2024-11-19 07:00:00,2.1202188,True,1.8495,Latency Anomaly
2024-11-19 07:05:00,2.1043234,True,1.8495,Latency Anomaly
2024-11-19 07:10:00,2.0952868,True,1.8495,Latency Anomaly
2024-11-19 07:15:00,2.0657895,True,1.8495,Latency Anomaly
2024-11-19 07:20:00,2.0560734,True,1.8495,Latency Anomaly
2024-11-19 07:25:00,2.0372832,True,1.8495,Latency Anomaly
2024-11-19 07:30:00,2.022544,True,1.8495,Latency Anomaly
2024-11-19 07:35:00,1.9983002,True,1.8495,Latency Anomaly
2024-11-19 07:40:00,1.9811215,True,1.8495,Latency Anomaly
2024-11-19 07:45:00,1.962845,True,1.8495,Latency Anomaly
2024-11-19 07:50:00,1.9561045,True,1.8495,Latency Anomaly
2024-11-19 07:55:00,1.9475112,True,1.8495,Latency Anomaly
2024-11-19 08:00:00,1.9296073,True,1.8495,Latency Anomaly
2024-11-19 08:05:00,1.9126142,True,1.8495,Latency Anomaly
2024-11-19 08:10:00,1.8751258,True,1.8495,Latency Anomaly
2024-11-19 14:45:00,1.8524917,True,1.8495,Latency Anomaly
2024-11-19 14:50:00,1.8757424,True,1.8495,Latency Anomaly
2024-11-19 14:55:00,1.8969873,True,1.8495,Latency Anomaly
2024-11-19 15:00:00,1.9131379,True,1.8495,Latency Anomaly
2024-11-19 15:05:00,1.9270915,True,1.8495,Latency Anomaly
2024-11-19 15:10:00,1.9349463,True,1.8495,Latency Anomaly
2024-11-19 15:15:00,1.9519521,True,1.8495,Latency Anomaly
2024-11-19 15:20:00,1.9652505,True,1.8495,Latency Anomaly
2024-11-19 15:25:00,1.9768847,True,1.8495,Latency Anomaly
2024-11-19 15:30:00,1.9930551,True,1.8495,Latency Anomaly
2024-11-19 15:35:00,2.0081835,True,1.8495,Latency Anomaly
2024-11-19 15:40:00,2.0258656,True,1.8495,Latency Anomaly
2024-11-19 15:45:00,2.0430782,True,1.8495,Latency Anomaly
2024-11-19 15:50:00,2.0575957,True,1.8495,Latency Anomaly
2024-11-19 15:55:00,2.07573,True,1.8495,Latency Anomaly
2024-11-19 16:00:00,2.076597,True,1.8495,Latency Anomaly
2024-11-19 16:05:00,2.0798173,True,1.8495,Latency Anomaly
2024-11-19 16:10:00,2.0901127,True,1.8495,Latency Anomaly
2024-11-19 16:15:00,2.0979521,True,1.8495,Latency Anomaly
2024-11-19 16:20:00,2.1042376,True,1.8495,Latency Anomaly
2024-11-19 16:25:00,2.116779,True,1.8495,Latency Anomaly
2024-11-19 16:30:00,2.1222618,True,1.8495,Latency Anomaly
2024-11-19 16:35:00,2.1277535,True,1.8495,Latency Anomaly
2024-11-19 16:40:00,2.132805,True,1.8495,Latency Anomaly
2024-11-19 16:45:00,2.143694,True,1.8495,Latency Anomaly
2024-11-19 16:50:00,2.1504607,True,1.8495,Latency Anomaly
2024-11-19 16:55:00,2.155559,True,1.8495,Latency Anomaly
2024-11-19 17:00:00,2.1535337,True,1.8495,Latency Anomaly
2024-11-19 17:05:00,2.1561747,True,1.8495,Latency Anomaly
2024-11-19 17:10:00,2.1686084,True,1.8495,Latency Anomaly
2024-11-19 17:15:00,2.1653185,True,1.8495,Latency Anomaly
2024-11-19 17:20:00,2.1638362,True,1.8495,Latency Anomaly
2024-11-19 17:25:00,2.1638293,True,1.8495,Latency Anomaly
2024-11-19 17:30:00,2.157328,True,1.8495,Latency Anomaly
2024-11-19 17:35:00,2.1607955,True,1.8495,Latency Anomaly
2024-11-19 17:40:00,2.1575193,True,1.8495,Latency Anomaly
2024-11-19 17:45:00,2.155978,True,1.8495,Latency Anomaly
2024-11-19 17:50:00,2.1478066,True,1.8495,Latency Anomaly
2024-11-19 17:55:00,2.1473372,True,1.8495,Latency Anomaly
2024-11-19 18:00:00,2.1351593,True,1.8495,Latency Anomaly
2024-11-19 18:05:00,2.1227078,True,1.8495,Latency Anomaly
2024-11-19 18:10:00,2.108439,True,1.8495,Latency Anomaly
2024-11-19 18:15:00,2.0949638,True,1.8495,Latency Anomaly
2024-11-19 18:20:00,2.085519,True,1.8495,Latency Anomaly
2024-11-19 18:25:00,2.0834928,True,1.8495,Latency Anomaly
2024-11-19 18:30:00,2.0705538,True,1.8495,Latency Anomaly
2024-11-19 18:35:00,2.058485,True,1.8495,Latency Anomaly
2024-11-19 18:40:00,2.043139,True,1.8495,Latency Anomaly
2024-11-19 18:45:00,2.0415003,True,1.8495,Latency Anomaly
2024-11-19 18:50:00,2.0336373,True,1.8495,Latency Anomaly
2024-11-19 18:55:00,2.037671,True,1.8495,Latency Anomaly
2024-11-19 19:00:00,2.0270288,True,1.8495,Latency Anomaly
2024-11-19 19:05:00,2.0174212,True,1.8495,Latency Anomaly
2024-11-19 19:10:00,2.0047188,True,1.8495,Latency Anomaly
2024-11-19 19:15:00,1.9959413,True,1.8495,Latency Anomaly
2024-11-19 19:20:00,1.9832438,True,1.8495,Latency Anomaly
2024-11-19 19:25:00,1.9744661,True,1.8495,Latency Anomaly
2024-11-19 19:30:00,1.9605745,True,1.8495,Latency Anomaly
2024-11-19 19:35:00,1.9514161,True,1.8495,Latency Anomaly
2024-11-19 19:40:00,1.9392083,True,1.8495,Latency Anomaly
2024-11-19 19:45:00,1.922674,True,1.8495,Latency Anomaly
2024-11-19 19:50:00,1.914206,True,1.8495,Latency Anomaly
2024-11-19 19:55:00,1.8988855,True,1.8495,Latency Anomaly
2024-11-19 20:00:00,1.8781911,True,1.8495,Latency Anomaly
2024-11-19 20:05:00,1.8620647,True,1.8495,Latency Anomaly
2024-11-20 02:55:00,1.8495709,True,1.8495,Latency Anomaly
2024-11-20 03:00:00,1.8686744,True,1.8495,Latency Anomaly
2024-11-20 03:05:00,1.8821697,True,1.8495,Latency Anomaly
2024-11-20 03:10:00,1.8928896,True,1.8495,Latency Anomaly
2024-11-20 03:15:00,1.915037,True,1.8495,Latency Anomaly
2024-11-20 03:20:00,1.9318962,True,1.8495,Latency Anomaly
2024-11-20 03:25:00,1.9300195,True,1.8495,Latency Anomaly
2024-11-20 03:30:00,1.9526529,True,1.8495,Latency Anomaly
2024-11-20 03:35:00,1.9614065,True,1.8495,Latency Anomaly
2024-11-20 03:40:00,1.9698176,True,1.8495,Latency Anomaly
2024-11-20 03:45:00,1.9815708,True,1.8495,Latency Anomaly
2024-11-20 03:50:00,1.9930351,True,1.8495,Latency Anomaly
2024-11-20 03:55:00,1.9928277,True,1.8495,Latency Anomaly
2024-11-20 04:00:00,1.9920155,True,1.8495,Latency Anomaly
2024-11-20 04:05:00,1.9929732,True,1.8495,Latency Anomaly
2024-11-20 04:10:00,1.99804,True,1.8495,Latency Anomaly
2024-11-20 04:15:00,2.0020416,True,1.8495,Latency Anomaly
2024-11-20 04:20:00,2.0044546,True,1.8495,Latency Anomaly
2024-11-20 04:25:00,2.0111187,True,1.8495,Latency Anomaly
2024-11-20 04:30:00,2.0207443,True,1.8495,Latency Anomaly
2024-11-20 04:35:00,2.021916,True,1.8495,Latency Anomaly
2024-11-20 04:40:00,2.0137806,True,1.8495,Latency Anomaly
2024-11-20 04:45:00,2.0188203,True,1.8495,Latency Anomaly
2024-11-20 04:50:00,2.0183506,True,1.8495,Latency Anomaly
2024-11-20 04:55:00,2.0521457,True,1.8495,Latency Anomaly
2024-11-20 05:00:00,2.0516632,True,1.8495,Latency Anomaly
2024-11-20 05:05:00,2.0520284,True,1.8495,Latency Anomaly
2024-11-20 05:10:00,2.0567641,True,1.8495,Latency Anomaly
2024-11-20 05:15:00,2.052667,True,1.8495,Latency Anomaly
2024-11-20 05:20:00,2.0601544,True,1.8495,Latency Anomaly
2024-11-20 05:25:00,2.0573714,True,1.8495,Latency Anomaly
2024-11-20 05:30:00,2.0582216,True,1.8495,Latency Anomaly
2024-11-20 05:35:00,2.0589404,True,1.8495,Latency Anomaly
2024-11-20 05:40:00,2.063468,True,1.8495,Latency Anomaly
2024-11-20 05:45:00,2.048877,True,1.8495,Latency Anomaly
2024-11-20 05:50:00,2.052345,True,1.8495,Latency Anomaly
2024-11-20 05:55:00,2.0470402,True,1.8495,Latency Anomaly
2024-11-20 06:00:00,2.0569873,True,1.8495,Latency Anomaly
2024-11-20 06:05:00,2.051153,True,1.8495,Latency Anomaly
2024-11-20 06:10:00,2.0403645,True,1.8495,Latency Anomaly
2024-11-20 06:15:00,2.0282269,True,1.8495,Latency Anomaly
2024-11-20 06:20:00,1.9932141,True,1.8495,Latency Anomaly
2024-11-20 06:25:00,1.981283,True,1.8495,Latency Anomaly
2024-11-20 06:30:00,1.9778367,True,1.8495,Latency Anomaly
2024-11-20 06:35:00,1.9767072,True,1.8495,Latency Anomaly
2024-11-20 06:40:00,1.9579933,True,1.8495,Latency Anomaly
2024-11-20 06:45:00,1.9466574,True,1.8495,Latency Anomaly
2024-11-20 06:50:00,1.9442594,True,1.8495,Latency Anomaly
2024-11-20 06:55:00,1.9455904,True,1.8495,Latency Anomaly
2024-11-20 07:00:00,1.9432464,True,1.8495,Latency Anomaly
2024-11-20 07:05:00,1.9430653,True,1.8495,Latency Anomaly
2024-11-20 07:10:00,1.9097372,True,1.8495,Latency Anomaly
2024-11-20 07:15:00,1.9003216,True,1.8495,Latency Anomaly
2024-11-20 07:20:00,1.890125,True,1.8495,Latency Anomaly
2024-11-20 07:25:00,1.8816884,True,1.8495,Latency Anomaly
2024-11-20 14:35:00,1.8626658,True,1.8495,Latency Anomaly
2024-11-20 14:40:00,1.8747399,True,1.8495,Latency Anomaly
2024-11-20 14:45:00,1.8843949,True,1.8495,Latency Anomaly
2024-11-20 14:50:00,1.9048123,True,1.8495,Latency Anomaly
2024-11-20 14:55:00,1.9307299,True,1.8495,Latency Anomaly
2024-11-20 15:00:00,1.9451195,True,1.8495,Latency Anomaly
2024-11-20 15:05:00,1.9560182,True,1.8495,Latency Anomaly
2024-11-20 15:10:00,1.9645398,True,1.8495,Latency Anomaly
2024-11-20 15:15:00,1.9741181,True,1.8495,Latency Anomaly
2024-11-20 15:20:00,1.983145,True,1.8495,Latency Anomaly
2024-11-20 15:25:00,2.0022783,True,1.8495,Latency Anomaly
2024-11-20 15:30:00,2.02044,True,1.8495,Latency Anomaly
2024-11-20 15:35:00,2.028622,True,1.8495,Latency Anomaly
2024-11-20 15:40:00,2.0463963,True,1.8495,Latency Anomaly
2024-11-20 15:45:00,2.063167,True,1.8495,Latency Anomaly
2024-11-20 15:50:00,2.07891,True,1.8495,Latency Anomaly
2024-11-20 15:55:00,2.0939274,True,1.8495,Latency Anomaly
2024-11-20 16:00:00,2.097567,True,1.8495,Latency Anomaly
2024-11-20 16:05:00,2.1050868,True,1.8495,Latency Anomaly
2024-11-20 16:10:00,2.1169777,True,1.8495,Latency Anomaly
2024-11-20 16:15:00,2.1218836,True,1.8495,Latency Anomaly
2024-11-20 16:20:00,2.12593,True,1.8495,Latency Anomaly
2024-11-20 16:25:00,2.1309638,True,1.8495,Latency Anomaly
2024-11-20 16:30:00,2.1388257,True,1.8495,Latency Anomaly
2024-11-20 16:35:00,2.144636,True,1.8495,Latency Anomaly
2024-11-20 16:40:00,2.1539161,True,1.8495,Latency Anomaly
2024-11-20 16:45:00,2.1624177,True,1.8495,Latency Anomaly
2024-11-20 16:50:00,2.1658194,True,1.8495,Latency Anomaly
2024-11-20 16:55:00,2.1708872,True,1.8495,Latency Anomaly
2024-11-20 17:00:00,2.162832,True,1.8495,Latency Anomaly
2024-11-20 17:05:00,2.1605794,True,1.8495,Latency Anomaly
2024-11-20 17:10:00,2.1604,True,1.8495,Latency Anomaly
2024-11-20 17:15:00,2.1634212,True,1.8495,Latency Anomaly
2024-11-20 17:20:00,2.1611924,True,1.8495,Latency Anomaly
2024-11-20 17:25:00,2.1582682,True,1.8495,Latency Anomaly
2024-11-20 17:30:00,2.1597743,True,1.8495,Latency Anomaly
2024-11-20 17:35:00,2.161167,True,1.8495,Latency Anomaly
2024-11-20 17:40:00,2.1592524,True,1.8495,Latency Anomaly
2024-11-20 17:45:00,2.1579416,True,1.8495,Latency Anomaly
2024-11-20 17:50:00,2.1511912,True,1.8495,Latency Anomaly
2024-11-20 17:55:00,2.1504436,True,1.8495,Latency Anomaly
2024-11-20 18:00:00,2.1436625,True,1.8495,Latency Anomaly
2024-11-20 18:05:00,2.1342301,True,1.8495,Latency Anomaly
2024-11-20 18:10:00,2.1236424,True,1.8495,Latency Anomaly
2024-11-20 18:15:00,2.122763,True,1.8495,Latency Anomaly
2024-11-20 18:20:00,2.1203659,True,1.8495,Latency Anomaly
2024-11-20 18:25:00,2.115666,True,1.8495,Latency Anomaly
2024-11-20 18:30:00,2.1087258,True,1.8495,Latency Anomaly
2024-11-20 18:35:00,2.0909536,True,1.8495,Latency Anomaly
2024-11-20 18:40:00,2.0835137,True,1.8495,Latency Anomaly
2024-11-20 18:45:00,2.0753577,True,1.8495,Latency Anomaly
2024-11-20 18:50:00,2.0622144,True,1.8495,Latency Anomaly
2024-11-20 18:55:00,2.0526059,True,1.8495,Latency Anomaly
2024-11-20 19:00:00,2.0278814,True,1.8495,Latency Anomaly
2024-11-20 19:05:00,2.0082119,True,1.8495,Latency Anomaly
2024-11-20 19:10:00,1.9907018,True,1.8495,Latency Anomaly
2024-11-20 19:15:00,1.9806564,True,1.8495,Latency Anomaly
2024-11-20 19:20:00,1.9618156,True,1.8495,Latency Anomaly
2024-11-20 19:25:00,1.9489651,True,1.8495,Latency Anomaly
2024-11-20 19:30:00,1.9383307,True,1.8495,Latency Anomaly
2024-11-20 19:35:00,1.9204736,True,1.8495,Latency Anomaly
2024-11-20 19:40:00,1.9062998,True,1.8495,Latency Anomaly
2024-11-20 19:45:00,1.8887388,True,1.8495,Latency Anomaly
2024-11-20 19:50:00,1.8709977,True,1.8495,Latency Anomaly
2024-11-20 19:55:00,1.8661085,True,1.8495,Latency Anomaly
2024-11-21 02:45:00,1.8966329,True,1.8495,Latency Anomaly
2024-11-21 02:50:00,1.995376,True,1.8495,Latency Anomaly
2024-11-21 02:55:00,2.0484846,True,1.8495,Latency Anomaly
2024-11-21 03:00:00,2.0677881,True,1.8495,Latency Anomaly
2024-11-21 03:05:00,2.08813,True,1.8495,Latency Anomaly
2024-11-21 03:10:00,2.141459,True,1.8495,Latency Anomaly
2024-11-21 03:15:00,2.157807,True,1.8495,Latency Anomaly
2024-11-21 03:20:00,2.1644285,True,1.8495,Latency Anomaly
2024-11-21 03:25:00,2.1936662,True,1.8495,Latency Anomaly
2024-11-21 03:30:00,2.2144783,True,1.8495,Latency Anomaly
2024-11-21 03:35:00,2.2364852,True,1.8495,Latency Anomaly
2024-11-21 03:40:00,2.256297,True,1.8495,Latency Anomaly
2024-11-21 03:45:00,2.2682986,True,1.8495,Latency Anomaly
2024-11-21 03:50:00,2.3042352,True,1.8495,Latency Anomaly
2024-11-21 03:55:00,2.340863,True,1.8495,Latency Anomaly
2024-11-21 04:00:00,2.34296,True,1.8495,Latency Anomaly
2024-11-21 04:05:00,2.3499746,True,1.8495,Latency Anomaly
2024-11-21 04:10:00,2.3599565,True,1.8495,Latency Anomaly
2024-11-21 04:15:00,2.3720846,True,1.8495,Latency Anomaly
2024-11-21 04:20:00,2.3846939,True,1.8495,Latency Anomaly
2024-11-21 04:25:00,2.3916698,True,1.8495,Latency Anomaly
2024-11-21 04:30:00,2.4028363,True,1.8495,Latency Anomaly
2024-11-21 04:35:00,2.4040534,True,1.8495,Latency Anomaly
2024-11-21 04:40:00,2.4169223,True,1.8495,Latency Anomaly
2024-11-21 04:45:00,2.4287848,True,1.8495,Latency Anomaly
2024-11-21 04:50:00,2.4349775,True,1.8495,Latency Anomaly
2024-11-21 04:55:00,2.4323397,True,1.8495,Latency Anomaly
2024-11-21 05:00:00,2.4297497,True,1.8495,Latency Anomaly
2024-11-21 05:05:00,2.4306996,True,1.8495,Latency Anomaly
2024-11-21 05:10:00,2.416614,True,1.8495,Latency Anomaly
2024-11-21 05:15:00,2.4295099,True,1.8495,Latency Anomaly
2024-11-21 05:20:00,2.4325545,True,1.8495,Latency Anomaly
2024-11-21 05:25:00,2.4320502,True,1.8495,Latency Anomaly
2024-11-21 05:30:00,2.441811,True,1.8495,Latency Anomaly
2024-11-21 05:35:00,2.4387994,True,1.8495,Latency Anomaly
2024-11-21 05:40:00,2.4340727,True,1.8495,Latency Anomaly
2024-11-21 05:45:00,2.4345353,True,1.8495,Latency Anomaly
2024-11-21 05:50:00,2.4369457,True,1.8495,Latency Anomaly
2024-11-21 05:55:00,2.437398,True,1.8495,Latency Anomaly
2024-11-21 06:00:00,2.4282594,True,1.8495,Latency Anomaly
2024-11-21 06:05:00,2.418585,True,1.8495,Latency Anomaly
2024-11-21 06:10:00,2.403623,True,1.8495,Latency Anomaly
2024-11-21 06:15:00,2.3976154,True,1.8495,Latency Anomaly
2024-11-21 06:20:00,2.3916914,True,1.8495,Latency Anomaly
2024-11-21 06:25:00,2.3880856,True,1.8495,Latency Anomaly
2024-11-21 06:30:00,2.3754325,True,1.8495,Latency Anomaly
2024-11-21 06:35:00,2.3692663,True,1.8495,Latency Anomaly
2024-11-21 06:40:00,2.3594458,True,1.8495,Latency Anomaly
2024-11-21 06:45:00,2.3410587,True,1.8495,Latency Anomaly
2024-11-21 06:50:00,2.331427,True,1.8495,Latency Anomaly
2024-11-21 06:55:00,2.3146777,True,1.8495,Latency Anomaly
2024-11-21 07:00:00,2.2873855,True,1.8495,Latency Anomaly
2024-11-21 07:05:00,2.2733445,True,1.8495,Latency Anomaly
2024-11-21 07:10:00,2.2554448,True,1.8495,Latency Anomaly
2024-11-21 07:15:00,2.2233899,True,1.8495,Latency Anomaly
2024-11-21 07:20:00,2.2298944,True,1.8495,Latency Anomaly
2024-11-21 07:25:00,2.228524,True,1.8495,Latency Anomaly
2024-11-21 07:30:00,2.2188241,True,1.8495,Latency Anomaly
2024-11-21 07:35:00,2.208973,True,1.8495,Latency Anomaly
2024-11-21 07:40:00,2.20806,True,1.8495,Latency Anomaly
2024-11-21 07:45:00,2.1845899,True,1.8495,Latency Anomaly
2024-11-21 07:50:00,2.112235,True,1.8495,Latency Anomaly
2024-11-21 07:55:00,2.0818288,True,1.8495,Latency Anomaly
2024-11-21 08:00:00,2.072774,True,1.8495,Latency Anomaly
2024-11-21 08:05:00,2.0478761,True,1.8495,Latency Anomaly
2024-11-21 08:10:00,2.0424535,True,1.8495,Latency Anomaly
2024-11-21 08:15:00,2.0217152,True,1.8495,Latency Anomaly
2024-11-21 08:20:00,1.9316928,True,1.8495,Latency Anomaly
2024-11-21 08:25:00,1.922048,True,1.8495,Latency Anomaly
2024-11-21 08:30:00,1.8980205,True,1.8495,Latency Anomaly
2024-11-21 08:35:00,1.8791832,True,1.8495,Latency Anomaly
2024-11-21 08:40:00,1.8513273,True,1.8495,Latency Anomaly
2024-11-21 14:45:00,1.8557298,True,1.8495,Latency Anomaly
2024-11-21 14:50:00,1.8759507,True,1.8495,Latency Anomaly
2024-11-21 14:55:00,1.8829582,True,1.8495,Latency Anomaly
2024-11-21 15:00:00,1.8992985,True,1.8495,Latency Anomaly
2024-11-21 15:05:00,1.9176211,True,1.8495,Latency Anomaly
2024-11-21 15:10:00,1.9318861,True,1.8495,Latency Anomaly
2024-11-21 15:15:00,1.9438322,True,1.8495,Latency Anomaly
2024-11-21 15:20:00,1.9512078,True,1.8495,Latency Anomaly
2024-11-21 15:25:00,1.9681721,True,1.8495,Latency Anomaly
2024-11-21 15:30:00,1.9862506,True,1.8495,Latency Anomaly
2024-11-21 15:35:00,1.993859,True,1.8495,Latency Anomaly
2024-11-21 15:40:00,2.0072005,True,1.8495,Latency Anomaly
2024-11-21 15:45:00,2.0263138,True,1.8495,Latency Anomaly
2024-11-21 15:50:00,2.037729,True,1.8495,Latency Anomaly
2024-11-21 15:55:00,2.042637,True,1.8495,Latency Anomaly
2024-11-21 16:00:00,2.0545247,True,1.8495,Latency Anomaly
2024-11-21 16:05:00,2.0648608,True,1.8495,Latency Anomaly
2024-11-21 16:10:00,2.0676374,True,1.8495,Latency Anomaly
2024-11-21 16:15:00,2.083225,True,1.8495,Latency Anomaly
2024-11-21 16:20:00,2.0944269,True,1.8495,Latency Anomaly
2024-11-21 16:25:00,2.100396,True,1.8495,Latency Anomaly
2024-11-21 16:30:00,2.1084976,True,1.8495,Latency Anomaly
2024-11-21 16:35:00,2.116204,True,1.8495,Latency Anomaly
2024-11-21 16:40:00,2.1233678,True,1.8495,Latency Anomaly
2024-11-21 16:45:00,2.1292226,True,1.8495,Latency Anomaly
2024-11-21 16:50:00,2.137949,True,1.8495,Latency Anomaly
2024-11-21 16:55:00,2.1505127,True,1.8495,Latency Anomaly
2024-11-21 17:00:00,2.1518035,True,1.8495,Latency Anomaly
2024-11-21 17:05:00,2.1573384,True,1.8495,Latency Anomaly
2024-11-21 17:10:00,2.1510575,True,1.8495,Latency Anomaly
2024-11-21 17:15:00,2.1476223,True,1.8495,Latency Anomaly
2024-11-21 17:20:00,2.1499066,True,1.8495,Latency Anomaly
2024-11-21 17:25:00,2.1493216,True,1.8495,Latency Anomaly
2024-11-21 17:30:00,2.1432135,True,1.8495,Latency Anomaly
2024-11-21 17:35:00,2.1453764,True,1.8495,Latency Anomaly
2024-11-21 17:40:00,2.1456797,True,1.8495,Latency Anomaly
2024-11-21 17:45:00,2.1536405,True,1.8495,Latency Anomaly
2024-11-21 17:50:00,2.163228,True,1.8495,Latency Anomaly
2024-11-21 17:55:00,2.1619034,True,1.8495,Latency Anomaly
2024-11-21 18:00:00,2.1451297,True,1.8495,Latency Anomaly
2024-11-21 18:05:00,2.1330936,True,1.8495,Latency Anomaly
2024-11-21 18:10:00,2.128481,True,1.8495,Latency Anomaly
2024-11-21 18:15:00,2.1246455,True,1.8495,Latency Anomaly
2024-11-21 18:20:00,2.1124792,True,1.8495,Latency Anomaly
2024-11-21 18:25:00,2.1069856,True,1.8495,Latency Anomaly
2024-11-21 18:30:00,2.1025655,True,1.8495,Latency Anomaly
2024-11-21 18:35:00,2.0945108,True,1.8495,Latency Anomaly
2024-11-21 18:40:00,2.0880919,True,1.8495,Latency Anomaly
2024-11-21 18:45:00,2.082744,True,1.8495,Latency Anomaly
2024-11-21 18:50:00,2.075093,True,1.8495,Latency Anomaly
2024-11-21 18:55:00,2.0690124,True,1.8495,Latency Anomaly
2024-11-21 19:00:00,2.0559094,True,1.8495,Latency Anomaly
2024-11-21 19:05:00,2.0404024,True,1.8495,Latency Anomaly
2024-11-21 19:10:00,2.0345752,True,1.8495,Latency Anomaly
2024-11-21 19:15:00,2.0234637,True,1.8495,Latency Anomaly
2024-11-21 19:20:00,2.0046904,True,1.8495,Latency Anomaly
2024-11-21 19:25:00,1.9911017,True,1.8495,Latency Anomaly
2024-11-21 19:30:00,1.974301,True,1.8495,Latency Anomaly
2024-11-21 19:35:00,1.9607198,True,1.8495,Latency Anomaly
2024-11-21 19:40:00,1.9552101,True,1.8495,Latency Anomaly
2024-11-21 19:45:00,1.9378126,True,1.8495,Latency Anomaly
2024-11-21 19:50:00,1.92797,True,1.8495,Latency Anomaly
2024-11-21 19:55:00,1.9185736,True,1.8495,Latency Anomaly
2024-11-21 20:00:00,1.9062917,True,1.8495,Latency Anomaly
2024-11-21 20:05:00,1.9023855,True,1.8495,Latency Anomaly
2024-11-21 20:10:00,1.8864613,True,1.8495,Latency Anomaly
2024-11-21 20:15:00,1.8719654,True,1.8495,Latency Anomaly
2024-11-21 20:20:00,1.852236,True,1.8495,Latency Anomaly
2024-11-22 02:25:00,1.8534701,True,1.8495,Latency Anomaly
2024-11-22 02:30:00,1.878218,True,1.8495,Latency Anomaly
2024-11-22 02:35:00,1.8886518,True,1.8495,Latency Anomaly
2024-11-22 02:40:00,1.9171509,True,1.8495,Latency Anomaly
2024-11-22 02:45:00,1.9456222,True,1.8495,Latency Anomaly
2024-11-22 02:50:00,1.9575465,True,1.8495,Latency Anomaly
2024-11-22 02:55:00,1.9608343,True,1.8495,Latency Anomaly
2024-11-22 03:00:00,1.9649857,True,1.8495,Latency Anomaly
2024-11-22 03:05:00,1.9882127,True,1.8495,Latency Anomaly
2024-11-22 03:10:00,2.0107648,True,1.8495,Latency Anomaly
2024-11-22 03:15:00,2.019657,True,1.8495,Latency Anomaly
2024-11-22 03:20:00,2.0304825,True,1.8495,Latency Anomaly
2024-11-22 03:25:00,2.0393393,True,1.8495,Latency Anomaly
2024-11-22 03:30:00,2.048734,True,1.8495,Latency Anomaly
2024-11-22 03:35:00,2.064358,True,1.8495,Latency Anomaly
2024-11-22 03:40:00,2.0708227,True,1.8495,Latency Anomaly
2024-11-22 03:45:00,2.0790102,True,1.8495,Latency Anomaly
2024-11-22 03:50:00,2.1142437,True,1.8495,Latency Anomaly
2024-11-22 03:55:00,2.1303055,True,1.8495,Latency Anomaly
2024-11-22 04:00:00,2.1735783,True,1.8495,Latency Anomaly
2024-11-22 04:05:00,2.173753,True,1.8495,Latency Anomaly
2024-11-22 04:10:00,2.1820126,True,1.8495,Latency Anomaly
2024-11-22 04:15:00,2.1978648,True,1.8495,Latency Anomaly
2024-11-22 04:20:00,2.216835,True,1.8495,Latency Anomaly
2024-11-22 04:25:00,2.240938,True,1.8495,Latency Anomaly
2024-11-22 04:30:00,2.258244,True,1.8495,Latency Anomaly
2024-11-22 04:35:00,2.2859113,True,1.8495,Latency Anomaly
2024-11-22 04:40:00,2.2884836,True,1.8495,Latency Anomaly
2024-11-22 04:45:00,2.310729,True,1.8495,Latency Anomaly
2024-11-22 04:50:00,2.3120656,True,1.8495,Latency Anomaly
2024-11-22 04:55:00,2.3256774,True,1.8495,Latency Anomaly
2024-11-22 05:00:00,2.319146,True,1.8495,Latency Anomaly
2024-11-22 05:05:00,2.3047101,True,1.8495,Latency Anomaly
2024-11-22 05:10:00,2.308541,True,1.8495,Latency Anomaly
2024-11-22 05:15:00,2.3089764,True,1.8495,Latency Anomaly
2024-11-22 05:20:00,2.3225908,True,1.8495,Latency Anomaly
2024-11-22 05:25:00,2.3371189,True,1.8495,Latency Anomaly
2024-11-22 05:30:00,2.3383288,True,1.8495,Latency Anomaly
2024-11-22 05:35:00,2.3378787,True,1.8495,Latency Anomaly
2024-11-22 05:40:00,2.3277872,True,1.8495,Latency Anomaly
2024-11-22 05:45:00,2.3332808,True,1.8495,Latency Anomaly
2024-11-22 05:50:00,2.3295019,True,1.8495,Latency Anomaly
2024-11-22 05:55:00,2.3204145,True,1.8495,Latency Anomaly
2024-11-22 06:00:00,2.331978,True,1.8495,Latency Anomaly
2024-11-22 06:05:00,2.3233953,True,1.8495,Latency Anomaly
2024-11-22 06:10:00,2.3224592,True,1.8495,Latency Anomaly
2024-11-22 06:15:00,2.3238714,True,1.8495,Latency Anomaly
2024-11-22 06:20:00,2.31257,True,1.8495,Latency Anomaly
2024-11-22 06:25:00,2.2879024,True,1.8495,Latency Anomaly
2024-11-22 06:30:00,2.2520392,True,1.8495,Latency Anomaly
2024-11-22 06:35:00,2.238974,True,1.8495,Latency Anomaly
2024-11-22 06:40:00,2.2385087,True,1.8495,Latency Anomaly
2024-11-22 06:45:00,2.2249048,True,1.8495,Latency Anomaly
2024-11-22 06:50:00,2.2146401,True,1.8495,Latency Anomaly
2024-11-22 06:55:00,2.2042654,True,1.8495,Latency Anomaly
2024-11-22 07:00:00,2.1590526,True,1.8495,Latency Anomaly
2024-11-22 07:05:00,2.1369138,True,1.8495,Latency Anomaly
2024-11-22 07:10:00,2.1264138,True,1.8495,Latency Anomaly
2024-11-22 07:15:00,2.0616276,True,1.8495,Latency Anomaly
2024-11-22 07:20:00,2.0522113,True,1.8495,Latency Anomaly
2024-11-22 07:25:00,2.0459921,True,1.8495,Latency Anomaly
2024-11-22 07:30:00,2.0255382,True,1.8495,Latency Anomaly
2024-11-22 07:35:00,2.0091798,True,1.8495,Latency Anomaly
2024-11-22 07:40:00,1.9829916,True,1.8495,Latency Anomaly
2024-11-22 07:45:00,1.9618486,True,1.8495,Latency Anomaly
2024-11-22 07:50:00,1.9406012,True,1.8495,Latency Anomaly
2024-11-22 07:55:00,1.9125454,True,1.8495,Latency Anomaly
2024-11-22 08:00:00,1.8986309,True,1.8495,Latency Anomaly
2024-11-22 08:05:00,1.8901148,True,1.8495,Latency Anomaly
2024-11-22 08:10:00,1.8722373,True,1.8495,Latency Anomaly
2024-11-22 14:35:00,1.8552725,True,1.8495,Latency Anomaly
2024-11-22 14:40:00,1.8651816,True,1.8495,Latency Anomaly
2024-11-22 14:45:00,1.8854923,True,1.8495,Latency Anomaly
2024-11-22 14:50:00,1.907749,True,1.8495,Latency Anomaly
2024-11-22 14:55:00,1.9193575,True,1.8495,Latency Anomaly
2024-11-22 15:00:00,1.9290059,True,1.8495,Latency Anomaly
2024-11-22 15:05:00,1.9409548,True,1.8495,Latency Anomaly
2024-11-22 15:10:00,1.950523,True,1.8495,Latency Anomaly
2024-11-22 15:15:00,1.9595488,True,1.8495,Latency Anomaly
2024-11-22 15:20:00,1.9686378,True,1.8495,Latency Anomaly
2024-11-22 15:25:00,1.9884424,True,1.8495,Latency Anomaly
2024-11-22 15:30:00,2.001462,True,1.8495,Latency Anomaly
2024-11-22 15:35:00,2.0103018,True,1.8495,Latency Anomaly
2024-11-22 15:40:00,2.02875,True,1.8495,Latency Anomaly
2024-11-22 15:45:00,2.0449421,True,1.8495,Latency Anomaly
2024-11-22 15:50:00,2.0637949,True,1.8495,Latency Anomaly
2024-11-22 15:55:00,2.0787237,True,1.8495,Latency Anomaly
2024-11-22 16:00:00,2.0890474,True,1.8495,Latency Anomaly
2024-11-22 16:05:00,2.1000283,True,1.8495,Latency Anomaly
2024-11-22 16:10:00,2.108093,True,1.8495,Latency Anomaly
2024-11-22 16:15:00,2.1145945,True,1.8495,Latency Anomaly
2024-11-22 16:20:00,2.1174812,True,1.8495,Latency Anomaly
2024-11-22 16:25:00,2.1243875,True,1.8495,Latency Anomaly
2024-11-22 16:30:00,2.1286993,True,1.8495,Latency Anomaly
2024-11-22 16:35:00,2.1435862,True,1.8495,Latency Anomaly
2024-11-22 16:40:00,2.156052,True,1.8495,Latency Anomaly
2024-11-22 16:45:00,2.166595,True,1.8495,Latency Anomaly
2024-11-22 16:50:00,2.1799917,True,1.8495,Latency Anomaly
2024-11-22 16:55:00,2.196696,True,1.8495,Latency Anomaly
2024-11-22 17:00:00,2.188343,True,1.8495,Latency Anomaly
2024-11-22 17:05:00,2.2005126,True,1.8495,Latency Anomaly
2024-11-22 17:10:00,2.204518,True,1.8495,Latency Anomaly
2024-11-22 17:15:00,2.20297,True,1.8495,Latency Anomaly
2024-11-22 17:20:00,2.204892,True,1.8495,Latency Anomaly
2024-11-22 17:25:00,2.20356,True,1.8495,Latency Anomaly
2024-11-22 17:30:00,2.2084868,True,1.8495,Latency Anomaly
2024-11-22 17:35:00,2.2061977,True,1.8495,Latency Anomaly
2024-11-22 17:40:00,2.2082212,True,1.8495,Latency Anomaly
2024-11-22 17:45:00,2.2057612,True,1.8495,Latency Anomaly
2024-11-22 17:50:00,2.2042325,True,1.8495,Latency Anomaly
2024-11-22 17:55:00,2.1918097,True,1.8495,Latency Anomaly
2024-11-22 18:00:00,2.1813061,True,1.8495,Latency Anomaly
2024-11-22 18:05:00,2.175962,True,1.8495,Latency Anomaly
2024-11-22 18:10:00,2.161032,True,1.8495,Latency Anomaly
2024-11-22 18:15:00,2.1638002,True,1.8495,Latency Anomaly
2024-11-22 18:20:00,2.1540132,True,1.8495,Latency Anomaly
2024-11-22 18:25:00,2.149637,True,1.8495,Latency Anomaly
2024-11-22 18:30:00,2.1443968,True,1.8495,Latency Anomaly
2024-11-22 18:35:00,2.1366134,True,1.8495,Latency Anomaly
2024-11-22 18:40:00,2.1249042,True,1.8495,Latency Anomaly
2024-11-22 18:45:00,2.1188369,True,1.8495,Latency Anomaly
2024-11-22 18:50:00,2.1108663,True,1.8495,Latency Anomaly
2024-11-22 18:55:00,2.0997405,True,1.8495,Latency Anomaly
2024-11-22 19:00:00,2.0808809,True,1.8495,Latency Anomaly
2024-11-22 19:05:00,2.0640607,True,1.8495,Latency Anomaly
2024-11-22 19:10:00,2.0527258,True,1.8495,Latency Anomaly
2024-11-22 19:15:00,2.04292,True,1.8495,Latency Anomaly
2024-11-22 19:20:00,2.029987,True,1.8495,Latency Anomaly
2024-11-22 19:25:00,2.0132508,True,1.8495,Latency Anomaly
2024-11-22 19:30:00,1.9996506,True,1.8495,Latency Anomaly
2024-11-22 19:35:00,1.9857967,True,1.8495,Latency Anomaly
2024-11-22 19:40:00,1.9828411,True,1.8495,Latency Anomaly
2024-11-22 19:45:00,1.970312,True,1.8495,Latency Anomaly
2024-11-22 19:50:00,1.95963,True,1.8495,Latency Anomaly
2024-11-22 19:55:00,1.9431143,True,1.8495,Latency Anomaly
2024-11-22 20:00:00,1.9257344,True,1.8495,Latency Anomaly
2024-11-22 20:05:00,1.905213,True,1.8495,Latency Anomaly
2024-11-22 20:10:00,1.8908728,True,1.8495,Latency Anomaly
2024-11-22 20:15:00,1.8705364,True,1.8495,Latency Anomaly
2024-11-22 20:20:00,1.8535494,True,1.8495,Latency Anomaly
2024-11-23 02:10:00,1.850031,True,1.8495,Latency Anomaly
2024-11-23 02:15:00,1.8849843,True,1.8495,Latency Anomaly
2024-11-23 02:20:00,1.9664822,True,1.8495,Latency Anomaly
2024-11-23 02:25:00,2.0290854,True,1.8495,Latency Anomaly
2024-11-23 02:30:00,2.162618,True,1.8495,Latency Anomaly
2024-11-23 02:35:00,2.259174,True,1.8495,Latency Anomaly
2024-11-23 02:40:00,2.3634055,True,1.8495,Latency Anomaly
2024-11-23 02:45:00,2.3916068,True,1.8495,Latency Anomaly
2024-11-23 02:50:00,2.417886,True,1.8495,Latency Anomaly
2024-11-23 02:55:00,2.425231,True,1.8495,Latency Anomaly
2024-11-23 03:00:00,2.45872,True,1.8495,Latency Anomaly
2024-11-23 03:05:00,2.4974961,True,1.8495,Latency Anomaly
2024-11-23 03:10:00,2.5074701,True,1.8495,Latency Anomaly
2024-11-23 03:15:00,2.5409088,True,1.8495,Latency Anomaly
2024-11-23 03:20:00,2.595695,True,1.8495,Latency Anomaly
2024-11-23 03:25:00,2.6111279,True,1.8495,Latency Anomaly
2024-11-23 03:30:00,2.7160015,True,1.8495,Latency Anomaly
2024-11-23 03:35:00,2.7291918,True,1.8495,Latency Anomaly
2024-11-23 03:40:00,2.7619221,True,1.8495,Latency Anomaly
2024-11-23 03:45:00,2.8066328,True,1.8495,Latency Anomaly
2024-11-23 03:50:00,2.8625777,True,1.8495,Latency Anomaly
2024-11-23 03:55:00,2.878766,True,1.8495,Latency Anomaly
2024-11-23 04:00:00,2.8738782,True,1.8495,Latency Anomaly
2024-11-23 04:05:00,2.8776195,True,1.8495,Latency Anomaly
2024-11-23 04:10:00,2.8989608,True,1.8495,Latency Anomaly
2024-11-23 04:15:00,2.9054892,True,1.8495,Latency Anomaly
2024-11-23 04:20:00,2.9262686,True,1.8495,Latency Anomaly
2024-11-23 04:25:00,2.9357755,True,1.8495,Latency Anomaly
2024-11-23 04:30:00,2.9560294,True,1.8495,Latency Anomaly
2024-11-23 04:35:00,2.9859855,True,1.8495,Latency Anomaly
2024-11-23 04:40:00,2.9944108,True,1.8495,Latency Anomaly
2024-11-23 04:45:00,3.008075,True,1.8495,Latency Anomaly
2024-11-23 04:50:00,3.016507,True,1.8495,Latency Anomaly
2024-11-23 04:55:00,3.0134556,True,1.8495,Latency Anomaly
2024-11-23 05:00:00,3.0284455,True,1.8495,Latency Anomaly
2024-11-23 05:05:00,3.0353749,True,1.8495,Latency Anomaly
2024-11-23 05:10:00,3.0186925,True,1.8495,Latency Anomaly
2024-11-23 05:15:00,3.0333645,True,1.8495,Latency Anomaly
2024-11-23 05:20:00,3.0569878,True,1.8495,Latency Anomaly
2024-11-23 05:25:00,3.066563,True,1.8495,Latency Anomaly
2024-11-23 05:30:00,3.0730388,True,1.8495,Latency Anomaly
2024-11-23 05:35:00,3.088988,True,1.8495,Latency Anomaly
2024-11-23 05:40:00,3.0971708,True,1.8495,Latency Anomaly
2024-11-23 05:45:00,3.102826,True,1.8495,Latency Anomaly
2024-11-23 05:50:00,3.101804,True,1.8495,Latency Anomaly
2024-11-23 05:55:00,3.0989864,True,1.8495,Latency Anomaly
2024-11-23 06:00:00,3.0954304,True,1.8495,Latency Anomaly
2024-11-23 06:05:00,3.0920942,True,1.8495,Latency Anomaly
2024-11-23 06:10:00,3.0908058,True,1.8495,Latency Anomaly
2024-11-23 06:15:00,3.0942712,True,1.8495,Latency Anomaly
2024-11-23 06:20:00,3.0789444,True,1.8495,Latency Anomaly
2024-11-23 06:25:00,3.0686269,True,1.8495,Latency Anomaly
2024-11-23 06:30:00,3.0689387,True,1.8495,Latency Anomaly
2024-11-23 06:35:00,3.0493765,True,1.8495,Latency Anomaly
2024-11-23 06:40:00,3.0473306,True,1.8495,Latency Anomaly
2024-11-23 06:45:00,3.013756,True,1.8495,Latency Anomaly
2024-11-23 06:50:00,2.9893124,True,1.8495,Latency Anomaly
2024-11-23 06:55:00,2.9899988,True,1.8495,Latency Anomaly
2024-11-23 07:00:00,2.9794834,True,1.8495,Latency Anomaly
2024-11-23 07:05:00,2.9484656,True,1.8495,Latency Anomaly
2024-11-23 07:10:00,2.9335506,True,1.8495,Latency Anomaly
2024-11-23 07:15:00,2.9043205,True,1.8495,Latency Anomaly
2024-11-23 07:20:00,2.8959816,True,1.8495,Latency Anomaly
2024-11-23 07:25:00,2.861768,True,1.8495,Latency Anomaly
2024-11-23 07:30:00,2.8296807,True,1.8495,Latency Anomaly
2024-11-23 07:35:00,2.7989728,True,1.8495,Latency Anomaly
2024-11-23 07:40:00,2.756566,True,1.8495,Latency Anomaly
2024-11-23 07:45:00,2.743247,True,1.8495,Latency Anomaly
2024-11-23 07:50:00,2.7365725,True,1.8495,Latency Anomaly
2024-11-23 07:55:00,2.716413,True,1.8495,Latency Anomaly
2024-11-23 08:00:00,2.6882958,True,1.8495,Latency Anomaly
2024-11-23 08:05:00,2.624296,True,1.8495,Latency Anomaly
2024-11-23 08:10:00,2.6006937,True,1.8495,Latency Anomaly
2024-11-23 08:15:00,2.565756,True,1.8495,Latency Anomaly
2024-11-23 08:20:00,2.48612,True,1.8495,Latency Anomaly
2024-11-23 08:25:00,2.4195924,True,1.8495,Latency Anomaly
2024-11-23 08:30:00,2.292228,True,1.8495,Latency Anomaly
2024-11-23 08:35:00,2.198635,True,1.8495,Latency Anomaly
2024-11-23 08:40:00,2.0896,True,1.8495,Latency Anomaly
2024-11-23 08:45:00,2.0637226,True,1.8495,Latency Anomaly
2024-11-23 08:50:00,2.04346,True,1.8495,Latency Anomaly
2024-11-23 08:55:00,2.0436811,True,1.8495,Latency Anomaly
2024-11-23 09:00:00,2.015852,True,1.8495,Latency Anomaly
2024-11-23 09:05:00,1.9757681,True,1.8495,Latency Anomaly
2024-11-23 09:10:00,1.9638966,True,1.8495,Latency Anomaly
2024-11-23 09:15:00,1.931437,True,1.8495,Latency Anomaly
2024-11-23 09:20:00,1.879661,True,1.8495,Latency Anomaly
2024-11-23 09:25:00,1.8563992,True,1.8495,Latency Anomaly
2024-11-24 01:45:00,1.8665016,True,1.8495,Latency Anomaly
2024-11-24 01:50:00,1.867106,True,1.8495,Latency Anomaly
2024-11-24 01:55:00,1.8767599,True,1.8495,Latency Anomaly
2024-11-24 02:00:00,1.9294955,True,1.8495,Latency Anomaly
2024-11-24 02:05:00,1.967928,True,1.8495,Latency Anomaly
2024-11-24 02:10:00,2.0258646,True,1.8495,Latency Anomaly
2024-11-24 02:15:00,2.0403616,True,1.8495,Latency Anomaly
2024-11-24 02:20:00,2.0547028,True,1.8495,Latency Anomaly
2024-11-24 02:25:00,2.0675416,True,1.8495,Latency Anomaly
2024-11-24 02:30:00,2.0863936,True,1.8495,Latency Anomaly
2024-11-24 02:35:00,2.194318,True,1.8495,Latency Anomaly
2024-11-24 02:40:00,2.2125058,True,1.8495,Latency Anomaly
2024-11-24 02:45:00,2.2509615,True,1.8495,Latency Anomaly
2024-11-24 02:50:00,2.3051357,True,1.8495,Latency Anomaly
2024-11-24 02:55:00,2.3220956,True,1.8495,Latency Anomaly
2024-11-24 03:00:00,2.338352,True,1.8495,Latency Anomaly
2024-11-24 03:05:00,2.3824015,True,1.8495,Latency Anomaly
2024-11-24 03:10:00,2.3879538,True,1.8495,Latency Anomaly
2024-11-24 03:15:00,2.4000707,True,1.8495,Latency Anomaly
2024-11-24 03:20:00,2.4411972,True,1.8495,Latency Anomaly
2024-11-24 03:25:00,2.45592,True,1.8495,Latency Anomaly
2024-11-24 03:30:00,2.457673,True,1.8495,Latency Anomaly
2024-11-24 03:35:00,2.4641397,True,1.8495,Latency Anomaly
2024-11-24 03:40:00,2.5142944,True,1.8495,Latency Anomaly
2024-11-24 03:45:00,2.5330572,True,1.8495,Latency Anomaly
2024-11-24 03:50:00,2.5765111,True,1.8495,Latency Anomaly
2024-11-24 03:55:00,2.5939732,True,1.8495,Latency Anomaly
2024-11-24 04:00:00,2.6252182,True,1.8495,Latency Anomaly
2024-11-24 04:05:00,2.6278865,True,1.8495,Latency Anomaly
2024-11-24 04:10:00,2.6510541,True,1.8495,Latency Anomaly
2024-11-24 04:15:00,2.6809258,True,1.8495,Latency Anomaly
2024-11-24 04:20:00,2.699168,True,1.8495,Latency Anomaly
2024-11-24 04:25:00,2.7149267,True,1.8495,Latency Anomaly
2024-11-24 04:30:00,2.717649,True,1.8495,Latency Anomaly
2024-11-24 04:35:00,2.7271428,True,1.8495,Latency Anomaly
2024-11-24 04:40:00,2.7356815,True,1.8495,Latency Anomaly
2024-11-24 04:45:00,2.7446682,True,1.8495,Latency Anomaly
2024-11-24 04:50:00,2.7504103,True,1.8495,Latency Anomaly
2024-11-24 04:55:00,2.7774441,True,1.8495,Latency Anomaly
2024-11-24 05:00:00,2.8038957,True,1.8495,Latency Anomaly
2024-11-24 05:05:00,2.8124032,True,1.8495,Latency Anomaly
2024-11-24 05:10:00,2.818801,True,1.8495,Latency Anomaly
2024-11-24 05:15:00,2.8253798,True,1.8495,Latency Anomaly
2024-11-24 05:20:00,2.8249571,True,1.8495,Latency Anomaly
2024-11-24 05:25:00,2.818217,True,1.8495,Latency Anomaly
2024-11-24 05:30:00,2.8220367,True,1.8495,Token/Cost Anomaly
2024-11-24 05:35:00,2.8254423,True,1.8495,Token/Cost Anomaly
2024-11-24 05:40:00,2.8275225,True,1.8495,Token/Cost Anomaly
2024-11-24 05:45:00,2.8468826,True,1.8495,Latency Anomaly
2024-11-24 05:50:00,2.8610308,True,1.8495,Latency Anomaly
2024-11-24 05:55:00,2.8622534,True,1.8495,Token/Cost Anomaly
2024-11-24 06:00:00,2.854314,True,1.8495,Token/Cost Anomaly
2024-11-24 06:05:00,2.8203185,True,1.8495,Token/Cost Anomaly
2024-11-24 06:10:00,2.818492,True,1.8495,Token/Cost Anomaly
2024-11-24 06:15:00,2.7566729,True,1.8495,Latency Anomaly
2024-11-24 06:20:00,2.7235222,True,1.8495,Latency Anomaly
2024-11-24 06:25:00,2.7112858,True,1.8495,Latency Anomaly
2024-11-24 06:30:00,2.701913,True,1.8495,Latency Anomaly
2024-11-24 06:35:00,2.6902606,True,1.8495,Latency Anomaly
2024-11-24 06:40:00,2.698302,True,1.8495,Latency Anomaly
2024-11-24 06:45:00,2.6968741,True,1.8495,Latency Anomaly
2024-11-24 06:50:00,2.6839442,True,1.8495,Latency Anomaly
2024-11-24 06:55:00,2.6724017,True,1.8495,Latency Anomaly
2024-11-24 07:00:00,2.6332114,True,1.8495,Latency Anomaly
2024-11-24 07:05:00,2.6121693,True,1.8495,Latency Anomaly
2024-11-24 07:10:00,2.5508378,True,1.8495,Latency Anomaly
2024-11-24 07:15:00,2.539252,True,1.8495,Latency Anomaly
2024-11-24 07:20:00,2.5201788,True,1.8495,Latency Anomaly
2024-11-24 07:25:00,2.5145342,True,1.8495,Latency Anomaly
2024-11-24 07:30:00,2.4981096,True,1.8495,Latency Anomaly
2024-11-24 07:35:00,2.4846237,True,1.8495,Latency Anomaly
2024-11-24 07:40:00,2.475019,True,1.8495,Latency Anomaly
2024-11-24 07:45:00,2.4328444,True,1.8495,Latency Anomaly
2024-11-24 07:50:00,2.442846,True,1.8495,Latency Anomaly
2024-11-24 07:55:00,2.4272122,True,1.8495,Latency Anomaly
2024-11-24 08:00:00,2.3816633,True,1.8495,Latency Anomaly
2024-11-24 08:05:00,2.3415213,True,1.8495,Latency Anomaly
2024-11-24 08:10:00,2.284053,True,1.8495,Latency Anomaly
2024-11-24 08:15:00,2.274086,True,1.8495,Latency Anomaly
2024-11-24 08:20:00,2.2555742,True,1.8495,Latency Anomaly
2024-11-24 08:25:00,2.244996,True,1.8495,Latency Anomaly
2024-11-24 08:30:00,2.2334857,True,1.8495,Latency Anomaly
2024-11-24 08:35:00,2.1198292,True,1.8495,Latency Anomaly
2024-11-24 08:40:00,2.1213293,True,1.8495,Latency Anomaly
2024-11-24 08:45:00,2.0876143,True,1.8495,Latency Anomaly
2024-11-24 08:50:00,2.0333292,True,1.8495,Latency Anomaly
2024-11-24 08:55:00,2.0442111,True,1.8495,Latency Anomaly
2024-11-24 09:00:00,2.0290678,True,1.8495,Latency Anomaly
2024-11-24 09:05:00,1.988119,True,1.8495,Latency Anomaly
2024-11-24 09:10:00,1.9744638,True,1.8495,Latency Anomaly
2024-11-24 09:15:00,1.9540857,True,1.8495,Latency Anomaly
2024-11-24 09:20:00,1.9064486,True,1.8495,Latency Anomaly
2024-11-24 09:25:00,1.8943578,True,1.8495,Latency Anomaly
2024-11-24 09:30:00,1.8961354,True,1.8495,Latency Anomaly
2024-11-24 09:35:00,1.88227,True,1.8495,Latency Anomaly
2024-11-25 01:50:00,1.8519837,True,1.8495,Latency Anomaly
2024-11-25 01:55:00,1.8673421,True,1.8495,Latency Anomaly
2024-11-25 02:00:00,1.8772957,True,1.8495,Latency Anomaly
2024-11-25 02:05:00,1.8987772,True,1.8495,Latency Anomaly
2024-11-25 02:10:00,1.9134991,True,1.8495,Latency Anomaly
2024-11-25 02:15:00,1.9610645,True,1.8495,Latency Anomaly
2024-11-25 02:20:00,1.9850035,True,1.8495,Latency Anomaly
2024-11-25 02:25:00,1.9941024,True,1.8495,Latency Anomaly
2024-11-25 02:30:00,2.033131,True,1.8495,Latency Anomaly
2024-11-25 02:35:00,2.0832205,True,1.8495,Latency Anomaly
2024-11-25 02:40:00,2.0972545,True,1.8495,Latency Anomaly
2024-11-25 02:45:00,2.1329489,True,1.8495,Latency Anomaly
2024-11-25 02:50:00,2.1450026,True,1.8495,Latency Anomaly
2024-11-25 02:55:00,2.1590486,True,1.8495,Latency Anomaly
2024-11-25 03:00:00,2.1818922,True,1.8495,Latency Anomaly
2024-11-25 03:05:00,2.2046688,True,1.8495,Latency Anomaly
2024-11-25 03:10:00,2.2380266,True,1.8495,Latency Anomaly
2024-11-25 03:15:00,2.2745388,True,1.8495,Latency Anomaly
2024-11-25 03:20:00,2.288841,True,1.8495,Latency Anomaly
2024-11-25 03:25:00,2.3144987,True,1.8495,Latency Anomaly
2024-11-25 03:30:00,2.3403776,True,1.8495,Latency Anomaly
2024-11-25 03:35:00,2.3557472,True,1.8495,Latency Anomaly
2024-11-25 03:40:00,2.3796363,True,1.8495,Latency Anomaly
2024-11-25 03:45:00,2.4370794,True,1.8495,Latency Anomaly
2024-11-25 03:50:00,2.4348884,True,1.8495,Latency Anomaly
2024-11-25 03:55:00,2.4432504,True,1.8495,Latency Anomaly
2024-11-25 04:00:00,2.4484339,True,1.8495,Latency Anomaly
2024-11-25 04:05:00,2.459096,True,1.8495,Latency Anomaly
2024-11-25 04:10:00,2.4557157,True,1.8495,Latency Anomaly
2024-11-25 04:15:00,2.44422,True,1.8495,Latency Anomaly
2024-11-25 04:20:00,2.4572613,True,1.8495,Latency Anomaly
2024-11-25 04:25:00,2.4700422,True,1.8495,Latency Anomaly
2024-11-25 04:30:00,2.4682124,True,1.8495,Latency Anomaly
2024-11-25 04:35:00,2.5006704,True,1.8495,Latency Anomaly
2024-11-25 04:40:00,2.5208056,True,1.8495,Latency Anomaly
2024-11-25 04:45:00,2.5294592,True,1.8495,Latency Anomaly
2024-11-25 04:50:00,2.516971,True,1.8495,Latency Anomaly
2024-11-25 04:55:00,2.513,True,1.8495,Latency Anomaly
2024-11-25 05:00:00,2.50562,True,1.8495,Latency Anomaly
2024-11-25 05:05:00,2.4922242,True,1.8495,Latency Anomaly
2024-11-25 05:10:00,2.4860733,True,1.8495,Latency Anomaly
2024-11-25 05:15:00,2.4829562,True,1.8495,Latency Anomaly
2024-11-25 05:20:00,2.4912868,True,1.8495,Latency Anomaly
2024-11-25 05:25:00,2.4628708,True,1.8495,Latency Anomaly
2024-11-25 05:30:00,2.4470627,True,1.8495,Latency Anomaly
2024-11-25 05:35:00,2.4363174,True,1.8495,Latency Anomaly
2024-11-25 05:40:00,2.455538,True,1.8495,Latency Anomaly
2024-11-25 05:45:00,2.461761,True,1.8495,Latency Anomaly
2024-11-25 05:50:00,2.4633682,True,1.8495,Latency Anomaly
2024-11-25 05:55:00,2.4636688,True,1.8495,Latency Anomaly
2024-11-25 06:00:00,2.430646,True,1.8495,Latency Anomaly
2024-11-25 06:05:00,2.4206014,True,1.8495,Latency Anomaly
2024-11-25 06:10:00,2.4009192,True,1.8495,Latency Anomaly
2024-11-25 06:15:00,2.3960571,True,1.8495,Latency Anomaly
2024-11-25 06:20:00,2.4047585,True,1.8495,Latency Anomaly
2024-11-25 06:25:00,2.388996,True,1.8495,Latency Anomaly
2024-11-25 06:30:00,2.3802507,True,1.8495,Latency Anomaly
2024-11-25 06:35:00,2.3791234,True,1.8495,Latency Anomaly
2024-11-25 06:40:00,2.3794754,True,1.8495,Latency Anomaly
2024-11-25 06:45:00,2.3756,True,1.8495,Latency Anomaly
2024-11-25 06:50:00,2.369218,True,1.8495,Latency Anomaly
2024-11-25 06:55:00,2.347866,True,1.8495,Latency Anomaly
2024-11-25 07:00:00,2.3385026,True,1.8495,Latency Anomaly
2024-11-25 07:05:00,2.3227649,True,1.8495,Latency Anomaly
2024-11-25 07:10:00,2.2645302,True,1.8495,Latency Anomaly
2024-11-25 07:15:00,2.2547996,True,1.8495,Latency Anomaly
2024-11-25 07:20:00,2.2414672,True,1.8495,Latency Anomaly
2024-11-25 07:25:00,2.2159097,True,1.8495,Latency Anomaly
2024-11-25 07:30:00,2.2089348,True,1.8495,Latency Anomaly
2024-11-25 07:35:00,2.170655,True,1.8495,Latency Anomaly
2024-11-25 07:40:00,2.1371958,True,1.8495,Latency Anomaly
2024-11-25 07:45:00,2.107944,True,1.8495,Latency Anomaly
2024-11-25 07:50:00,2.098144,True,1.8495,Latency Anomaly
2024-11-25 07:55:00,2.0766673,True,1.8495,Latency Anomaly
2024-11-25 08:00:00,2.0701334,True,1.8495,Latency Anomaly
2024-11-25 08:05:00,2.047138,True,1.8495,Latency Anomaly
2024-11-25 08:10:00,2.0341249,True,1.8495,Latency Anomaly
2024-11-25 08:15:00,1.9817145,True,1.8495,Latency Anomaly
2024-11-25 08:20:00,1.9582497,True,1.8495,Latency Anomaly
2024-11-25 08:25:00,1.9428877,True,1.8495,Latency Anomaly
2024-11-25 08:30:00,1.9108902,True,1.8495,Latency Anomaly
2024-11-25 08:35:00,1.8669634,True,1.8495,Latency Anomaly
2024-11-25 14:10:00,1.8572326,True,1.8495,Latency Anomaly
2024-11-25 14:15:00,1.8811294,True,1.8495,Latency Anomaly
2024-11-25 14:20:00,1.896908,True,1.8495,Latency Anomaly
2024-11-25 14:25:00,1.9063541,True,1.8495,Latency Anomaly
2024-11-25 14:30:00,1.9195666,True,1.8495,Latency Anomaly
2024-11-25 14:35:00,1.9314233,True,1.8495,Latency Anomaly
2024-11-25 14:40:00,1.9517696,True,1.8495,Latency Anomaly
2024-11-25 14:45:00,1.9614446,True,1.8495,Latency Anomaly
2024-11-25 14:50:00,1.9769388,True,1.8495,Latency Anomaly
2024-11-25 14:55:00,1.9847976,True,1.8495,Latency Anomaly
2024-11-25 15:00:00,2.009111,True,1.8495,Latency Anomaly
2024-11-25 15:05:00,2.0273473,True,1.8495,Latency Anomaly
2024-11-25 15:10:00,2.041444,True,1.8495,Latency Anomaly
2024-11-25 15:15:00,2.0573545,True,1.8495,Latency Anomaly
2024-11-25 15:20:00,2.0711854,True,1.8495,Latency Anomaly
2024-11-25 15:25:00,2.077691,True,1.8495,Latency Anomaly
2024-11-25 15:30:00,2.0982192,True,1.8495,Latency Anomaly
2024-11-25 15:35:00,2.1054895,True,1.8495,Latency Anomaly
2024-11-25 15:40:00,2.1180248,True,1.8495,Latency Anomaly
2024-11-25 15:45:00,2.1278946,True,1.8495,Latency Anomaly
2024-11-25 15:50:00,2.144305,True,1.8495,Latency Anomaly
2024-11-25 15:55:00,2.157781,True,1.8495,Latency Anomaly
2024-11-25 16:00:00,2.1574893,True,1.8495,Latency Anomaly
2024-11-25 16:05:00,2.170446,True,1.8495,Latency Anomaly
2024-11-25 16:10:00,2.170333,True,1.8495,Latency Anomaly
2024-11-25 16:15:00,2.1734173,True,1.8495,Latency Anomaly
2024-11-25 16:20:00,2.1673243,True,1.8495,Latency Anomaly
2024-11-25 16:25:00,2.1767638,True,1.8495,Latency Anomaly
2024-11-25 16:30:00,2.1839247,True,1.8495,Latency Anomaly
2024-11-25 16:35:00,2.1909657,True,1.8495,Latency Anomaly
2024-11-25 16:40:00,2.1974642,True,1.8495,Latency Anomaly
2024-11-25 16:45:00,2.1936781,True,1.8495,Latency Anomaly
2024-11-25 16:50:00,2.2030442,True,1.8495,Latency Anomaly
2024-11-25 16:55:00,2.2249615,True,1.8495,Latency Anomaly
2024-11-25 17:00:00,2.2214088,True,1.8495,Latency Anomaly
2024-11-25 17:05:00,2.218271,True,1.8495,Latency Anomaly
2024-11-25 17:10:00,2.225009,True,1.8495,Latency Anomaly
2024-11-25 17:15:00,2.2087233,True,1.8495,Latency Anomaly
2024-11-25 17:20:00,2.1997707,True,1.8495,Latency Anomaly
2024-11-25 17:25:00,2.1974218,True,1.8495,Latency Anomaly
2024-11-25 17:30:00,2.1982408,True,1.8495,Latency Anomaly
2024-11-25 17:35:00,2.1928859,True,1.8495,Latency Anomaly
2024-11-25 17:40:00,2.1934738,True,1.8495,Latency Anomaly
2024-11-25 17:45:00,2.1846395,True,1.8495,Latency Anomaly
2024-11-25 17:50:00,2.1787097,True,1.8495,Latency Anomaly
2024-11-25 17:55:00,2.1820714,True,1.8495,Latency Anomaly
2024-11-25 18:00:00,2.1727052,True,1.8495,Latency Anomaly
2024-11-25 18:05:00,2.1617537,True,1.8495,Latency Anomaly
2024-11-25 18:10:00,2.1540992,True,1.8495,Latency Anomaly
2024-11-25 18:15:00,2.1406374,True,1.8495,Latency Anomaly
2024-11-25 18:20:00,2.1302788,True,1.8495,Latency Anomaly
2024-11-25 18:25:00,2.1280475,True,1.8495,Latency Anomaly
2024-11-25 18:30:00,2.1142595,True,1.8495,Latency Anomaly
2024-11-25 18:35:00,2.1054738,True,1.8495,Latency Anomaly
2024-11-25 18:40:00,2.095411,True,1.8495,Latency Anomaly
2024-11-25 18:45:00,2.086929,True,1.8495,Latency Anomaly
2024-11-25 18:50:00,2.0856316,True,1.8495,Latency Anomaly
2024-11-25 18:55:00,2.0823965,True,1.8495,Latency Anomaly
2024-11-25 19:00:00,2.0739634,True,1.8495,Latency Anomaly
2024-11-25 19:05:00,2.065954,True,1.8495,Latency Anomaly
2024-11-25 19:10:00,2.044383,True,1.8495,Latency Anomaly
2024-11-25 19:15:00,2.029613,True,1.8495,Latency Anomaly
2024-11-25 19:20:00,2.0108907,True,1.8495,Latency Anomaly
2024-11-25 19:25:00,1.9998032,True,1.8495,Latency Anomaly
2024-11-25 19:30:00,1.9889747,True,1.8495,Latency Anomaly
2024-11-25 19:35:00,1.9750639,True,1.8495,Latency Anomaly
2024-11-25 19:40:00,1.9649633,True,1.8495,Latency Anomaly
2024-11-25 19:45:00,1.951421,True,1.8495,Latency Anomaly
2024-11-25 19:50:00,1.9390224,True,1.8495,Latency Anomaly
2024-11-25 19:55:00,1.9326097,True,1.8495,Latency Anomaly
2024-11-25 20:00:00,1.9233227,True,1.8495,Latency Anomaly
2024-11-25 20:05:00,1.9025686,True,1.8495,Latency Anomaly
2024-11-25 20:10:00,1.8836533,True,1.8495,Latency Anomaly
2024-11-25 20:15:00,1.8572394,True,1.8495,Latency Anomaly
2024-11-26 02:30:00,1.8549751,True,1.8495,Latency Anomaly
2024-11-26 02:35:00,1.8691448,True,1.8495,Latency Anomaly
2024-11-26 02:40:00,1.9419173,True,1.8495,Latency Anomaly
2024-11-26 02:45:00,1.9565833,True,1.8495,Latency Anomaly
2024-11-26 02:50:00,1.9722799,True,1.8495,Latency Anomaly
2024-11-26 02:55:00,1.9977276,True,1.8495,Latency Anomaly
2024-11-26 03:00:00,2.0224822,True,1.8495,Latency Anomaly
2024-11-26 03:05:00,2.0252345,True,1.8495,Latency Anomaly
2024-11-26 03:10:00,2.039145,True,1.8495,Latency Anomaly
2024-11-26 03:15:00,2.073545,True,1.8495,Latency Anomaly
2024-11-26 03:20:00,2.0864182,True,1.8495,Latency Anomaly
2024-11-26 03:25:00,2.1063232,True,1.8495,Latency Anomaly
2024-11-26 03:30:00,2.115299,True,1.8495,Latency Anomaly
2024-11-26 03:35:00,2.1553824,True,1.8495,Latency Anomaly
2024-11-26 03:40:00,2.1871927,True,1.8495,Latency Anomaly
2024-11-26 03:45:00,2.2060888,True,1.8495,Latency Anomaly
2024-11-26 03:50:00,2.228853,True,1.8495,Latency Anomaly
2024-11-26 03:55:00,2.2443807,True,1.8495,Latency Anomaly
2024-11-26 04:00:00,2.2620993,True,1.8495,Latency Anomaly
2024-11-26 04:05:00,2.277289,True,1.8495,Latency Anomaly
2024-11-26 04:10:00,2.2817507,True,1.8495,Latency Anomaly
2024-11-26 04:15:00,2.286788,True,1.8495,Latency Anomaly
2024-11-26 04:20:00,2.2971919,True,1.8495,Latency Anomaly
2024-11-26 04:25:00,2.3104503,True,1.8495,Latency Anomaly
2024-11-26 04:30:00,2.3182297,True,1.8495,Latency Anomaly
2024-11-26 04:35:00,2.3331852,True,1.8495,Latency Anomaly
2024-11-26 04:40:00,2.3507597,True,1.8495,Latency Anomaly
2024-11-26 04:45:00,2.370545,True,1.8495,Latency Anomaly
2024-11-26 04:50:00,2.3768678,True,1.8495,Latency Anomaly
2024-11-26 04:55:00,2.3911164,True,1.8495,Latency Anomaly
2024-11-26 05:00:00,2.3783693,True,1.8495,Latency Anomaly
2024-11-26 05:05:00,2.3870068,True,1.8495,Latency Anomaly
2024-11-26 05:10:00,2.3873558,True,1.8495,Latency Anomaly
2024-11-26 05:15:00,2.379211,True,1.8495,Latency Anomaly
2024-11-26 05:20:00,2.3846579,True,1.8495,Latency Anomaly
2024-11-26 05:25:00,2.3730798,True,1.8495,Latency Anomaly
2024-11-26 05:30:00,2.3774734,True,1.8495,Latency Anomaly
2024-11-26 05:35:00,2.3747761,True,1.8495,Latency Anomaly
2024-11-26 05:40:00,2.374099,True,1.8495,Latency Anomaly
2024-11-26 05:45:00,2.3732097,True,1.8495,Latency Anomaly
2024-11-26 05:50:00,2.3738608,True,1.8495,Latency Anomaly
2024-11-26 05:55:00,2.3711863,True,1.8495,Latency Anomaly
2024-11-26 06:00:00,2.3638878,True,1.8495,Latency Anomaly
2024-11-26 06:05:00,2.3560908,True,1.8495,Latency Anomaly
2024-11-26 06:10:00,2.3444185,True,1.8495,Latency Anomaly
2024-11-26 06:15:00,2.3193238,True,1.8495,Latency Anomaly
2024-11-26 06:20:00,2.3019722,True,1.8495,Latency Anomaly
2024-11-26 06:25:00,2.2904382,True,1.8495,Latency Anomaly
2024-11-26 06:30:00,2.289592,True,1.8495,Latency Anomaly
2024-11-26 06:35:00,2.266141,True,1.8495,Latency Anomaly
2024-11-26 06:40:00,2.2547672,True,1.8495,Latency Anomaly
2024-11-26 06:45:00,2.2528937,True,1.8495,Latency Anomaly
2024-11-26 06:50:00,2.2334435,True,1.8495,Latency Anomaly
2024-11-26 06:55:00,2.2312462,True,1.8495,Latency Anomaly
2024-11-26 07:00:00,2.2255719,True,1.8495,Latency Anomaly
2024-11-26 07:05:00,2.1911304,True,1.8495,Latency Anomaly
2024-11-26 07:10:00,2.1808429,True,1.8495,Latency Anomaly
2024-11-26 07:15:00,2.149757,True,1.8495,Latency Anomaly
2024-11-26 07:20:00,2.123868,True,1.8495,Latency Anomaly
2024-11-26 07:25:00,2.093848,True,1.8495,Latency Anomaly
2024-11-26 07:30:00,2.07566,True,1.8495,Latency Anomaly
2024-11-26 07:35:00,2.0263221,True,1.8495,Latency Anomaly
2024-11-26 07:40:00,2.0216548,True,1.8495,Latency Anomaly
2024-11-26 07:45:00,1.9667257,True,1.8495,Latency Anomaly
2024-11-26 07:50:00,1.9466703,True,1.8495,Latency Anomaly
2024-11-26 07:55:00,1.9391836,True,1.8495,Latency Anomaly
2024-11-26 08:00:00,1.9227928,True,1.8495,Latency Anomaly
2024-11-26 08:05:00,1.8732052,True,1.8495,Latency Anomaly
2024-11-26 14:15:00,1.8590246,True,1.8495,Latency Anomaly
2024-11-26 14:20:00,1.8787684,True,1.8495,Latency Anomaly
2024-11-26 14:25:00,1.8825299,True,1.8495,Latency Anomaly
2024-11-26 14:30:00,1.8976262,True,1.8495,Latency Anomaly
2024-11-26 14:35:00,1.9075525,True,1.8495,Latency Anomaly
2024-11-26 14:40:00,1.917914,True,1.8495,Latency Anomaly
2024-11-26 14:45:00,1.9353474,True,1.8495,Latency Anomaly
2024-11-26 14:50:00,1.9593878,True,1.8495,Latency Anomaly
2024-11-26 14:55:00,1.9774128,True,1.8495,Latency Anomaly
2024-11-26 15:00:00,1.9931321,True,1.8495,Latency Anomaly
2024-11-26 15:05:00,2.009593,True,1.8495,Latency Anomaly
2024-11-26 15:10:00,2.0229297,True,1.8495,Latency Anomaly
2024-11-26 15:15:00,2.036145,True,1.8495,Latency Anomaly
2024-11-26 15:20:00,2.045162,True,1.8495,Latency Anomaly
2024-11-26 15:25:00,2.0500348,True,1.8495,Latency Anomaly
2024-11-26 15:30:00,2.0652006,True,1.8495,Latency Anomaly
2024-11-26 15:35:00,2.0782044,True,1.8495,Latency Anomaly
2024-11-26 15:40:00,2.0847318,True,1.8495,Latency Anomaly
2024-11-26 15:45:00,2.0941591,True,1.8495,Latency Anomaly
2024-11-26 15:50:00,2.1106064,True,1.8495,Latency Anomaly
2024-11-26 15:55:00,2.1216693,True,1.8495,Latency Anomaly
2024-11-26 16:00:00,2.1245143,True,1.8495,Latency Anomaly
2024-11-26 16:05:00,2.128153,True,1.8495,Latency Anomaly
2024-11-26 16:10:00,2.1362424,True,1.8495,Latency Anomaly
2024-11-26 16:15:00,2.144047,True,1.8495,Latency Anomaly
2024-11-26 16:20:00,2.1532168,True,1.8495,Latency Anomaly
2024-11-26 16:25:00,2.1660333,True,1.8495,Latency Anomaly
2024-11-26 16:30:00,2.1751697,True,1.8495,Latency Anomaly
2024-11-26 16:35:00,2.184333,True,1.8495,Latency Anomaly
2024-11-26 16:40:00,2.1895273,True,1.8495,Latency Anomaly
2024-11-26 16:45:00,2.2057176,True,1.8495,Latency Anomaly
2024-11-26 16:50:00,2.2125924,True,1.8495,Latency Anomaly
2024-11-26 16:55:00,2.2220275,True,1.8495,Latency Anomaly
2024-11-26 17:00:00,2.2234893,True,1.8495,Latency Anomaly
2024-11-26 17:05:00,2.2248187,True,1.8495,Latency Anomaly
2024-11-26 17:10:00,2.2299042,True,1.8495,Latency Anomaly
2024-11-26 17:15:00,2.2322593,True,1.8495,Latency Anomaly
2024-11-26 17:20:00,2.2332768,True,1.8495,Latency Anomaly
2024-11-26 17:25:00,2.2385154,True,1.8495,Latency Anomaly
2024-11-26 17:30:00,2.232287,True,1.8495,Latency Anomaly
2024-11-26 17:35:00,2.2371984,True,1.8495,Latency Anomaly
2024-11-26 17:40:00,2.211685,True,1.8495,Latency Anomaly
2024-11-26 17:45:00,2.2120652,True,1.8495,Latency Anomaly
2024-11-26 17:50:00,2.2231603,True,1.8495,Latency Anomaly
2024-11-26 17:55:00,2.222689,True,1.8495,Latency Anomaly
2024-11-26 18:00:00,2.2163582,True,1.8495,Latency Anomaly
2024-11-26 18:05:00,2.199212,True,1.8495,Latency Anomaly
2024-11-26 18:10:00,2.1921484,True,1.8495,Latency Anomaly
2024-11-26 18:15:00,2.1815307,True,1.8495,Latency Anomaly
2024-11-26 18:20:00,2.1779852,True,1.8495,Latency Anomaly
2024-11-26 18:25:00,2.1673334,True,1.8495,Latency Anomaly
2024-11-26 18:30:00,2.150924,True,1.8495,Latency Anomaly
2024-11-26 18:35:00,2.1526456,True,1.8495,Latency Anomaly
2024-11-26 18:40:00,2.1405172,True,1.8495,Latency Anomaly
2024-11-26 18:45:00,2.1347268,True,1.8495,Latency Anomaly
2024-11-26 18:50:00,2.1167457,True,1.8495,Latency Anomaly
2024-11-26 18:55:00,2.1163085,True,1.8495,Latency Anomaly
2024-11-26 19:00:00,2.094777,True,1.8495,Latency Anomaly
2024-11-26 19:05:00,2.0749323,True,1.8495,Latency Anomaly
2024-11-26 19:10:00,2.0620184,True,1.8495,Latency Anomaly
2024-11-26 19:15:00,2.037883,True,1.8495,Latency Anomaly
2024-11-26 19:20:00,2.0304945,True,1.8495,Latency Anomaly
2024-11-26 19:25:00,2.021047,True,1.8495,Latency Anomaly
2024-11-26 19:30:00,2.0070465,True,1.8495,Latency Anomaly
2024-11-26 19:35:00,1.997916,True,1.8495,Latency Anomaly
2024-11-26 19:40:00,1.9817642,True,1.8495,Latency Anomaly
2024-11-26 19:45:00,1.9752713,True,1.8495,Latency Anomaly
2024-11-26 19:50:00,1.9638315,True,1.8495,Latency Anomaly
2024-11-26 19:55:00,1.9465494,True,1.8495,Latency Anomaly
2024-11-26 20:00:00,1.9319055,True,1.8495,Latency Anomaly
2024-11-26 20:05:00,1.9128556,True,1.8495,Latency Anomaly
2024-11-26 20:10:00,1.8972523,True,1.8495,Latency Anomaly
2024-11-26 20:15:00,1.8962748,True,1.8495,Latency Anomaly
2024-11-26 20:20:00,1.8747907,True,1.8495,Latency Anomaly
2024-11-26 20:25:00,1.8607625,True,1.8495,Latency Anomaly
2024-11-27 02:25:00,1.8495435,True,1.8495,Latency Anomaly
2024-11-27 02:30:00,1.865916,True,1.8495,Latency Anomaly
2024-11-27 02:35:00,1.9063674,True,1.8495,Latency Anomaly
2024-11-27 02:40:00,1.9267399,True,1.8495,Latency Anomaly
2024-11-27 02:45:00,1.9435807,True,1.8495,Latency Anomaly
2024-11-27 02:50:00,1.9749107,True,1.8495,Latency Anomaly
2024-11-27 02:55:00,1.9961743,True,1.8495,Latency Anomaly
2024-11-27 03:00:00,2.0084271,True,1.8495,Latency Anomaly
2024-11-27 03:05:00,2.0273168,True,1.8495,Latency Anomaly
2024-11-27 03:10:00,2.0525467,True,1.8495,Latency Anomaly
2024-11-27 03:15:00,2.085621,True,1.8495,Latency Anomaly
2024-11-27 03:20:00,2.1015923,True,1.8495,Latency Anomaly
2024-11-27 03:25:00,2.1144137,True,1.8495,Latency Anomaly
2024-11-27 03:30:00,2.1198113,True,1.8495,Latency Anomaly
2024-11-27 03:35:00,2.1283343,True,1.8495,Latency Anomaly
2024-11-27 03:40:00,2.1907084,True,1.8495,Latency Anomaly
2024-11-27 03:45:00,2.1913683,True,1.8495,Latency Anomaly
2024-11-27 03:50:00,2.1907394,True,1.8495,Latency Anomaly
2024-11-27 03:55:00,2.2030113,True,1.8495,Latency Anomaly
2024-11-27 04:00:00,2.222165,True,1.8495,Latency Anomaly
2024-11-27 04:05:00,2.236251,True,1.8495,Latency Anomaly
2024-11-27 04:10:00,2.2386951,True,1.8495,Latency Anomaly
2024-11-27 04:15:00,2.2437007,True,1.8495,Latency Anomaly
2024-11-27 04:20:00,2.2538164,True,1.8495,Latency Anomaly
2024-11-27 04:25:00,2.2615092,True,1.8495,Latency Anomaly
2024-11-27 04:30:00,2.2674532,True,1.8495,Latency Anomaly
2024-11-27 04:35:00,2.3029912,True,1.8495,Latency Anomaly
2024-11-27 04:40:00,2.29663,True,1.8495,Latency Anomaly
2024-11-27 04:45:00,2.3135653,True,1.8495,Latency Anomaly
2024-11-27 04:50:00,2.3157735,True,1.8495,Latency Anomaly
2024-11-27 04:55:00,2.323056,True,1.8495,Latency Anomaly
2024-11-27 05:00:00,2.342775,True,1.8495,Latency Anomaly
2024-11-27 05:05:00,2.3459306,True,1.8495,Latency Anomaly
2024-11-27 05:10:00,2.3412316,True,1.8495,Latency Anomaly
2024-11-27 05:15:00,2.353524,True,1.8495,Latency Anomaly
2024-11-27 05:20:00,2.3496804,True,1.8495,Latency Anomaly
2024-11-27 05:25:00,2.3463655,True,1.8495,Latency Anomaly
2024-11-27 05:30:00,2.3413682,True,1.8495,Latency Anomaly
2024-11-27 05:35:00,2.344778,True,1.8495,Latency Anomaly
2024-11-27 05:40:00,2.3410356,True,1.8495,Latency Anomaly
2024-11-27 05:45:00,2.3471591,True,1.8495,Latency Anomaly
2024-11-27 05:50:00,2.351825,True,1.8495,Latency Anomaly
2024-11-27 05:55:00,2.372793,True,1.8495,Latency Anomaly
2024-11-27 06:00:00,2.3688958,True,1.8495,Latency Anomaly
2024-11-27 06:05:00,2.3611836,True,1.8495,Latency Anomaly
2024-11-27 06:10:00,2.3522658,True,1.8495,Latency Anomaly
2024-11-27 06:15:00,2.3131893,True,1.8495,Latency Anomaly
2024-11-27 06:20:00,2.303509,True,1.8495,Latency Anomaly
2024-11-27 06:25:00,2.298658,True,1.8495,Latency Anomaly
2024-11-27 06:30:00,2.2824888,True,1.8495,Latency Anomaly
2024-11-27 06:35:00,2.249848,True,1.8495,Latency Anomaly
2024-11-27 06:40:00,2.2427502,True,1.8495,Latency Anomaly
2024-11-27 06:45:00,2.2179403,True,1.8495,Latency Anomaly
2024-11-27 06:50:00,2.2107284,True,1.8495,Latency Anomaly
2024-11-27 06:55:00,2.2154136,True,1.8495,Latency Anomaly
2024-11-27 07:00:00,2.1841161,True,1.8495,Latency Anomaly
2024-11-27 07:05:00,2.147486,True,1.8495,Latency Anomaly
2024-11-27 07:10:00,2.1251562,True,1.8495,Latency Anomaly
2024-11-27 07:15:00,2.1062396,True,1.8495,Latency Anomaly
2024-11-27 07:20:00,2.094925,True,1.8495,Latency Anomaly
2024-11-27 07:25:00,2.0825987,True,1.8495,Latency Anomaly
2024-11-27 07:30:00,2.0790126,True,1.8495,Latency Anomaly
2024-11-27 07:35:00,2.0586615,True,1.8495,Latency Anomaly
2024-11-27 07:40:00,2.0505662,True,1.8495,Latency Anomaly
2024-11-27 07:45:00,1.9827452,True,1.8495,Latency Anomaly
2024-11-27 07:50:00,1.9726535,True,1.8495,Latency Anomaly
2024-11-27 07:55:00,1.9598758,True,1.8495,Latency Anomaly
2024-11-27 08:00:00,1.9268184,True,1.8495,Latency Anomaly
2024-11-27 08:05:00,1.9039427,True,1.8495,Latency Anomaly
2024-11-27 08:10:00,1.8857154,True,1.8495,Latency Anomaly
2024-11-27 08:15:00,1.8638892,True,1.8495,Latency Anomaly
2024-11-27 08:20:00,1.8585596,True,1.8495,Latency Anomaly
2024-11-27 14:30:00,1.851843,True,1.8495,Latency Anomaly
2024-11-27 14:35:00,1.8742948,True,1.8495,Latency Anomaly
2024-11-27 14:40:00,1.8988904,True,1.8495,Latency Anomaly
2024-11-27 14:45:00,1.917303,True,1.8495,Latency Anomaly
2024-11-27 14:50:00,1.9331076,True,1.8495,Latency Anomaly
2024-11-27 14:55:00,1.9438895,True,1.8495,Latency Anomaly
2024-11-27 15:00:00,1.9562017,True,1.8495,Latency Anomaly
2024-11-27 15:05:00,1.9676707,True,1.8495,Latency Anomaly
2024-11-27 15:10:00,1.9801134,True,1.8495,Latency Anomaly
2024-11-27 15:15:00,1.9961226,True,1.8495,Latency Anomaly
2024-11-27 15:20:00,2.0049596,True,1.8495,Latency Anomaly
2024-11-27 15:25:00,2.020554,True,1.8495,Latency Anomaly
2024-11-27 15:30:00,2.0357153,True,1.8495,Latency Anomaly
2024-11-27 15:35:00,2.0556576,True,1.8495,Latency Anomaly
2024-11-27 15:40:00,2.068057,True,1.8495,Latency Anomaly
2024-11-27 15:45:00,2.0850132,True,1.8495,Latency Anomaly
2024-11-27 15:50:00,2.096346,True,1.8495,Latency Anomaly
2024-11-27 15:55:00,2.0899067,True,1.8495,Latency Anomaly
2024-11-27 16:00:00,2.0996246,True,1.8495,Latency Anomaly
2024-11-27 16:05:00,2.1046116,True,1.8495,Latency Anomaly
2024-11-27 16:10:00,2.1094594,True,1.8495,Latency Anomaly
2024-11-27 16:15:00,2.1224566,True,1.8495,Latency Anomaly
2024-11-27 16:20:00,2.129387,True,1.8495,Latency Anomaly
2024-11-27 16:25:00,2.13991,True,1.8495,Latency Anomaly
2024-11-27 16:30:00,2.1474533,True,1.8495,Latency Anomaly
2024-11-27 16:35:00,2.1647117,True,1.8495,Latency Anomaly
2024-11-27 16:40:00,2.1751719,True,1.8495,Latency Anomaly
2024-11-27 16:45:00,2.1770751,True,1.8495,Latency Anomaly
2024-11-27 16:50:00,2.192626,True,1.8495,Latency Anomaly
2024-11-27 16:55:00,2.2010925,True,1.8495,Latency Anomaly
2024-11-27 17:00:00,2.2045121,True,1.8495,Latency Anomaly
2024-11-27 17:05:00,2.207878,True,1.8495,Latency Anomaly
2024-11-27 17:10:00,2.2085176,True,1.8495,Latency Anomaly
2024-11-27 17:15:00,2.2035003,True,1.8495,Latency Anomaly
2024-11-27 17:20:00,2.1982512,True,1.8495,Latency Anomaly
2024-11-27 17:25:00,2.1925373,True,1.8495,Latency Anomaly
2024-11-27 17:30:00,2.197337,True,1.8495,Latency Anomaly
2024-11-27 17:35:00,2.196571,True,1.8495,Latency Anomaly
2024-11-27 17:40:00,2.1973808,True,1.8495,Latency Anomaly
2024-11-27 17:45:00,2.1916912,True,1.8495,Latency Anomaly
2024-11-27 17:50:00,2.192684,True,1.8495,Latency Anomaly
2024-11-27 17:55:00,2.1920147,True,1.8495,Latency Anomaly
2024-11-27 18:00:00,2.1881156,True,1.8495,Latency Anomaly
2024-11-27 18:05:00,2.1780922,True,1.8495,Latency Anomaly
2024-11-27 18:10:00,2.166736,True,1.8495,Latency Anomaly
2024-11-27 18:15:00,2.1658819,True,1.8495,Latency Anomaly
2024-11-27 18:20:00,2.156996,True,1.8495,Latency Anomaly
2024-11-27 18:25:00,2.1526365,True,1.8495,Latency Anomaly
2024-11-27 18:30:00,2.142193,True,1.8495,Latency Anomaly
2024-11-27 18:35:00,2.1366198,True,1.8495,Latency Anomaly
2024-11-27 18:40:00,2.121855,True,1.8495,Latency Anomaly
2024-11-27 18:45:00,2.118784,True,1.8495,Latency Anomaly
2024-11-27 18:50:00,2.101181,True,1.8495,Latency Anomaly
2024-11-27 18:55:00,2.0893655,True,1.8495,Latency Anomaly
2024-11-27 19:00:00,2.0749733,True,1.8495,Latency Anomaly
2024-11-27 19:05:00,2.0606837,True,1.8495,Latency Anomaly
2024-11-27 19:10:00,2.0526257,True,1.8495,Latency Anomaly
2024-11-27 19:15:00,2.0401406,True,1.8495,Latency Anomaly
2024-11-27 19:20:00,2.0319471,True,1.8495,Latency Anomaly
2024-11-27 19:25:00,2.0219405,True,1.8495,Latency Anomaly
2024-11-27 19:30:00,2.0035841,True,1.8495,Latency Anomaly
2024-11-27 19:35:00,1.9931715,True,1.8495,Latency Anomaly
2024-11-27 19:40:00,1.9917384,True,1.8495,Latency Anomaly
2024-11-27 19:45:00,1.9773811,True,1.8495,Latency Anomaly
2024-11-27 19:50:00,1.9650382,True,1.8495,Latency Anomaly
2024-11-27 19:55:00,1.9531611,True,1.8495,Latency Anomaly
2024-11-27 20:00:00,1.9363694,True,1.8495,Latency Anomaly
2024-11-27 20:05:00,1.9127548,True,1.8495,Latency Anomaly
2024-11-27 20:10:00,1.9017208,True,1.8495,Latency Anomaly
2024-11-27 20:15:00,1.8934981,True,1.8495,Latency Anomaly
2024-11-27 20:20:00,1.8806236,True,1.8495,Latency Anomaly
2024-11-27 20:25:00,1.8549834,True,1.8495,Latency Anomaly
2024-11-28 02:10:00,1.8524663,True,1.8495,Latency Anomaly
2024-11-28 02:15:00,1.888661,True,1.8495,Latency Anomaly
2024-11-28 02:20:00,1.8842691,True,1.8495,Latency Anomaly
2024-11-28 02:25:00,1.913536,True,1.8495,Latency Anomaly
2024-11-28 02:30:00,1.9286393,True,1.8495,Latency Anomaly
2024-11-28 02:35:00,1.954058,True,1.8495,Latency Anomaly
2024-11-28 02:40:00,1.9749918,True,1.8495,Latency Anomaly
2024-11-28 02:45:00,2.0590086,True,1.8495,Latency Anomaly
2024-11-28 02:50:00,2.0930812,True,1.8495,Latency Anomaly
2024-11-28 02:55:00,2.1284723,True,1.8495,Latency Anomaly
2024-11-28 03:00:00,2.1627717,True,1.8495,Latency Anomaly
2024-11-28 03:05:00,2.2085676,True,1.8495,Latency Anomaly
2024-11-28 03:10:00,2.2192633,True,1.8495,Latency Anomaly
2024-11-28 03:15:00,2.2232282,True,1.8495,Latency Anomaly
2024-11-28 03:20:00,2.2448132,True,1.8495,Latency Anomaly
2024-11-28 03:25:00,2.2798893,True,1.8495,Latency Anomaly
2024-11-28 03:30:00,2.3616982,True,1.8495,Latency Anomaly
2024-11-28 03:35:00,2.375546,True,1.8495,Latency Anomaly
2024-11-28 03:40:00,2.3825,True,1.8495,Latency Anomaly
2024-11-28 03:45:00,2.4155462,True,1.8495,Latency Anomaly
2024-11-28 03:50:00,2.421783,True,1.8495,Latency Anomaly
2024-11-28 03:55:00,2.4593172,True,1.8495,Latency Anomaly
2024-11-28 04:00:00,2.4793968,True,1.8495,Latency Anomaly
2024-11-28 04:05:00,2.4956584,True,1.8495,Latency Anomaly
2024-11-28 04:10:00,2.504233,True,1.8495,Latency Anomaly
2024-11-28 04:15:00,2.502225,True,1.8495,Latency Anomaly
2024-11-28 04:20:00,2.5366175,True,1.8495,Latency Anomaly
2024-11-28 04:25:00,2.5459628,True,1.8495,Latency Anomaly
2024-11-28 04:30:00,2.5526059,True,1.8495,Latency Anomaly
2024-11-28 04:35:00,2.5528722,True,1.8495,Latency Anomaly
2024-11-28 04:40:00,2.572025,True,1.8495,Latency Anomaly
2024-11-28 04:45:00,2.601877,True,1.8495,Latency Anomaly
2024-11-28 04:50:00,2.6142037,True,1.8495,Latency Anomaly
2024-11-28 04:55:00,2.6218252,True,1.8495,Latency Anomaly
2024-11-28 05:00:00,2.615693,True,1.8495,Latency Anomaly
2024-11-28 05:05:00,2.612177,True,1.8495,Latency Anomaly
2024-11-28 05:10:00,2.6099112,True,1.8495,Latency Anomaly
2024-11-28 05:15:00,2.596598,True,1.8495,Latency Anomaly
2024-11-28 05:20:00,2.5906143,True,1.8495,Latency Anomaly
2024-11-28 05:25:00,2.5789258,True,1.8495,Latency Anomaly
2024-11-28 05:30:00,2.5624797,True,1.8495,Latency Anomaly
2024-11-28 05:35:00,2.567137,True,1.8495,Latency Anomaly
2024-11-28 05:40:00,2.5622637,True,1.8495,Latency Anomaly
2024-11-28 05:45:00,2.5536551,True,1.8495,Latency Anomaly
2024-11-28 05:50:00,2.5721161,True,1.8495,Latency Anomaly
2024-11-28 05:55:00,2.5655692,True,1.8495,Latency Anomaly
2024-11-28 06:00:00,2.5535998,True,1.8495,Latency Anomaly
2024-11-28 06:05:00,2.539044,True,1.8495,Latency Anomaly
2024-11-28 06:10:00,2.5362039,True,1.8495,Latency Anomaly
2024-11-28 06:15:00,2.517983,True,1.8495,Latency Anomaly
2024-11-28 06:20:00,2.5297258,True,1.8495,Latency Anomaly
2024-11-28 06:25:00,2.529031,True,1.8495,Latency Anomaly
2024-11-28 06:30:00,2.5210316,True,1.8495,Latency Anomaly
2024-11-28 06:35:00,2.5225298,True,1.8495,Latency Anomaly
2024-11-28 06:40:00,2.500767,True,1.8495,Latency Anomaly
2024-11-28 06:45:00,2.4894228,True,1.8495,Latency Anomaly
2024-11-28 06:50:00,2.4807494,True,1.8495,Latency Anomaly
2024-11-28 06:55:00,2.4762805,True,1.8495,Latency Anomaly
2024-11-28 07:00:00,2.4587412,True,1.8495,Latency Anomaly
2024-11-28 07:05:00,2.4370415,True,1.8495,Latency Anomaly
2024-11-28 07:10:00,2.4211452,True,1.8495,Latency Anomaly
2024-11-28 07:15:00,2.4031475,True,1.8495,Latency Anomaly
2024-11-28 07:20:00,2.3826044,True,1.8495,Latency Anomaly
2024-11-28 07:25:00,2.3635652,True,1.8495,Latency Anomaly
2024-11-28 07:30:00,2.3374743,True,1.8495,Latency Anomaly
2024-11-28 07:35:00,2.3274999,True,1.8495,Latency Anomaly
2024-11-28 07:40:00,2.3188791,True,1.8495,Latency Anomaly
2024-11-28 07:45:00,2.2742724,True,1.8495,Latency Anomaly
2024-11-28 07:50:00,2.2572358,True,1.8495,Latency Anomaly
2024-11-28 07:55:00,2.245753,True,1.8495,Latency Anomaly
2024-11-28 08:00:00,2.2237701,True,1.8495,Latency Anomaly
2024-11-28 08:05:00,2.1574554,True,1.8495,Latency Anomaly
2024-11-28 08:10:00,2.1276495,True,1.8495,Latency Anomaly
2024-11-28 08:15:00,2.0759764,True,1.8495,Latency Anomaly
2024-11-28 08:20:00,2.07062,True,1.8495,Latency Anomaly
2024-11-28 08:25:00,2.0479248,True,1.8495,Latency Anomaly
2024-11-28 08:30:00,2.0326755,True,1.8495,Latency Anomaly
2024-11-28 08:35:00,2.0114381,True,1.8495,Latency Anomaly
2024-11-28 08:40:00,1.986288,True,1.8495,Latency Anomaly
2024-11-28 08:45:00,1.9060998,True,1.8495,Latency Anomaly
2024-11-28 08:50:00,1.8679519,True,1.8495,Latency Anomaly
2024-11-28 14:10:00,1.8504637,True,1.8495,Latency Anomaly
2024-11-28 14:15:00,1.8696653,True,1.8495,Latency Anomaly
2024-11-28 14:20:00,1.9056525,True,1.8495,Latency Anomaly
2024-11-28 14:25:00,1.9162753,True,1.8495,Latency Anomaly
2024-11-28 14:30:00,1.9397341,True,1.8495,Latency Anomaly
2024-11-28 14:35:00,1.9467613,True,1.8495,Latency Anomaly
2024-11-28 14:40:00,1.9615636,True,1.8495,Latency Anomaly
2024-11-28 14:45:00,1.9749281,True,1.8495,Latency Anomaly
2024-11-28 14:50:00,1.9891664,True,1.8495,Latency Anomaly
2024-11-28 14:55:00,2.0003123,True,1.8495,Latency Anomaly
2024-11-28 15:00:00,2.014832,True,1.8495,Latency Anomaly
2024-11-28 15:05:00,2.0272222,True,1.8495,Latency Anomaly
2024-11-28 15:10:00,2.0450168,True,1.8495,Latency Anomaly
2024-11-28 15:15:00,2.0606654,True,1.8495,Latency Anomaly
2024-11-28 15:20:00,2.0789812,True,1.8495,Latency Anomaly
2024-11-28 15:25:00,2.0931106,True,1.8495,Latency Anomaly
2024-11-28 15:30:00,2.1077619,True,1.8495,Latency Anomaly
2024-11-28 15:35:00,2.1186364,True,1.8495,Latency Anomaly
2024-11-28 15:40:00,2.1356215,True,1.8495,Latency Anomaly
2024-11-28 15:45:00,2.146153,True,1.8495,Latency Anomaly
2024-11-28 15:50:00,2.1545856,True,1.8495,Latency Anomaly
2024-11-28 15:55:00,2.1610053,True,1.8495,Latency Anomaly
2024-11-28 16:00:00,2.1596034,True,1.8495,Latency Anomaly
2024-11-28 16:05:00,2.165567,True,1.8495,Latency Anomaly
2024-11-28 16:10:00,2.1702764,True,1.8495,Latency Anomaly
2024-11-28 16:15:00,2.1751149,True,1.8495,Latency Anomaly
2024-11-28 16:20:00,2.1850739,True,1.8495,Latency Anomaly
2024-11-28 16:25:00,2.1939993,True,1.8495,Latency Anomaly
2024-11-28 16:30:00,2.2055686,True,1.8495,Latency Anomaly
2024-11-28 16:35:00,2.2161047,True,1.8495,Latency Anomaly
2024-11-28 16:40:00,2.2252257,True,1.8495,Latency Anomaly
2024-11-28 16:45:00,2.2249284,True,1.8495,Latency Anomaly
2024-11-28 16:50:00,2.2280185,True,1.8495,Latency Anomaly
2024-11-28 16:55:00,2.2345843,True,1.8495,Latency Anomaly
2024-11-28 17:00:00,2.2446606,True,1.8495,Latency Anomaly
2024-11-28 17:05:00,2.2505834,True,1.8495,Latency Anomaly
2024-11-28 17:10:00,2.2507007,True,1.8495,Latency Anomaly
2024-11-28 17:15:00,2.2485344,True,1.8495,Latency Anomaly
2024-11-28 17:20:00,2.2415543,True,1.8495,Latency Anomaly
2024-11-28 17:25:00,2.240227,True,1.8495,Latency Anomaly
2024-11-28 17:30:00,2.2411819,True,1.8495,Latency Anomaly
2024-11-28 17:35:00,2.2395942,True,1.8495,Latency Anomaly
2024-11-28 17:40:00,2.242767,True,1.8495,Latency Anomaly
2024-11-28 17:45:00,2.2429795,True,1.8495,Latency Anomaly
2024-11-28 17:50:00,2.247046,True,1.8495,Latency Anomaly
2024-11-28 17:55:00,2.2621143,True,1.8495,Latency Anomaly
2024-11-28 18:00:00,2.2622268,True,1.8495,Latency Anomaly
2024-11-28 18:05:00,2.2445762,True,1.8495,Latency Anomaly
2024-11-28 18:10:00,2.2367935,True,1.8495,Latency Anomaly
2024-11-28 18:15:00,2.2299821,True,1.8495,Latency Anomaly
2024-11-28 18:20:00,2.223792,True,1.8495,Latency Anomaly
2024-11-28 18:25:00,2.2190542,True,1.8495,Latency Anomaly
2024-11-28 18:30:00,2.202579,True,1.8495,Latency Anomaly
2024-11-28 18:35:00,2.1982262,True,1.8495,Latency Anomaly
2024-11-28 18:40:00,2.1858141,True,1.8495,Latency Anomaly
2024-11-28 18:45:00,2.1792316,True,1.8495,Latency Anomaly
2024-11-28 18:50:00,2.1673696,True,1.8495,Latency Anomaly
2024-11-28 18:55:00,2.1556535,True,1.8495,Latency Anomaly
2024-11-28 19:00:00,2.136634,True,1.8495,Latency Anomaly
2024-11-28 19:05:00,2.1287878,True,1.8495,Latency Anomaly
2024-11-28 19:10:00,2.1150668,True,1.8495,Latency Anomaly
2024-11-28 19:15:00,2.0978768,True,1.8495,Latency Anomaly
2024-11-28 19:20:00,2.0903618,True,1.8495,Latency Anomaly
2024-11-28 19:25:00,2.0793202,True,1.8495,Latency Anomaly
2024-11-28 19:30:00,2.070802,True,1.8495,Latency Anomaly
2024-11-28 19:35:00,2.0602987,True,1.8495,Latency Anomaly
2024-11-28 19:40:00,2.0423064,True,1.8495,Latency Anomaly
2024-11-28 19:45:00,2.019994,True,1.8495,Latency Anomaly
2024-11-28 19:50:00,1.9984369,True,1.8495,Latency Anomaly
2024-11-28 19:55:00,1.9852953,True,1.8495,Latency Anomaly
2024-11-28 20:00:00,1.9737616,True,1.8495,Latency Anomaly
2024-11-28 20:05:00,1.9577025,True,1.8495,Latency Anomaly
2024-11-28 20:10:00,1.9432989,True,1.8495,Latency Anomaly
2024-11-28 20:15:00,1.9238331,True,1.8495,Latency Anomaly
2024-11-28 20:20:00,1.9007041,True,1.8495,Latency Anomaly
2024-11-28 20:25:00,1.8856794,True,1.8495,Latency Anomaly
2024-11-28 20:30:00,1.869449,True,1.8495,Latency Anomaly
2024-11-28 20:35:00,1.8585942,True,1.8495,Latency Anomaly
2024-11-29 02:50:00,1.8656275,True,1.8495,Latency Anomaly
2024-11-29 02:55:00,1.8852688,True,1.8495,Latency Anomaly
2024-11-29 03:00:00,1.9017739,True,1.8495,Latency Anomaly
2024-11-29 03:05:00,1.9040285,True,1.8495,Latency Anomaly
2024-11-29 03:10:00,1.9105545,True,1.8495,Latency Anomaly
2024-11-29 03:15:00,1.9247023,True,1.8495,Latency Anomaly
2024-11-29 03:20:00,1.9464809,True,1.8495,Latency Anomaly
2024-11-29 03:25:00,1.9818332,True,1.8495,Latency Anomaly
2024-11-29 03:30:00,1.9910918,True,1.8495,Latency Anomaly
2024-11-29 03:35:00,1.9964272,True,1.8495,Latency Anomaly
2024-11-29 03:40:00,2.0133653,True,1.8495,Latency Anomaly
2024-11-29 03:45:00,2.0210538,True,1.8495,Latency Anomaly
2024-11-29 03:50:00,2.0377288,True,1.8495,Latency Anomaly
2024-11-29 03:55:00,2.0474632,True,1.8495,Latency Anomaly
2024-11-29 04:00:00,2.0773537,True,1.8495,Latency Anomaly
2024-11-29 04:05:00,2.09361,True,1.8495,Latency Anomaly
2024-11-29 04:10:00,2.0993714,True,1.8495,Latency Anomaly
2024-11-29 04:15:00,2.1038382,True,1.8495,Latency Anomaly
2024-11-29 04:20:00,2.1087196,True,1.8495,Latency Anomaly
2024-11-29 04:25:00,2.1115654,True,1.8495,Latency Anomaly
2024-11-29 04:30:00,2.144432,True,1.8495,Latency Anomaly
2024-11-29 04:35:00,2.1550567,True,1.8495,Latency Anomaly
2024-11-29 04:40:00,2.1585152,True,1.8495,Latency Anomaly
2024-11-29 04:45:00,2.1899595,True,1.8495,Latency Anomaly
2024-11-29 04:50:00,2.2073998,True,1.8495,Latency Anomaly
2024-11-29 04:55:00,2.2136283,True,1.8495,Latency Anomaly
2024-11-29 05:00:00,2.209969,True,1.8495,Latency Anomaly
2024-11-29 05:05:00,2.2040122,True,1.8495,Latency Anomaly
2024-11-29 05:10:00,2.2083735,True,1.8495,Latency Anomaly
2024-11-29 05:15:00,2.209552,True,1.8495,Latency Anomaly
2024-11-29 05:20:00,2.2215385,True,1.8495,Latency Anomaly
2024-11-29 05:25:00,2.2136784,True,1.8495,Latency Anomaly
2024-11-29 05:30:00,2.221883,True,1.8495,Latency Anomaly
2024-11-29 05:35:00,2.2189484,True,1.8495,Latency Anomaly
2024-11-29 05:40:00,2.223676,True,1.8495,Latency Anomaly
2024-11-29 05:45:00,2.2194967,True,1.8495,Latency Anomaly
2024-11-29 05:50:00,2.213575,True,1.8495,Latency Anomaly
2024-11-29 05:55:00,2.2141552,True,1.8495,Latency Anomaly
2024-11-29 06:00:00,2.2398734,True,1.8495,Latency Anomaly
2024-11-29 06:05:00,2.2332778,True,1.8495,Latency Anomaly
2024-11-29 06:10:00,2.2139742,True,1.8495,Latency Anomaly
2024-11-29 06:15:00,2.2043786,True,1.8495,Latency Anomaly
2024-11-29 06:20:00,2.1931481,True,1.8495,Latency Anomaly
2024-11-29 06:25:00,2.1905081,True,1.8495,Latency Anomaly
2024-11-29 06:30:00,2.1872578,True,1.8495,Latency Anomaly
2024-11-29 06:35:00,2.175194,True,1.8495,Latency Anomaly
2024-11-29 06:40:00,2.1601238,True,1.8495,Latency Anomaly
2024-11-29 06:45:00,2.1559098,True,1.8495,Latency Anomaly
2024-11-29 06:50:00,2.1401787,True,1.8495,Latency Anomaly
2024-11-29 06:55:00,2.1364257,True,1.8495,Latency Anomaly
2024-11-29 07:00:00,2.115553,True,1.8495,Latency Anomaly
2024-11-29 07:05:00,2.1010919,True,1.8495,Latency Anomaly
2024-11-29 07:10:00,2.0706036,True,1.8495,Latency Anomaly
2024-11-29 07:15:00,2.0206513,True,1.8495,Latency Anomaly
2024-11-29 07:20:00,2.0140827,True,1.8495,Latency Anomaly
2024-11-29 07:25:00,1.9800835,True,1.8495,Latency Anomaly
2024-11-29 07:30:00,1.9699811,True,1.8495,Latency Anomaly
2024-11-29 07:35:00,1.9575663,True,1.8495,Latency Anomaly
2024-11-29 07:40:00,1.9533656,True,1.8495,Latency Anomaly
2024-11-29 07:45:00,1.9263897,True,1.8495,Latency Anomaly
2024-11-29 07:50:00,1.8943542,True,1.8495,Latency Anomaly
2024-11-29 07:55:00,1.8816315,True,1.8495,Latency Anomaly
2024-11-29 08:00:00,1.8676425,True,1.8495,Latency Anomaly
2024-11-29 08:05:00,1.8534343,True,1.8495,Latency Anomaly
2024-11-29 14:10:00,1.8498534,True,1.8495,Latency Anomaly
2024-11-29 14:15:00,1.8708808,True,1.8495,Latency Anomaly
2024-11-29 14:20:00,1.8840514,True,1.8495,Latency Anomaly
2024-11-29 14:25:00,1.9065156,True,1.8495,Latency Anomaly
2024-11-29 14:30:00,1.9374661,True,1.8495,Latency Anomaly
2024-11-29 14:35:00,1.9460546,True,1.8495,Latency Anomaly
2024-11-29 14:40:00,1.9590771,True,1.8495,Latency Anomaly
2024-11-29 14:45:00,1.9748363,True,1.8495,Latency Anomaly
2024-11-29 14:50:00,1.9827883,True,1.8495,Latency Anomaly
2024-11-29 14:55:00,2.0103264,True,1.8495,Latency Anomaly
2024-11-29 15:00:00,2.0163558,True,1.8495,Latency Anomaly
2024-11-29 15:05:00,2.025751,True,1.8495,Latency Anomaly
2024-11-29 15:10:00,2.0371175,True,1.8495,Latency Anomaly
2024-11-29 15:15:00,2.0468786,True,1.8495,Latency Anomaly
2024-11-29 15:20:00,2.0621188,True,1.8495,Latency Anomaly
2024-11-29 15:25:00,2.0930502,True,1.8495,Latency Anomaly
2024-11-29 15:30:00,2.1006355,True,1.8495,Latency Anomaly
2024-11-29 15:35:00,2.1122584,True,1.8495,Latency Anomaly
2024-11-29 15:40:00,2.1243508,True,1.8495,Latency Anomaly
2024-11-29 15:45:00,2.1331553,True,1.8495,Latency Anomaly
2024-11-29 15:50:00,2.1460593,True,1.8495,Latency Anomaly
2024-11-29 15:55:00,2.1570368,True,1.8495,Latency Anomaly
2024-11-29 16:00:00,2.1562092,True,1.8495,Latency Anomaly
2024-11-29 16:05:00,2.1655977,True,1.8495,Latency Anomaly
2024-11-29 16:10:00,2.176287,True,1.8495,Latency Anomaly
2024-11-29 16:15:00,2.1811426,True,1.8495,Latency Anomaly
2024-11-29 16:20:00,2.1948571,True,1.8495,Latency Anomaly
2024-11-29 16:25:00,2.1999414,True,1.8495,Latency Anomaly
2024-11-29 16:30:00,2.219264,True,1.8495,Latency Anomaly
2024-11-29 16:35:00,2.2348382,True,1.8495,Latency Anomaly
2024-11-29 16:40:00,2.2471492,True,1.8495,Latency Anomaly
2024-11-29 16:45:00,2.2545996,True,1.8495,Latency Anomaly
2024-11-29 16:50:00,2.2586322,True,1.8495,Latency Anomaly
2024-11-29 16:55:00,2.2675679,True,1.8495,Latency Anomaly
2024-11-29 17:00:00,2.2583034,True,1.8495,Latency Anomaly
2024-11-29 17:05:00,2.2575283,True,1.8495,Latency Anomaly
2024-11-29 17:10:00,2.2490923,True,1.8495,Latency Anomaly
2024-11-29 17:15:00,2.241857,True,1.8495,Latency Anomaly
2024-11-29 17:20:00,2.243931,True,1.8495,Latency Anomaly
2024-11-29 17:25:00,2.2408426,True,1.8495,Latency Anomaly
2024-11-29 17:30:00,2.2438889,True,1.8495,Latency Anomaly
2024-11-29 17:35:00,2.2362885,True,1.8495,Latency Anomaly
2024-11-29 17:40:00,2.2400775,True,1.8495,Latency Anomaly
2024-11-29 17:45:00,2.2400358,True,1.8495,Latency Anomaly
2024-11-29 17:50:00,2.2376094,True,1.8495,Latency Anomaly
2024-11-29 17:55:00,2.2373512,True,1.8495,Latency Anomaly
2024-11-29 18:00:00,2.2267816,True,1.8495,Latency Anomaly
2024-11-29 18:05:00,2.2178698,True,1.8495,Latency Anomaly
2024-11-29 18:10:00,2.20536,True,1.8495,Latency Anomaly
2024-11-29 18:15:00,2.2045925,True,1.8495,Latency Anomaly
2024-11-29 18:20:00,2.202864,True,1.8495,Latency Anomaly
2024-11-29 18:25:00,2.194491,True,1.8495,Latency Anomaly
2024-11-29 18:30:00,2.1867447,True,1.8495,Latency Anomaly
2024-11-29 18:35:00,2.1805005,True,1.8495,Latency Anomaly
2024-11-29 18:40:00,2.1763039,True,1.8495,Latency Anomaly
2024-11-29 18:45:00,2.1639354,True,1.8495,Latency Anomaly
2024-11-29 18:50:00,2.151427,True,1.8495,Latency Anomaly
2024-11-29 18:55:00,2.1427672,True,1.8495,Latency Anomaly
2024-11-29 19:00:00,2.1273956,True,1.8495,Latency Anomaly
2024-11-29 19:05:00,2.1149426,True,1.8495,Latency Anomaly
2024-11-29 19:10:00,2.097604,True,1.8495,Latency Anomaly
2024-11-29 19:15:00,2.0885825,True,1.8495,Latency Anomaly
2024-11-29 19:20:00,2.0825374,True,1.8495,Latency Anomaly
2024-11-29 19:25:00,2.0730102,True,1.8495,Latency Anomaly
2024-11-29 19:30:00,2.0523057,True,1.8495,Latency Anomaly
2024-11-29 19:35:00,2.0344467,True,1.8495,Latency Anomaly
2024-11-29 19:40:00,2.0232372,True,1.8495,Latency Anomaly
2024-11-29 19:45:00,2.008335,True,1.8495,Latency Anomaly
2024-11-29 19:50:00,1.9898809,True,1.8495,Latency Anomaly
2024-11-29 19:55:00,1.9759914,True,1.8495,Latency Anomaly
2024-11-29 20:00:00,1.9641138,True,1.8495,Latency Anomaly
2024-11-29 20:05:00,1.9438854,True,1.8495,Latency Anomaly
2024-11-29 20:10:00,1.9344205,True,1.8495,Latency Anomaly
2024-11-29 20:15:00,1.9212835,True,1.8495,Latency Anomaly
2024-11-29 20:20:00,1.8946294,True,1.8495,Latency Anomaly
2024-11-29 20:25:00,1.8713194,True,1.8495,Latency Anomaly
2024-11-30 01:50:00,1.864506,True,1.8495,Latency Anomaly
2024-11-30 01:55:00,1.8671737,True,1.8495,Latency Anomaly
2024-11-30 02:00:00,1.8786739,True,1.8495,Latency Anomaly
2024-11-30 02:05:00,1.9484878,True,1.8495,Latency Anomaly
2024-11-30 02:10:00,2.0305984,True,1.8495,Latency Anomaly
2024-11-30 02:15:00,2.0415213,True,1.8495,Latency Anomaly
2024-11-30 02:20:00,2.0708992,True,1.8495,Latency Anomaly
2024-11-30 02:25:00,2.1874769,True,1.8495,Latency Anomaly
2024-11-30 02:30:00,2.221684,True,1.8495,Latency Anomaly
2024-11-30 02:35:00,2.2403615,True,1.8495,Latency Anomaly
2024-11-30 02:40:00,2.2446675,True,1.8495,Latency Anomaly
2024-11-30 02:45:00,2.3009906,True,1.8495,Latency Anomaly
2024-11-30 02:50:00,2.4042182,True,1.8495,Latency Anomaly
2024-11-30 02:55:00,2.4372556,True,1.8495,Latency Anomaly
2024-11-30 03:00:00,2.4638953,True,1.8495,Latency Anomaly
2024-11-30 03:05:00,2.4899173,True,1.8495,Latency Anomaly
2024-11-30 03:10:00,2.517396,True,1.8495,Latency Anomaly
2024-11-30 03:15:00,2.539214,True,1.8495,Latency Anomaly
2024-11-30 03:20:00,2.6083548,True,1.8495,Latency Anomaly
2024-11-30 03:25:00,2.6483817,True,1.8495,Latency Anomaly
2024-11-30 03:30:00,2.7111542,True,1.8495,Latency Anomaly
2024-11-30 03:35:00,2.728219,True,1.8495,Latency Anomaly
2024-11-30 03:40:00,2.7684665,True,1.8495,Latency Anomaly
2024-11-30 03:45:00,2.8180408,True,1.8495,Latency Anomaly
2024-11-30 03:50:00,2.847322,True,1.8495,Latency Anomaly
2024-11-30 03:55:00,2.8740473,True,1.8495,Latency Anomaly
2024-11-30 04:00:00,2.886217,True,1.8495,Latency Anomaly
2024-11-30 04:05:00,2.8886874,True,1.8495,Latency Anomaly
2024-11-30 04:10:00,2.901252,True,1.8495,Latency Anomaly
2024-11-30 04:15:00,2.9079993,True,1.8495,Latency Anomaly
2024-11-30 04:20:00,2.923016,True,1.8495,Latency Anomaly
2024-11-30 04:25:00,2.9220133,True,1.8495,Latency Anomaly
2024-11-30 04:30:00,2.9348474,True,1.8495,Latency Anomaly
2024-11-30 04:35:00,2.9508867,True,1.8495,Latency Anomaly
2024-11-30 04:40:00,2.9635518,True,1.8495,Latency Anomaly
2024-11-30 04:45:00,2.9919865,True,1.8495,Latency Anomaly
2024-11-30 04:50:00,3.0014093,True,1.8495,Latency Anomaly
2024-11-30 04:55:00,3.0128508,True,1.8495,Latency Anomaly
2024-11-30 05:00:00,3.0093868,True,1.8495,Latency Anomaly
2024-11-30 05:05:00,3.01817,True,1.8495,Latency Anomaly
2024-11-30 05:10:00,3.0130012,True,1.8495,Latency Anomaly
2024-11-30 05:15:00,3.0154846,True,1.8495,Latency Anomaly
2024-11-30 05:20:00,3.0161932,True,1.8495,Latency Anomaly
2024-11-30 05:25:00,3.0270567,True,1.8495,Latency Anomaly
2024-11-30 05:30:00,3.0363615,True,1.8495,Latency Anomaly
2024-11-30 05:35:00,3.0483139,True,1.8495,Latency Anomaly
2024-11-30 05:40:00,3.0533936,True,1.8495,Latency Anomaly
2024-11-30 05:45:00,3.0507126,True,1.8495,Latency Anomaly
2024-11-30 05:50:00,3.0304716,True,1.8495,Latency Anomaly
2024-11-30 05:55:00,3.030175,True,1.8495,Latency Anomaly
2024-11-30 06:00:00,2.9983582,True,1.8495,Latency Anomaly
2024-11-30 06:05:00,2.996687,True,1.8495,Latency Anomaly
2024-11-30 06:10:00,2.9799092,True,1.8495,Latency Anomaly
2024-11-30 06:15:00,2.935281,True,1.8495,Latency Anomaly
2024-11-30 06:20:00,2.9245713,True,1.8495,Latency Anomaly
2024-11-30 06:25:00,2.896005,True,1.8495,Latency Anomaly
2024-11-30 06:30:00,2.901412,True,1.8495,Latency Anomaly
2024-11-30 06:35:00,2.891651,True,1.8495,Latency Anomaly
2024-11-30 06:40:00,2.88635,True,1.8495,Latency Anomaly
2024-11-30 06:45:00,2.8766878,True,1.8495,Latency Anomaly
2024-11-30 06:50:00,2.8637037,True,1.8495,Latency Anomaly
2024-11-30 06:55:00,2.862364,True,1.8495,Latency Anomaly
2024-11-30 07:00:00,2.841811,True,1.8495,Latency Anomaly
2024-11-30 07:05:00,2.8190522,True,1.8495,Latency Anomaly
2024-11-30 07:10:00,2.7905686,True,1.8495,Latency Anomaly
2024-11-30 07:15:00,2.7577274,True,1.8495,Latency Anomaly
2024-11-30 07:20:00,2.7528307,True,1.8495,Latency Anomaly
2024-11-30 07:25:00,2.7379348,True,1.8495,Latency Anomaly
2024-11-30 07:30:00,2.7259898,True,1.8495,Latency Anomaly
2024-11-30 07:35:00,2.7213318,True,1.8495,Latency Anomaly
2024-11-30 07:40:00,2.6985867,True,1.8495,Latency Anomaly
2024-11-30 07:45:00,2.6720717,True,1.8495,Latency Anomaly
2024-11-30 07:50:00,2.651319,True,1.8495,Latency Anomaly
2024-11-30 07:55:00,2.6533298,True,1.8495,Latency Anomaly
2024-11-30 08:00:00,2.6394207,True,1.8495,Latency Anomaly
2024-11-30 08:05:00,2.5703228,True,1.8495,Latency Anomaly
2024-11-30 08:10:00,2.4825695,True,1.8495,Latency Anomaly
2024-11-30 08:15:00,2.4708006,True,1.8495,Latency Anomaly
2024-11-30 08:20:00,2.4461057,True,1.8495,Latency Anomaly
2024-11-30 08:25:00,2.3280425,True,1.8495,Latency Anomaly
2024-11-30 08:30:00,2.2864184,True,1.8495,Latency Anomaly
2024-11-30 08:35:00,2.2634387,True,1.8495,Latency Anomaly
2024-11-30 08:40:00,2.254551,True,1.8495,Latency Anomaly
2024-11-30 08:45:00,2.217203,True,1.8495,Latency Anomaly
2024-11-30 08:50:00,2.1188776,True,1.8495,Latency Anomaly
2024-11-30 08:55:00,2.0867703,True,1.8495,Latency Anomaly
2024-11-30 09:00:00,2.0588005,True,1.8495,Latency Anomaly
2024-11-30 09:05:00,2.0365195,True,1.8495,Latency Anomaly
2024-11-30 09:10:00,2.0088887,True,1.8495,Latency Anomaly
2024-11-30 09:15:00,1.9865526,True,1.8495,Latency Anomaly
2024-11-30 09:20:00,1.9083642,True,1.8495,Latency Anomaly
2024-11-30 09:25:00,1.866038,True,1.8495,Latency Anomaly
2024-12-01 01:15:00,1.8977052,True,1.8495,Latency Anomaly
2024-12-01 01:20:00,1.945881,True,1.8495,Latency Anomaly
2024-12-01 01:25:00,1.9903523,True,1.8495,Latency Anomaly
2024-12-01 01:30:00,2.0227916,True,1.8495,Latency Anomaly
2024-12-01 01:35:00,2.0402603,True,1.8495,Latency Anomaly
2024-12-01 01:40:00,2.068318,True,1.8495,Latency Anomaly
2024-12-01 01:45:00,2.10107,True,1.8495,Latency Anomaly
2024-12-01 01:50:00,2.111284,True,1.8495,Latency Anomaly
2024-12-01 01:55:00,2.1247737,True,1.8495,Latency Anomaly
2024-12-01 02:00:00,2.1539001,True,1.8495,Latency Anomaly
2024-12-01 02:05:00,2.3698976,True,1.8495,Latency Anomaly
2024-12-01 02:10:00,2.4327269,True,1.8495,Latency Anomaly
2024-12-01 02:15:00,2.4767764,True,1.8495,Latency Anomaly
2024-12-01 02:20:00,2.5362325,True,1.8495,Latency Anomaly
2024-12-01 02:25:00,2.576604,True,1.8495,Latency Anomaly
2024-12-01 02:30:00,2.591651,True,1.8495,Latency Anomaly
2024-12-01 02:35:00,2.6552086,True,1.8495,Latency Anomaly
2024-12-01 02:40:00,2.6888518,True,1.8495,Latency Anomaly
2024-12-01 02:45:00,2.7447968,True,1.8495,Latency Anomaly
2024-12-01 02:50:00,2.8146756,True,1.8495,Latency Anomaly
2024-12-01 02:55:00,2.8631134,True,1.8495,Latency Anomaly
2024-12-01 03:00:00,2.8756716,True,1.8495,Latency Anomaly
2024-12-01 03:05:00,2.8927593,True,1.8495,Latency Anomaly
2024-12-01 03:10:00,2.932349,True,1.8495,Latency Anomaly
2024-12-01 03:15:00,2.9427834,True,1.8495,Latency Anomaly
2024-12-01 03:20:00,2.9786978,True,1.8495,Latency Anomaly
2024-12-01 03:25:00,3.0218518,True,1.8495,Latency Anomaly
2024-12-01 03:30:00,3.0367079,True,1.8495,Latency Anomaly
2024-12-01 03:35:00,3.0459142,True,1.8495,Latency Anomaly
2024-12-01 03:40:00,3.0541773,True,1.8495,Latency Anomaly
2024-12-01 03:45:00,3.0692585,True,1.8495,Latency Anomaly
2024-12-01 03:50:00,3.087077,True,1.8495,Latency Anomaly
2024-12-01 03:55:00,3.1043015,True,1.8495,Latency Anomaly
2024-12-01 04:00:00,3.1039858,True,1.8495,Latency Anomaly
2024-12-01 04:05:00,3.1163363,True,1.8495,Latency Anomaly
2024-12-01 04:10:00,3.133387,True,1.8495,Latency Anomaly
2024-12-01 04:15:00,3.1217008,True,1.8495,Latency Anomaly
2024-12-01 04:20:00,3.1225572,True,1.8495,Latency Anomaly
2024-12-01 04:25:00,3.126492,True,1.8495,Latency Anomaly
2024-12-01 04:30:00,3.131001,True,1.8495,Latency Anomaly
2024-12-01 04:35:00,3.138176,True,1.8495,Latency Anomaly
2024-12-01 04:40:00,3.1461554,True,1.8495,Latency Anomaly
2024-12-01 04:45:00,3.1558025,True,1.8495,Latency Anomaly
2024-12-01 04:50:00,3.1685574,True,1.8495,Latency Anomaly
2024-12-01 04:55:00,3.1781785,True,1.8495,Latency Anomaly
2024-12-01 05:00:00,3.1862774,True,1.8495,Latency Anomaly
2024-12-01 05:05:00,3.1739368,True,1.8495,Latency Anomaly
2024-12-01 05:10:00,3.1759276,True,1.8495,Latency Anomaly
2024-12-01 05:15:00,3.2001717,True,1.8495,Latency Anomaly
2024-12-01 05:20:00,3.240461,True,1.8495,Latency Anomaly
2024-12-01 05:25:00,3.2419622,True,1.8495,Latency Anomaly
2024-12-01 05:30:00,3.2379296,True,1.8495,Latency Anomaly
2024-12-01 05:35:00,3.2235034,True,1.8495,Latency Anomaly
2024-12-01 05:40:00,3.226508,True,1.8495,Latency Anomaly
2024-12-01 05:45:00,3.2379012,True,1.8495,Latency Anomaly
2024-12-01 05:50:00,3.252619,True,1.8495,Latency Anomaly
2024-12-01 05:55:00,3.2474332,True,1.8495,Latency Anomaly
2024-12-01 06:00:00,3.2278683,True,1.8495,Latency Anomaly
2024-12-01 06:05:00,3.2359135,True,1.8495,Latency Anomaly
2024-12-01 06:10:00,3.219254,True,1.8495,Latency Anomaly
2024-12-01 06:15:00,3.220927,True,1.8495,Latency Anomaly
2024-12-01 06:20:00,3.2016,True,1.8495,Latency Anomaly
2024-12-01 06:25:00,3.195273,True,1.8495,Latency Anomaly
2024-12-01 06:30:00,3.1956553,True,1.8495,Latency Anomaly
2024-12-01 06:35:00,3.1905777,True,1.8495,Latency Anomaly
2024-12-01 06:40:00,3.1694477,True,1.8495,Latency Anomaly
2024-12-01 06:45:00,3.1699395,True,1.8495,Latency Anomaly
2024-12-01 06:50:00,3.1728218,True,1.8495,Latency Anomaly
2024-12-01 06:55:00,3.1515586,True,1.8495,Latency Anomaly
2024-12-01 07:00:00,3.119022,True,1.8495,Latency Anomaly
2024-12-01 07:05:00,3.098956,True,1.8495,Latency Anomaly
2024-12-01 07:10:00,3.0593474,True,1.8495,Latency Anomaly
2024-12-01 07:15:00,2.9746685,True,1.8495,Latency Anomaly
2024-12-01 07:20:00,2.9284117,True,1.8495,Latency Anomaly
2024-12-01 07:25:00,2.8890245,True,1.8495,Latency Anomaly
2024-12-01 07:30:00,2.8658595,True,1.8495,Latency Anomaly
2024-12-01 07:35:00,2.8515272,True,1.8495,Latency Anomaly
2024-12-01 07:40:00,2.826548,True,1.8495,Latency Anomaly
2024-12-01 07:45:00,2.793957,True,1.8495,Latency Anomaly
2024-12-01 07:50:00,2.7841015,True,1.8495,Latency Anomaly
2024-12-01 07:55:00,2.7669802,True,1.8495,Latency Anomaly
2024-12-01 08:00:00,2.7438884,True,1.8495,Latency Anomaly
2024-12-01 08:05:00,2.5204349,True,1.8495,Latency Anomaly
2024-12-01 08:10:00,2.458571,True,1.8495,Latency Anomaly
2024-12-01 08:15:00,2.4351397,True,1.8495,Latency Anomaly
2024-12-01 08:20:00,2.3840756,True,1.8495,Latency Anomaly
2024-12-01 08:25:00,2.3409748,True,1.8495,Latency Anomaly
2024-12-01 08:30:00,2.3170178,True,1.8495,Latency Anomaly
2024-12-01 08:35:00,2.2539184,True,1.8495,Latency Anomaly
2024-12-01 08:40:00,2.2228208,True,1.8495,Latency Anomaly
2024-12-01 08:45:00,2.1601486,True,1.8495,Latency Anomaly
2024-12-01 08:50:00,2.0900497,True,1.8495,Latency Anomaly
2024-12-01 08:55:00,2.0359585,True,1.8495,Latency Anomaly
2024-12-01 09:00:00,2.0279844,True,1.8495,Latency Anomaly
2024-12-01 09:05:00,2.0068526,True,1.8495,Latency Anomaly
2024-12-01 09:10:00,1.9623747,True,1.8495,Latency Anomaly
2024-12-01 09:15:00,1.9527842,True,1.8495,Latency Anomaly
2024-12-01 09:20:00,1.8979058,True,1.8495,Latency Anomaly
2024-12-02 01:30:00,1.8631712,True,1.8495,Latency Anomaly
2024-12-02 01:35:00,1.8624922,True,1.8495,Latency Anomaly
2024-12-02 01:40:00,1.8690575,True,1.8495,Latency Anomaly
2024-12-02 01:45:00,1.8945822,True,1.8495,Latency Anomaly
2024-12-02 01:50:00,1.8958588,True,1.8495,Latency Anomaly
2024-12-02 01:55:00,1.9114724,True,1.8495,Latency Anomaly
2024-12-02 02:00:00,1.9360919,True,1.8495,Latency Anomaly
2024-12-02 02:05:00,2.001653,True,1.8495,Latency Anomaly
2024-12-02 02:10:00,2.029166,True,1.8495,Latency Anomaly
2024-12-02 02:15:00,2.0508235,True,1.8495,Latency Anomaly
2024-12-02 02:20:00,2.0916867,True,1.8495,Latency Anomaly
2024-12-02 02:25:00,2.1484175,True,1.8495,Latency Anomaly
2024-12-02 02:30:00,2.1952589,True,1.8495,Latency Anomaly
2024-12-02 02:35:00,2.2126777,True,1.8495,Latency Anomaly
2024-12-02 02:40:00,2.2317944,True,1.8495,Latency Anomaly
2024-12-02 02:45:00,2.2355494,True,1.8495,Latency Anomaly
2024-12-02 02:50:00,2.2355828,True,1.8495,Latency Anomaly
2024-12-02 02:55:00,2.2735248,True,1.8495,Latency Anomaly
2024-12-02 03:00:00,2.308345,True,1.8495,Latency Anomaly
2024-12-02 03:05:00,2.3272753,True,1.8495,Latency Anomaly
2024-12-02 03:10:00,2.3352282,True,1.8495,Latency Anomaly
2024-12-02 03:15:00,2.440792,True,1.8495,Latency Anomaly
2024-12-02 03:20:00,2.443325,True,1.8495,Latency Anomaly
2024-12-02 03:25:00,2.4588358,True,1.8495,Latency Anomaly
2024-12-02 03:30:00,2.4702487,True,1.8495,Latency Anomaly
2024-12-02 03:35:00,2.471343,True,1.8495,Latency Anomaly
2024-12-02 03:40:00,2.4968815,True,1.8495,Latency Anomaly
2024-12-02 03:45:00,2.5045621,True,1.8495,Latency Anomaly
2024-12-02 03:50:00,2.513529,True,1.8495,Latency Anomaly
2024-12-02 03:55:00,2.520572,True,1.8495,Latency Anomaly
2024-12-02 04:00:00,2.5235498,True,1.8495,Latency Anomaly
2024-12-02 04:05:00,2.527208,True,1.8495,Latency Anomaly
2024-12-02 04:10:00,2.5280287,True,1.8495,Latency Anomaly
2024-12-02 04:15:00,2.538822,True,1.8495,Latency Anomaly
2024-12-02 04:20:00,2.5378277,True,1.8495,Latency Anomaly
2024-12-02 04:25:00,2.5326958,True,1.8495,Latency Anomaly
2024-12-02 04:30:00,2.530659,True,1.8495,Latency Anomaly
2024-12-02 04:35:00,2.5298579,True,1.8495,Latency Anomaly
2024-12-02 04:40:00,2.53729,True,1.8495,Latency Anomaly
2024-12-02 04:45:00,2.5437205,True,1.8495,Latency Anomaly
2024-12-02 04:50:00,2.5363374,True,1.8495,Latency Anomaly
2024-12-02 04:55:00,2.568802,True,1.8495,Latency Anomaly
2024-12-02 05:00:00,2.5683715,True,1.8495,Latency Anomaly
2024-12-02 05:05:00,2.5691953,True,1.8495,Latency Anomaly
2024-12-02 05:10:00,2.5795422,True,1.8495,Latency Anomaly
2024-12-02 05:15:00,2.5802488,True,1.8495,Latency Anomaly
2024-12-02 05:20:00,2.5650494,True,1.8495,Latency Anomaly
2024-12-02 05:25:00,2.5528193,True,1.8495,Latency Anomaly
2024-12-02 05:30:00,2.551094,True,1.8495,Latency Anomaly
2024-12-02 05:35:00,2.5538056,True,1.8495,Latency Anomaly
2024-12-02 05:40:00,2.5527532,True,1.8495,Latency Anomaly
2024-12-02 05:45:00,2.546189,True,1.8495,Latency Anomaly
2024-12-02 05:50:00,2.5548828,True,1.8495,Latency Anomaly
2024-12-02 05:55:00,2.5638957,True,1.8495,Latency Anomaly
2024-12-02 06:00:00,2.5559616,True,1.8495,Latency Anomaly
2024-12-02 06:05:00,2.5530546,True,1.8495,Latency Anomaly
2024-12-02 06:10:00,2.5389826,True,1.8495,Latency Anomaly
2024-12-02 06:15:00,2.5227747,True,1.8495,Latency Anomaly
2024-12-02 06:20:00,2.4768581,True,1.8495,Latency Anomaly
2024-12-02 06:25:00,2.471485,True,1.8495,Latency Anomaly
2024-12-02 06:30:00,2.462593,True,1.8495,Latency Anomaly
2024-12-02 06:35:00,2.432066,True,1.8495,Latency Anomaly
2024-12-02 06:40:00,2.4206142,True,1.8495,Latency Anomaly
2024-12-02 06:45:00,2.3986824,True,1.8495,Latency Anomaly
2024-12-02 06:50:00,2.3963492,True,1.8495,Latency Anomaly
2024-12-02 06:55:00,2.3994267,True,1.8495,Latency Anomaly
2024-12-02 07:00:00,2.3834622,True,1.8495,Latency Anomaly
2024-12-02 07:05:00,2.3383439,True,1.8495,Latency Anomaly
2024-12-02 07:10:00,2.308436,True,1.8495,Latency Anomaly
2024-12-02 07:15:00,2.317789,True,1.8495,Latency Anomaly
2024-12-02 07:20:00,2.3046694,True,1.8495,Latency Anomaly
2024-12-02 07:25:00,2.2774394,True,1.8495,Latency Anomaly
2024-12-02 07:30:00,2.2524004,True,1.8495,Latency Anomaly
2024-12-02 07:35:00,2.2484863,True,1.8495,Latency Anomaly
2024-12-02 07:40:00,2.2442608,True,1.8495,Latency Anomaly
2024-12-02 07:45:00,2.2247193,True,1.8495,Latency Anomaly
2024-12-02 07:50:00,2.2144642,True,1.8495,Latency Anomaly
2024-12-02 07:55:00,2.1867197,True,1.8495,Latency Anomaly
2024-12-02 08:00:00,2.1596727,True,1.8495,Latency Anomaly
2024-12-02 08:05:00,2.0925262,True,1.8495,Latency Anomaly
2024-12-02 08:10:00,2.0567946,True,1.8495,Latency Anomaly
2024-12-02 08:15:00,2.0352638,True,1.8495,Latency Anomaly
2024-12-02 08:20:00,2.0005672,True,1.8495,Latency Anomaly
2024-12-02 08:25:00,1.9416451,True,1.8495,Latency Anomaly
2024-12-02 08:30:00,1.883104,True,1.8495,Latency Anomaly
2024-12-02 08:35:00,1.8583863,True,1.8495,Latency Anomaly
2024-12-02 14:00:00,1.8626765,True,1.8495,Latency Anomaly
2024-12-02 14:05:00,1.8853388,True,1.8495,Latency Anomaly
2024-12-02 14:10:00,1.9028637,True,1.8495,Latency Anomaly
2024-12-02 14:15:00,1.9162458,True,1.8495,Latency Anomaly
2024-12-02 14:20:00,1.9321872,True,1.8495,Latency Anomaly
2024-12-02 14:25:00,1.9575104,True,1.8495,Latency Anomaly
2024-12-02 14:30:00,1.981049,True,1.8495,Latency Anomaly
2024-12-02 14:35:00,1.9965597,True,1.8495,Latency Anomaly
2024-12-02 14:40:00,2.0234373,True,1.8495,Latency Anomaly
2024-12-02 14:45:00,2.0399435,True,1.8495,Latency Anomaly
2024-12-02 14:50:00,2.0599332,True,1.8495,Latency Anomaly
2024-12-02 14:55:00,2.0863407,True,1.8495,Latency Anomaly
2024-12-02 15:00:00,2.0970266,True,1.8495,Latency Anomaly
2024-12-02 15:05:00,2.111121,True,1.8495,Latency Anomaly
2024-12-02 15:10:00,2.1253102,True,1.8495,Latency Anomaly
2024-12-02 15:15:00,2.152104,True,1.8495,Latency Anomaly
2024-12-02 15:20:00,2.1563544,True,1.8495,Latency Anomaly
2024-12-02 15:25:00,2.1790035,True,1.8495,Latency Anomaly
2024-12-02 15:30:00,2.1915102,True,1.8495,Latency Anomaly
2024-12-02 15:35:00,2.2024207,True,1.8495,Latency Anomaly
2024-12-02 15:40:00,2.2165947,True,1.8495,Latency Anomaly
2024-12-02 15:45:00,2.236039,True,1.8495,Latency Anomaly
2024-12-02 15:50:00,2.2495725,True,1.8495,Latency Anomaly
2024-12-02 15:55:00,2.274475,True,1.8495,Latency Anomaly
2024-12-02 16:00:00,2.2835295,True,1.8495,Latency Anomaly
2024-12-02 16:05:00,2.3000982,True,1.8495,Latency Anomaly
2024-12-02 16:10:00,2.3115616,True,1.8495,Latency Anomaly
2024-12-02 16:15:00,2.3190851,True,1.8495,Latency Anomaly
2024-12-02 16:20:00,2.3268788,True,1.8495,Latency Anomaly
2024-12-02 16:25:00,2.3337111,True,1.8495,Latency Anomaly
2024-12-02 16:30:00,2.3400629,True,1.8495,Latency Anomaly
2024-12-02 16:35:00,2.3508506,True,1.8495,Latency Anomaly
2024-12-02 16:40:00,2.3575144,True,1.8495,Latency Anomaly
2024-12-02 16:45:00,2.3654468,True,1.8495,Latency Anomaly
2024-12-02 16:50:00,2.3644567,True,1.8495,Latency Anomaly
2024-12-02 16:55:00,2.372999,True,1.8495,Latency Anomaly
2024-12-02 17:00:00,2.3843756,True,1.8495,Latency Anomaly
2024-12-02 17:05:00,2.3844543,True,1.8495,Latency Anomaly
2024-12-02 17:10:00,2.3866625,True,1.8495,Latency Anomaly
2024-12-02 17:15:00,2.385641,True,1.8495,Latency Anomaly
2024-12-02 17:20:00,2.383407,True,1.8495,Latency Anomaly
2024-12-02 17:25:00,2.3776758,True,1.8495,Latency Anomaly
2024-12-02 17:30:00,2.3813875,True,1.8495,Latency Anomaly
2024-12-02 17:35:00,2.3844762,True,1.8495,Latency Anomaly
2024-12-02 17:40:00,2.3868566,True,1.8495,Latency Anomaly
2024-12-02 17:45:00,2.3877542,True,1.8495,Latency Anomaly
2024-12-02 17:50:00,2.3911102,True,1.8495,Latency Anomaly
2024-12-02 17:55:00,2.3973186,True,1.8495,Latency Anomaly
2024-12-02 18:00:00,2.3865998,True,1.8495,Latency Anomaly
2024-12-02 18:05:00,2.385879,True,1.8495,Latency Anomaly
2024-12-02 18:10:00,2.3719554,True,1.8495,Latency Anomaly
2024-12-02 18:15:00,2.332057,True,1.8495,Latency Anomaly
2024-12-02 18:20:00,2.3254094,True,1.8495,Latency Anomaly
2024-12-02 18:25:00,2.3158872,True,1.8495,Latency Anomaly
2024-12-02 18:30:00,2.305263,True,1.8495,Latency Anomaly
2024-12-02 18:35:00,2.3036919,True,1.8495,Latency Anomaly
2024-12-02 18:40:00,2.2923446,True,1.8495,Latency Anomaly
2024-12-02 18:45:00,2.277568,True,1.8495,Latency Anomaly
2024-12-02 18:50:00,2.2763455,True,1.8495,Latency Anomaly
2024-12-02 18:55:00,2.2644157,True,1.8495,Latency Anomaly
2024-12-02 19:00:00,2.25671,True,1.8495,Latency Anomaly
2024-12-02 19:05:00,2.2463453,True,1.8495,Latency Anomaly
2024-12-02 19:10:00,2.2169685,True,1.8495,Latency Anomaly
2024-12-02 19:15:00,2.1980603,True,1.8495,Latency Anomaly
2024-12-02 19:20:00,2.1819358,True,1.8495,Latency Anomaly
2024-12-02 19:25:00,2.17254,True,1.8495,Latency Anomaly
2024-12-02 19:30:00,2.1708658,True,1.8495,Latency Anomaly
2024-12-02 19:35:00,2.161397,True,1.8495,Latency Anomaly
2024-12-02 19:40:00,2.1416674,True,1.8495,Latency Anomaly
2024-12-02 19:45:00,2.126323,True,1.8495,Latency Anomaly
2024-12-02 19:50:00,2.099461,True,1.8495,Latency Anomaly
2024-12-02 19:55:00,2.0889137,True,1.8495,Latency Anomaly
2024-12-02 20:00:00,2.0778468,True,1.8495,Latency Anomaly
2024-12-02 20:05:00,2.054805,True,1.8495,Latency Anomaly
2024-12-02 20:10:00,2.0321877,True,1.8495,Latency Anomaly
2024-12-02 20:15:00,2.0252802,True,1.8495,Latency Anomaly
2024-12-02 20:20:00,2.0080523,True,1.8495,Latency Anomaly
2024-12-02 20:25:00,1.9844394,True,1.8495,Latency Anomaly
2024-12-02 20:30:00,1.9616331,True,1.8495,Latency Anomaly
2024-12-02 20:35:00,1.9504423,True,1.8495,Latency Anomaly
2024-12-02 20:40:00,1.9332931,True,1.8495,Latency Anomaly
2024-12-02 20:45:00,1.9151922,True,1.8495,Latency Anomaly
2024-12-02 20:50:00,1.8929622,True,1.8495,Latency Anomaly
2024-12-02 20:55:00,1.8852376,True,1.8495,Latency Anomaly
2024-12-02 21:00:00,1.8682263,True,1.8495,Latency Anomaly
2024-12-03 02:15:00,1.8605314,True,1.8495,Latency Anomaly
2024-12-03 02:20:00,1.8666708,True,1.8495,Latency Anomaly
2024-12-03 02:25:00,1.9267399,True,1.8495,Latency Anomaly
2024-12-03 02:30:00,1.9774053,True,1.8495,Latency Anomaly
2024-12-03 02:35:00,1.9936843,True,1.8495,Latency Anomaly
2024-12-03 02:40:00,2.027392,True,1.8495,Latency Anomaly
2024-12-03 02:45:00,2.1185634,True,1.8495,Latency Anomaly
2024-12-03 02:50:00,2.1319299,True,1.8495,Latency Anomaly
2024-12-03 02:55:00,2.1578367,True,1.8495,Latency Anomaly
2024-12-03 03:00:00,2.1689992,True,1.8495,Latency Anomaly
2024-12-03 03:05:00,2.1897337,True,1.8495,Latency Anomaly
2024-12-03 03:10:00,2.204498,True,1.8495,Latency Anomaly
2024-12-03 03:15:00,2.2488995,True,1.8495,Latency Anomaly
2024-12-03 03:20:00,2.2624288,True,1.8495,Latency Anomaly
2024-12-03 03:25:00,2.2856305,True,1.8495,Latency Anomaly
2024-12-03 03:30:00,2.3079078,True,1.8495,Latency Anomaly
2024-12-03 03:35:00,2.3182077,True,1.8495,Latency Anomaly
2024-12-03 03:40:00,2.3401484,True,1.8495,Latency Anomaly
2024-12-03 03:45:00,2.352511,True,1.8495,Latency Anomaly
2024-12-03 03:50:00,2.365174,True,1.8495,Latency Anomaly
2024-12-03 03:55:00,2.3698163,True,1.8495,Latency Anomaly
2024-12-03 04:00:00,2.3705401,True,1.8495,Latency Anomaly
2024-12-03 04:05:00,2.3871958,True,1.8495,Latency Anomaly
2024-12-03 04:10:00,2.4095588,True,1.8495,Latency Anomaly
2024-12-03 04:15:00,2.4250677,True,1.8495,Latency Anomaly
2024-12-03 04:20:00,2.4324825,True,1.8495,Latency Anomaly
2024-12-03 04:25:00,2.4451404,True,1.8495,Latency Anomaly
2024-12-03 04:30:00,2.4330666,True,1.8495,Latency Anomaly
2024-12-03 04:35:00,2.44754,True,1.8495,Latency Anomaly
2024-12-03 04:40:00,2.4599702,True,1.8495,Latency Anomaly
2024-12-03 04:45:00,2.4689586,True,1.8495,Latency Anomaly
2024-12-03 04:50:00,2.508808,True,1.8495,Latency Anomaly
2024-12-03 04:55:00,2.5096314,True,1.8495,Latency Anomaly
2024-12-03 05:00:00,2.4965825,True,1.8495,Latency Anomaly
2024-12-03 05:05:00,2.495918,True,1.8495,Latency Anomaly
2024-12-03 05:10:00,2.5103061,True,1.8495,Latency Anomaly
2024-12-03 05:15:00,2.5124335,True,1.8495,Latency Anomaly
2024-12-03 05:20:00,2.5382898,True,1.8495,Latency Anomaly
2024-12-03 05:25:00,2.54745,True,1.8495,Latency Anomaly
2024-12-03 05:30:00,2.553866,True,1.8495,Latency Anomaly
2024-12-03 05:35:00,2.5612907,True,1.8495,Latency Anomaly
2024-12-03 05:40:00,2.5618198,True,1.8495,Latency Anomaly
2024-12-03 05:45:00,2.5652623,True,1.8495,Latency Anomaly
2024-12-03 05:50:00,2.570464,True,1.8495,Latency Anomaly
2024-12-03 05:55:00,2.5777438,True,1.8495,Latency Anomaly
2024-12-03 06:00:00,2.5674067,True,1.8495,Latency Anomaly
2024-12-03 06:05:00,2.5532823,True,1.8495,Latency Anomaly
2024-12-03 06:10:00,2.5494545,True,1.8495,Latency Anomaly
2024-12-03 06:15:00,2.5450597,True,1.8495,Latency Anomaly
2024-12-03 06:20:00,2.5387623,True,1.8495,Latency Anomaly
2024-12-03 06:25:00,2.5219085,True,1.8495,Latency Anomaly
2024-12-03 06:30:00,2.5106788,True,1.8495,Latency Anomaly
2024-12-03 06:35:00,2.5030344,True,1.8495,Latency Anomaly
2024-12-03 06:40:00,2.49711,True,1.8495,Latency Anomaly
2024-12-03 06:45:00,2.4903216,True,1.8495,Latency Anomaly
2024-12-03 06:50:00,2.4503582,True,1.8495,Latency Anomaly
2024-12-03 06:55:00,2.4486983,True,1.8495,Latency Anomaly
2024-12-03 07:00:00,2.427537,True,1.8495,Latency Anomaly
2024-12-03 07:05:00,2.4228613,True,1.8495,Latency Anomaly
2024-12-03 07:10:00,2.408359,True,1.8495,Latency Anomaly
2024-12-03 07:15:00,2.3830779,True,1.8495,Latency Anomaly
2024-12-03 07:20:00,2.338656,True,1.8495,Latency Anomaly
2024-12-03 07:25:00,2.3036516,True,1.8495,Latency Anomaly
2024-12-03 07:30:00,2.287252,True,1.8495,Latency Anomaly
2024-12-03 07:35:00,2.269885,True,1.8495,Latency Anomaly
2024-12-03 07:40:00,2.2539968,True,1.8495,Latency Anomaly
2024-12-03 07:45:00,2.2419128,True,1.8495,Latency Anomaly
2024-12-03 07:50:00,2.2289534,True,1.8495,Latency Anomaly
2024-12-03 07:55:00,2.1885037,True,1.8495,Latency Anomaly
2024-12-03 08:00:00,2.1776855,True,1.8495,Latency Anomaly
2024-12-03 08:05:00,2.1684556,True,1.8495,Latency Anomaly
2024-12-03 08:10:00,2.1027713,True,1.8495,Latency Anomaly
2024-12-03 08:15:00,2.0848436,True,1.8495,Latency Anomaly
2024-12-03 08:20:00,2.0772033,True,1.8495,Latency Anomaly
2024-12-03 08:25:00,2.01752,True,1.8495,Latency Anomaly
2024-12-03 08:30:00,1.9619572,True,1.8495,Latency Anomaly
2024-12-03 08:35:00,1.9452057,True,1.8495,Latency Anomaly
2024-12-03 08:40:00,1.9043574,True,1.8495,Latency Anomaly
2024-12-03 13:55:00,1.853539,True,1.8495,Latency Anomaly
2024-12-03 14:00:00,1.8655782,True,1.8495,Latency Anomaly
2024-12-03 14:05:00,1.8836911,True,1.8495,Latency Anomaly
2024-12-03 14:10:00,1.9006642,True,1.8495,Latency Anomaly
2024-12-03 14:15:00,1.9150262,True,1.8495,Latency Anomaly
2024-12-03 14:20:00,1.9353915,True,1.8495,Latency Anomaly
2024-12-03 14:25:00,1.9513153,True,1.8495,Latency Anomaly
2024-12-03 14:30:00,1.9677944,True,1.8495,Latency Anomaly
2024-12-03 14:35:00,1.9851553,True,1.8495,Latency Anomaly
2024-12-03 14:40:00,2.0028684,True,1.8495,Latency Anomaly
2024-12-03 14:45:00,2.0188282,True,1.8495,Latency Anomaly
2024-12-03 14:50:00,2.0370884,True,1.8495,Latency Anomaly
2024-12-03 14:55:00,2.0551128,True,1.8495,Latency Anomaly
2024-12-03 15:00:00,2.0727017,True,1.8495,Latency Anomaly
2024-12-03 15:05:00,2.0870266,True,1.8495,Latency Anomaly
2024-12-03 15:10:00,2.0984614,True,1.8495,Latency Anomaly
2024-12-03 15:15:00,2.1230109,True,1.8495,Latency Anomaly
2024-12-03 15:20:00,2.1314728,True,1.8495,Latency Anomaly
2024-12-03 15:25:00,2.1606648,True,1.8495,Latency Anomaly
2024-12-03 15:30:00,2.1707888,True,1.8495,Latency Anomaly
2024-12-03 15:35:00,2.1919286,True,1.8495,Latency Anomaly
2024-12-03 15:40:00,2.2013059,True,1.8495,Latency Anomaly
2024-12-03 15:45:00,2.2188935,True,1.8495,Latency Anomaly
2024-12-03 15:50:00,2.2378976,True,1.8495,Latency Anomaly
2024-12-03 15:55:00,2.2436035,True,1.8495,Latency Anomaly
2024-12-03 16:00:00,2.2557776,True,1.8495,Latency Anomaly
2024-12-03 16:05:00,2.261519,True,1.8495,Latency Anomaly
2024-12-03 16:10:00,2.273471,True,1.8495,Latency Anomaly
2024-12-03 16:15:00,2.2755055,True,1.8495,Latency Anomaly
2024-12-03 16:20:00,2.2893186,True,1.8495,Latency Anomaly
2024-12-03 16:25:00,2.2930593,True,1.8495,Latency Anomaly
2024-12-03 16:30:00,2.3023705,True,1.8495,Latency Anomaly
2024-12-03 16:35:00,2.301467,True,1.8495,Latency Anomaly
2024-12-03 16:40:00,2.3086348,True,1.8495,Latency Anomaly
2024-12-03 16:45:00,2.3194203,True,1.8495,Latency Anomaly
2024-12-03 16:50:00,2.3225305,True,1.8495,Latency Anomaly
2024-12-03 16:55:00,2.3328483,True,1.8495,Latency Anomaly
2024-12-03 17:00:00,2.330351,True,1.8495,Latency Anomaly
2024-12-03 17:05:00,2.3255184,True,1.8495,Latency Anomaly
2024-12-03 17:10:00,2.3284307,True,1.8495,Latency Anomaly
2024-12-03 17:15:00,2.3348467,True,1.8495,Latency Anomaly
2024-12-03 17:20:00,2.3306978,True,1.8495,Latency Anomaly
2024-12-03 17:25:00,2.3320246,True,1.8495,Latency Anomaly
2024-12-03 17:30:00,2.3389142,True,1.8495,Latency Anomaly
2024-12-03 17:35:00,2.3440704,True,1.8495,Latency Anomaly
2024-12-03 17:40:00,2.3477929,True,1.8495,Latency Anomaly
2024-12-03 17:45:00,2.3540661,True,1.8495,Latency Anomaly
2024-12-03 17:50:00,2.3496575,True,1.8495,Latency Anomaly
2024-12-03 17:55:00,2.3456585,True,1.8495,Latency Anomaly
2024-12-03 18:00:00,2.3398511,True,1.8495,Latency Anomaly
2024-12-03 18:05:00,2.32863,True,1.8495,Latency Anomaly
2024-12-03 18:10:00,2.314466,True,1.8495,Latency Anomaly
2024-12-03 18:15:00,2.3003368,True,1.8495,Latency Anomaly
2024-12-03 18:20:00,2.305735,True,1.8495,Latency Anomaly
2024-12-03 18:25:00,2.3054364,True,1.8495,Latency Anomaly
2024-12-03 18:30:00,2.2975392,True,1.8495,Latency Anomaly
2024-12-03 18:35:00,2.2858386,True,1.8495,Latency Anomaly
2024-12-03 18:40:00,2.2585695,True,1.8495,Latency Anomaly
2024-12-03 18:45:00,2.2574897,True,1.8495,Latency Anomaly
2024-12-03 18:50:00,2.2436483,True,1.8495,Latency Anomaly
2024-12-03 18:55:00,2.233083,True,1.8495,Latency Anomaly
2024-12-03 19:00:00,2.2236862,True,1.8495,Latency Anomaly
2024-12-03 19:05:00,2.203881,True,1.8495,Latency Anomaly
2024-12-03 19:10:00,2.199106,True,1.8495,Latency Anomaly
2024-12-03 19:15:00,2.1865733,True,1.8495,Latency Anomaly
2024-12-03 19:20:00,2.1659636,True,1.8495,Latency Anomaly
2024-12-03 19:25:00,2.1622362,True,1.8495,Latency Anomaly
2024-12-03 19:30:00,2.1530297,True,1.8495,Latency Anomaly
2024-12-03 19:35:00,2.1255152,True,1.8495,Latency Anomaly
2024-12-03 19:40:00,2.1136844,True,1.8495,Latency Anomaly
2024-12-03 19:45:00,2.088423,True,1.8495,Latency Anomaly
2024-12-03 19:50:00,2.0727983,True,1.8495,Latency Anomaly
2024-12-03 19:55:00,2.0573337,True,1.8495,Latency Anomaly
2024-12-03 20:00:00,2.0417705,True,1.8495,Latency Anomaly
2024-12-03 20:05:00,2.027959,True,1.8495,Latency Anomaly
2024-12-03 20:10:00,2.0107687,True,1.8495,Latency Anomaly
2024-12-03 20:15:00,1.9923624,True,1.8495,Latency Anomaly
2024-12-03 20:20:00,1.97459,True,1.8495,Latency Anomaly
2024-12-03 20:25:00,1.9579803,True,1.8495,Latency Anomaly
2024-12-03 20:30:00,1.9440954,True,1.8495,Latency Anomaly
2024-12-03 20:35:00,1.9225981,True,1.8495,Latency Anomaly
2024-12-03 20:40:00,1.9104346,True,1.8495,Latency Anomaly
2024-12-03 20:45:00,1.8908333,True,1.8495,Latency Anomaly
2024-12-03 20:50:00,1.8762032,True,1.8495,Latency Anomaly
2024-12-03 20:55:00,1.8612269,True,1.8495,Latency Anomaly
2024-12-04 02:15:00,1.8619733,True,1.8495,Latency Anomaly
2024-12-04 02:20:00,1.8838974,True,1.8495,Latency Anomaly
2024-12-04 02:25:00,1.9427314,True,1.8495,Latency Anomaly
2024-12-04 02:30:00,1.9634359,True,1.8495,Latency Anomaly
2024-12-04 02:35:00,1.9773506,True,1.8495,Latency Anomaly
2024-12-04 02:40:00,2.002652,True,1.8495,Latency Anomaly
2024-12-04 02:45:00,2.0237427,True,1.8495,Latency Anomaly
2024-12-04 02:50:00,2.035001,True,1.8495,Latency Anomaly
2024-12-04 02:55:00,2.0560918,True,1.8495,Latency Anomaly
2024-12-04 03:00:00,2.0851467,True,1.8495,Latency Anomaly
2024-12-04 03:05:00,2.1401405,True,1.8495,Latency Anomaly
2024-12-04 03:10:00,2.1485038,True,1.8495,Latency Anomaly
2024-12-04 03:15:00,2.1788785,True,1.8495,Latency Anomaly
2024-12-04 03:20:00,2.1989405,True,1.8495,Latency Anomaly
2024-12-04 03:25:00,2.2475193,True,1.8495,Latency Anomaly
2024-12-04 03:30:00,2.299847,True,1.8495,Latency Anomaly
2024-12-04 03:35:00,2.319144,True,1.8495,Latency Anomaly
2024-12-04 03:40:00,2.3284657,True,1.8495,Latency Anomaly
2024-12-04 03:45:00,2.343912,True,1.8495,Latency Anomaly
2024-12-04 03:50:00,2.3740053,True,1.8495,Latency Anomaly
2024-12-04 03:55:00,2.4172468,True,1.8495,Latency Anomaly
2024-12-04 04:00:00,2.4283621,True,1.8495,Latency Anomaly
2024-12-04 04:05:00,2.451508,True,1.8495,Latency Anomaly
2024-12-04 04:10:00,2.4909961,True,1.8495,Latency Anomaly
2024-12-04 04:15:00,2.4945095,True,1.8495,Latency Anomaly
2024-12-04 04:20:00,2.4869957,True,1.8495,Latency Anomaly
2024-12-04 04:25:00,2.5098855,True,1.8495,Latency Anomaly
2024-12-04 04:30:00,2.52289,True,1.8495,Latency Anomaly
2024-12-04 04:35:00,2.5254288,True,1.8495,Latency Anomaly
2024-12-04 04:40:00,2.5323145,True,1.8495,Latency Anomaly
2024-12-04 04:45:00,2.5331824,True,1.8495,Latency Anomaly
2024-12-04 04:50:00,2.5452945,True,1.8495,Latency Anomaly
2024-12-04 04:55:00,2.559692,True,1.8495,Latency Anomaly
2024-12-04 05:00:00,2.5597908,True,1.8495,Latency Anomaly
2024-12-04 05:05:00,2.555491,True,1.8495,Latency Anomaly
2024-12-04 05:10:00,2.548377,True,1.8495,Latency Anomaly
2024-12-04 05:15:00,2.5507984,True,1.8495,Latency Anomaly
2024-12-04 05:20:00,2.552292,True,1.8495,Latency Anomaly
2024-12-04 05:25:00,2.5554857,True,1.8495,Latency Anomaly
2024-12-04 05:30:00,2.5415158,True,1.8495,Latency Anomaly
2024-12-04 05:35:00,2.5444834,True,1.8495,Latency Anomaly
2024-12-04 05:40:00,2.5444884,True,1.8495,Latency Anomaly
2024-12-04 05:45:00,2.5484145,True,1.8495,Latency Anomaly
2024-12-04 05:50:00,2.5639784,True,1.8495,Latency Anomaly
2024-12-04 05:55:00,2.5601232,True,1.8495,Latency Anomaly
2024-12-04 06:00:00,2.5471494,True,1.8495,Latency Anomaly
2024-12-04 06:05:00,2.530252,True,1.8495,Latency Anomaly
2024-12-04 06:10:00,2.5139475,True,1.8495,Latency Anomaly
2024-12-04 06:15:00,2.493777,True,1.8495,Latency Anomaly
2024-12-04 06:20:00,2.4775603,True,1.8495,Latency Anomaly
2024-12-04 06:25:00,2.493667,True,1.8495,Latency Anomaly
2024-12-04 06:30:00,2.4888978,True,1.8495,Latency Anomaly
2024-12-04 06:35:00,2.47739,True,1.8495,Latency Anomaly
2024-12-04 06:40:00,2.4794748,True,1.8495,Latency Anomaly
2024-12-04 06:45:00,2.4645162,True,1.8495,Latency Anomaly
2024-12-04 06:50:00,2.446306,True,1.8495,Latency Anomaly
2024-12-04 06:55:00,2.4285977,True,1.8495,Latency Anomaly
2024-12-04 07:00:00,2.400023,True,1.8495,Latency Anomaly
2024-12-04 07:05:00,2.3903894,True,1.8495,Latency Anomaly
2024-12-04 07:10:00,2.3590333,True,1.8495,Latency Anomaly
2024-12-04 07:15:00,2.339667,True,1.8495,Latency Anomaly
2024-12-04 07:20:00,2.325646,True,1.8495,Latency Anomaly
2024-12-04 07:25:00,2.3096588,True,1.8495,Latency Anomaly
2024-12-04 07:30:00,2.2989132,True,1.8495,Latency Anomaly
2024-12-04 07:35:00,2.2943487,True,1.8495,Latency Anomaly
2024-12-04 07:40:00,2.2733245,True,1.8495,Latency Anomaly
2024-12-04 07:45:00,2.227398,True,1.8495,Latency Anomaly
2024-12-04 07:50:00,2.2038622,True,1.8495,Latency Anomaly
2024-12-04 07:55:00,2.1919043,True,1.8495,Latency Anomaly
2024-12-04 08:00:00,2.145634,True,1.8495,Latency Anomaly
2024-12-04 08:05:00,2.127431,True,1.8495,Latency Anomaly
2024-12-04 08:10:00,2.089186,True,1.8495,Latency Anomaly
2024-12-04 08:15:00,2.0662467,True,1.8495,Latency Anomaly
2024-12-04 08:20:00,2.0418758,True,1.8495,Latency Anomaly
2024-12-04 08:25:00,1.9855356,True,1.8495,Latency Anomaly
2024-12-04 08:30:00,1.969746,True,1.8495,Latency Anomaly
2024-12-04 08:35:00,1.959331,True,1.8495,Latency Anomaly
2024-12-04 08:40:00,1.9290947,True,1.8495,Latency Anomaly
2024-12-04 08:45:00,1.9089403,True,1.8495,Latency Anomaly
2024-12-04 08:50:00,1.8928293,True,1.8495,Latency Anomaly
2024-12-04 08:55:00,1.8832273,True,1.8495,Latency Anomaly
2024-12-04 09:00:00,1.868213,True,1.8495,Latency Anomaly
2024-12-04 13:35:00,1.8638017,True,1.8495,Latency Anomaly
2024-12-04 13:40:00,1.8760293,True,1.8495,Latency Anomaly
2024-12-04 13:45:00,1.8908448,True,1.8495,Latency Anomaly
2024-12-04 13:50:00,1.910107,True,1.8495,Latency Anomaly
2024-12-04 13:55:00,1.9180775,True,1.8495,Latency Anomaly
2024-12-04 14:00:00,1.9371464,True,1.8495,Latency Anomaly
2024-12-04 14:05:00,1.9536825,True,1.8495,Latency Anomaly
2024-12-04 14:10:00,1.9701996,True,1.8495,Latency Anomaly
2024-12-04 14:15:00,1.9908123,True,1.8495,Latency Anomaly
2024-12-04 14:20:00,2.0118933,True,1.8495,Latency Anomaly
2024-12-04 14:25:00,2.0238633,True,1.8495,Latency Anomaly
2024-12-04 14:30:00,2.0309117,True,1.8495,Latency Anomaly
2024-12-04 14:35:00,2.0531216,True,1.8495,Latency Anomaly
2024-12-04 14:40:00,2.0735397,True,1.8495,Latency Anomaly
2024-12-04 14:45:00,2.0970225,True,1.8495,Latency Anomaly
2024-12-04 14:50:00,2.117974,True,1.8495,Latency Anomaly
2024-12-04 14:55:00,2.1214123,True,1.8495,Latency Anomaly
2024-12-04 15:00:00,2.132371,True,1.8495,Latency Anomaly
2024-12-04 15:05:00,2.13986,True,1.8495,Latency Anomaly
2024-12-04 15:10:00,2.1573994,True,1.8495,Latency Anomaly
2024-12-04 15:15:00,2.1701424,True,1.8495,Latency Anomaly
2024-12-04 15:20:00,2.1887913,True,1.8495,Latency Anomaly
2024-12-04 15:25:00,2.192673,True,1.8495,Latency Anomaly
2024-12-04 15:30:00,2.2077017,True,1.8495,Latency Anomaly
2024-12-04 15:35:00,2.2115366,True,1.8495,Latency Anomaly
2024-12-04 15:40:00,2.2306058,True,1.8495,Latency Anomaly
2024-12-04 15:45:00,2.245074,True,1.8495,Latency Anomaly
2024-12-04 15:50:00,2.2657728,True,1.8495,Latency Anomaly
2024-12-04 15:55:00,2.2798011,True,1.8495,Latency Anomaly
2024-12-04 16:00:00,2.2915268,True,1.8495,Latency Anomaly
2024-12-04 16:05:00,2.2946427,True,1.8495,Latency Anomaly
2024-12-04 16:10:00,2.3009527,True,1.8495,Latency Anomaly
2024-12-04 16:15:00,2.3122084,True,1.8495,Latency Anomaly
2024-12-04 16:20:00,2.3113713,True,1.8495,Latency Anomaly
2024-12-04 16:25:00,2.3085515,True,1.8495,Latency Anomaly
2024-12-04 16:30:00,2.3102148,True,1.8495,Latency Anomaly
2024-12-04 16:35:00,2.3131247,True,1.8495,Latency Anomaly
2024-12-04 16:40:00,2.325013,True,1.8495,Latency Anomaly
2024-12-04 16:45:00,2.336333,True,1.8495,Latency Anomaly
2024-12-04 16:50:00,2.3333776,True,1.8495,Latency Anomaly
2024-12-04 16:55:00,2.3419578,True,1.8495,Latency Anomaly
2024-12-04 17:00:00,2.341279,True,1.8495,Latency Anomaly
2024-12-04 17:05:00,2.3373816,True,1.8495,Latency Anomaly
2024-12-04 17:10:00,2.3484132,True,1.8495,Latency Anomaly
2024-12-04 17:15:00,2.3480856,True,1.8495,Latency Anomaly
2024-12-04 17:20:00,2.34986,True,1.8495,Latency Anomaly
2024-12-04 17:25:00,2.3531234,True,1.8495,Latency Anomaly
2024-12-04 17:30:00,2.3504074,True,1.8495,Latency Anomaly
2024-12-04 17:35:00,2.3545325,True,1.8495,Latency Anomaly
2024-12-04 17:40:00,2.3574998,True,1.8495,Latency Anomaly
2024-12-04 17:45:00,2.3442566,True,1.8495,Latency Anomaly
2024-12-04 17:50:00,2.3457878,True,1.8495,Latency Anomaly
2024-12-04 17:55:00,2.346288,True,1.8495,Latency Anomaly
2024-12-04 18:00:00,2.317864,True,1.8495,Latency Anomaly
2024-12-04 18:05:00,2.3080153,True,1.8495,Latency Anomaly
2024-12-04 18:10:00,2.29539,True,1.8495,Latency Anomaly
2024-12-04 18:15:00,2.2877078,True,1.8495,Latency Anomaly
2024-12-04 18:20:00,2.2843025,True,1.8495,Latency Anomaly
2024-12-04 18:25:00,2.2759635,True,1.8495,Latency Anomaly
2024-12-04 18:30:00,2.2722733,True,1.8495,Latency Anomaly
2024-12-04 18:35:00,2.2529554,True,1.8495,Latency Anomaly
2024-12-04 18:40:00,2.2439008,True,1.8495,Latency Anomaly
2024-12-04 18:45:00,2.2455199,True,1.8495,Latency Anomaly
2024-12-04 18:50:00,2.2421417,True,1.8495,Latency Anomaly
2024-12-04 18:55:00,2.233843,True,1.8495,Latency Anomaly
2024-12-04 19:00:00,2.2272482,True,1.8495,Latency Anomaly
2024-12-04 19:05:00,2.2132134,True,1.8495,Latency Anomaly
2024-12-04 19:10:00,2.1905487,True,1.8495,Latency Anomaly
2024-12-04 19:15:00,2.1752703,True,1.8495,Latency Anomaly
2024-12-04 19:20:00,2.158927,True,1.8495,Latency Anomaly
2024-12-04 19:25:00,2.1511836,True,1.8495,Latency Anomaly
2024-12-04 19:30:00,2.1370878,True,1.8495,Latency Anomaly
2024-12-04 19:35:00,2.1208968,True,1.8495,Latency Anomaly
2024-12-04 19:40:00,2.1120446,True,1.8495,Latency Anomaly
2024-12-04 19:45:00,2.101486,True,1.8495,Latency Anomaly
2024-12-04 19:50:00,2.0875762,True,1.8495,Latency Anomaly
2024-12-04 19:55:00,2.0751688,True,1.8495,Latency Anomaly
2024-12-04 20:00:00,2.058056,True,1.8495,Latency Anomaly
2024-12-04 20:05:00,2.0430586,True,1.8495,Latency Anomaly
2024-12-04 20:10:00,2.0232425,True,1.8495,Latency Anomaly
2024-12-04 20:15:00,1.9997278,True,1.8495,Latency Anomaly
2024-12-04 20:20:00,1.9752696,True,1.8495,Latency Anomaly
2024-12-04 20:25:00,1.9637479,True,1.8495,Latency Anomaly
2024-12-04 20:30:00,1.9708784,True,1.8495,Latency Anomaly
2024-12-04 20:35:00,1.9636183,True,1.8495,Latency Anomaly
2024-12-04 20:40:00,1.9511417,True,1.8495,Latency Anomaly
2024-12-04 20:45:00,1.9276142,True,1.8495,Latency Anomaly
2024-12-04 20:50:00,1.9176319,True,1.8495,Latency Anomaly
2024-12-04 20:55:00,1.8995585,True,1.8495,Latency Anomaly
2024-12-04 21:00:00,1.8782365,True,1.8495,Latency Anomaly
2024-12-04 21:05:00,1.8648883,True,1.8495,Latency Anomaly
2024-12-05 02:00:00,1.8552487,True,1.8495,Latency Anomaly
2024-12-05 02:05:00,1.8607017,True,1.8495,Latency Anomaly
2024-12-05 02:10:00,1.9022914,True,1.8495,Latency Anomaly
2024-12-05 02:15:00,1.9480566,True,1.8495,Latency Anomaly
2024-12-05 02:20:00,1.9933528,True,1.8495,Latency Anomaly
2024-12-05 02:25:00,2.0112472,True,1.8495,Latency Anomaly
2024-12-05 02:30:00,2.005693,True,1.8495,Latency Anomaly
2024-12-05 02:35:00,2.0129669,True,1.8495,Latency Anomaly
2024-12-05 02:40:00,2.0422554,True,1.8495,Latency Anomaly
2024-12-05 02:45:00,2.068149,True,1.8495,Latency Anomaly
2024-12-05 02:50:00,2.071877,True,1.8495,Latency Anomaly
2024-12-05 02:55:00,2.0840688,True,1.8495,Latency Anomaly
2024-12-05 03:00:00,2.112387,True,1.8495,Latency Anomaly
2024-12-05 03:05:00,2.1449823,True,1.8495,Latency Anomaly
2024-12-05 03:10:00,2.2099512,True,1.8495,Latency Anomaly
2024-12-05 03:15:00,2.2259831,True,1.8495,Latency Anomaly
2024-12-05 03:20:00,2.2418327,True,1.8495,Latency Anomaly
2024-12-05 03:25:00,2.2695804,True,1.8495,Latency Anomaly
2024-12-05 03:30:00,2.2728872,True,1.8495,Latency Anomaly
2024-12-05 03:35:00,2.294581,True,1.8495,Latency Anomaly
2024-12-05 03:40:00,2.3127491,True,1.8495,Latency Anomaly
2024-12-05 03:45:00,2.3204496,True,1.8495,Latency Anomaly
2024-12-05 03:50:00,2.3223882,True,1.8495,Latency Anomaly
2024-12-05 03:55:00,2.364003,True,1.8495,Latency Anomaly
2024-12-05 04:00:00,2.3698225,True,1.8495,Latency Anomaly
2024-12-05 04:05:00,2.3889825,True,1.8495,Latency Anomaly
2024-12-05 04:10:00,2.4030886,True,1.8495,Latency Anomaly
2024-12-05 04:15:00,2.411616,True,1.8495,Latency Anomaly
2024-12-05 04:20:00,2.4147086,True,1.8495,Latency Anomaly
2024-12-05 04:25:00,2.4415848,True,1.8495,Latency Anomaly
2024-12-05 04:30:00,2.4532619,True,1.8495,Latency Anomaly
2024-12-05 04:35:00,2.4541414,True,1.8495,Latency Anomaly
2024-12-05 04:40:00,2.4687428,True,1.8495,Latency Anomaly
2024-12-05 04:45:00,2.4894836,True,1.8495,Latency Anomaly
2024-12-05 04:50:00,2.4882047,True,1.8495,Latency Anomaly
2024-12-05 04:55:00,2.5039465,True,1.8495,Latency Anomaly
2024-12-05 05:00:00,2.499106,True,1.8495,Latency Anomaly
2024-12-05 05:05:00,2.4950416,True,1.8495,Latency Anomaly
2024-12-05 05:10:00,2.496691,True,1.8495,Latency Anomaly
2024-12-05 05:15:00,2.4928558,True,1.8495,Latency Anomaly
2024-12-05 05:20:00,2.4875145,True,1.8495,Latency Anomaly
2024-12-05 05:25:00,2.489248,True,1.8495,Latency Anomaly
2024-12-05 05:30:00,2.491937,True,1.8495,Latency Anomaly
2024-12-05 05:35:00,2.481306,True,1.8495,Latency Anomaly
2024-12-05 05:40:00,2.482182,True,1.8495,Latency Anomaly
2024-12-05 05:45:00,2.4836748,True,1.8495,Latency Anomaly
2024-12-05 05:50:00,2.4911656,True,1.8495,Latency Anomaly
2024-12-05 05:55:00,2.49175,True,1.8495,Latency Anomaly
2024-12-05 06:00:00,2.4806182,True,1.8495,Latency Anomaly
2024-12-05 06:05:00,2.475863,True,1.8495,Latency Anomaly
2024-12-05 06:10:00,2.474846,True,1.8495,Latency Anomaly
2024-12-05 06:15:00,2.4626617,True,1.8495,Latency Anomaly
2024-12-05 06:20:00,2.4477837,True,1.8495,Latency Anomaly
2024-12-05 06:25:00,2.4374652,True,1.8495,Latency Anomaly
2024-12-05 06:30:00,2.4309533,True,1.8495,Latency Anomaly
2024-12-05 06:35:00,2.4232605,True,1.8495,Latency Anomaly
2024-12-05 06:40:00,2.393028,True,1.8495,Latency Anomaly
2024-12-05 06:45:00,2.394581,True,1.8495,Latency Anomaly
2024-12-05 06:50:00,2.3999038,True,1.8495,Latency Anomaly
2024-12-05 06:55:00,2.3821657,True,1.8495,Latency Anomaly
2024-12-05 07:00:00,2.3439126,True,1.8495,Latency Anomaly
2024-12-05 07:05:00,2.3291588,True,1.8495,Latency Anomaly
2024-12-05 07:10:00,2.3194606,True,1.8495,Latency Anomaly
2024-12-05 07:15:00,2.2884214,True,1.8495,Latency Anomaly
2024-12-05 07:20:00,2.279383,True,1.8495,Latency Anomaly
2024-12-05 07:25:00,2.2628906,True,1.8495,Latency Anomaly
2024-12-05 07:30:00,2.2388856,True,1.8495,Latency Anomaly
2024-12-05 07:35:00,2.223949,True,1.8495,Latency Anomaly
2024-12-05 07:40:00,2.197082,True,1.8495,Latency Anomaly
2024-12-05 07:45:00,2.1108747,True,1.8495,Latency Anomaly
2024-12-05 07:50:00,2.1009438,True,1.8495,Latency Anomaly
2024-12-05 07:55:00,2.08412,True,1.8495,Latency Anomaly
2024-12-05 08:00:00,2.081733,True,1.8495,Latency Anomaly
2024-12-05 08:05:00,2.0781748,True,1.8495,Latency Anomaly
2024-12-05 08:10:00,2.0369878,True,1.8495,Latency Anomaly
2024-12-05 08:15:00,1.9960611,True,1.8495,Latency Anomaly
2024-12-05 08:20:00,1.9560442,True,1.8495,Latency Anomaly
2024-12-05 08:25:00,1.9341173,True,1.8495,Latency Anomaly
2024-12-05 08:30:00,1.9216148,True,1.8495,Latency Anomaly
2024-12-05 08:35:00,1.8979063,True,1.8495,Latency Anomaly
2024-12-05 08:40:00,1.8641944,True,1.8495,Latency Anomaly
2024-12-05 14:05:00,1.8566507,True,1.8495,Latency Anomaly
2024-12-05 14:10:00,1.8660902,True,1.8495,Latency Anomaly
2024-12-05 14:15:00,1.8802209,True,1.8495,Latency Anomaly
2024-12-05 14:20:00,1.9007074,True,1.8495,Latency Anomaly
2024-12-05 14:25:00,1.9154315,True,1.8495,Latency Anomaly
2024-12-05 14:30:00,1.9283998,True,1.8495,Latency Anomaly
2024-12-05 14:35:00,1.9523969,True,1.8495,Latency Anomaly
2024-12-05 14:40:00,1.9677608,True,1.8495,Latency Anomaly
2024-12-05 14:45:00,1.9844682,True,1.8495,Latency Anomaly
2024-12-05 14:50:00,1.9978521,True,1.8495,Latency Anomaly
2024-12-05 14:55:00,2.0121012,True,1.8495,Latency Anomaly
2024-12-05 15:00:00,2.0298843,True,1.8495,Latency Anomaly
2024-12-05 15:05:00,2.041999,True,1.8495,Latency Anomaly
2024-12-05 15:10:00,2.0644093,True,1.8495,Latency Anomaly
2024-12-05 15:15:00,2.0726,True,1.8495,Latency Anomaly
2024-12-05 15:20:00,2.0823286,True,1.8495,Latency Anomaly
2024-12-05 15:25:00,2.1003346,True,1.8495,Latency Anomaly
2024-12-05 15:30:00,2.1190102,True,1.8495,Latency Anomaly
2024-12-05 15:35:00,2.136686,True,1.8495,Latency Anomaly
2024-12-05 15:40:00,2.1454937,True,1.8495,Latency Anomaly
2024-12-05 15:45:00,2.163324,True,1.8495,Latency Anomaly
2024-12-05 15:50:00,2.1841652,True,1.8495,Latency Anomaly
2024-12-05 15:55:00,2.2005677,True,1.8495,Latency Anomaly
2024-12-05 16:00:00,2.2104385,True,1.8495,Latency Anomaly
2024-12-05 16:05:00,2.2233622,True,1.8495,Latency Anomaly
2024-12-05 16:10:00,2.2334719,True,1.8495,Latency Anomaly
2024-12-05 16:15:00,2.2329874,True,1.8495,Latency Anomaly
2024-12-05 16:20:00,2.243638,True,1.8495,Latency Anomaly
2024-12-05 16:25:00,2.2572486,True,1.8495,Latency Anomaly
2024-12-05 16:30:00,2.263804,True,1.8495,Latency Anomaly
2024-12-05 16:35:00,2.2647362,True,1.8495,Latency Anomaly
2024-12-05 16:40:00,2.2759316,True,1.8495,Latency Anomaly
2024-12-05 16:45:00,2.2857156,True,1.8495,Latency Anomaly
2024-12-05 16:50:00,2.2971177,True,1.8495,Latency Anomaly
2024-12-05 16:55:00,2.300756,True,1.8495,Latency Anomaly
2024-12-05 17:00:00,2.3034394,True,1.8495,Latency Anomaly
2024-12-05 17:05:00,2.3036656,True,1.8495,Latency Anomaly
2024-12-05 17:10:00,2.3054435,True,1.8495,Latency Anomaly
2024-12-05 17:15:00,2.306601,True,1.8495,Latency Anomaly
2024-12-05 17:20:00,2.3081348,True,1.8495,Latency Anomaly
2024-12-05 17:25:00,2.3056855,True,1.8495,Latency Anomaly
2024-12-05 17:30:00,2.3176441,True,1.8495,Latency Anomaly
2024-12-05 17:35:00,2.311896,True,1.8495,Latency Anomaly
2024-12-05 17:40:00,2.3088818,True,1.8495,Latency Anomaly
2024-12-05 17:45:00,2.3169942,True,1.8495,Latency Anomaly
2024-12-05 17:50:00,2.3123634,True,1.8495,Latency Anomaly
2024-12-05 17:55:00,2.3129349,True,1.8495,Latency Anomaly
2024-12-05 18:00:00,2.3038938,True,1.8495,Latency Anomaly
2024-12-05 18:05:00,2.293782,True,1.8495,Latency Anomaly
2024-12-05 18:10:00,2.2842588,True,1.8495,Latency Anomaly
2024-12-05 18:15:00,2.276902,True,1.8495,Latency Anomaly
2024-12-05 18:20:00,2.2759354,True,1.8495,Latency Anomaly
2024-12-05 18:25:00,2.2697635,True,1.8495,Latency Anomaly
2024-12-05 18:30:00,2.2623887,True,1.8495,Latency Anomaly
2024-12-05 18:35:00,2.2642915,True,1.8495,Latency Anomaly
2024-12-05 18:40:00,2.2568219,True,1.8495,Latency Anomaly
2024-12-05 18:45:00,2.2576525,True,1.8495,Latency Anomaly
2024-12-05 18:50:00,2.251644,True,1.8495,Latency Anomaly
2024-12-05 18:55:00,2.2487967,True,1.8495,Latency Anomaly
2024-12-05 19:00:00,2.2347815,True,1.8495,Latency Anomaly
2024-12-05 19:05:00,2.2130897,True,1.8495,Latency Anomaly
2024-12-05 19:10:00,2.196068,True,1.8495,Latency Anomaly
2024-12-05 19:15:00,2.1893692,True,1.8495,Latency Anomaly
2024-12-05 19:20:00,2.1779888,True,1.8495,Latency Anomaly
2024-12-05 19:25:00,2.1654875,True,1.8495,Latency Anomaly
2024-12-05 19:30:00,2.1498866,True,1.8495,Latency Anomaly
2024-12-05 19:35:00,2.1327112,True,1.8495,Latency Anomaly
2024-12-05 19:40:00,2.1319392,True,1.8495,Latency Anomaly
2024-12-05 19:45:00,2.1211476,True,1.8495,Latency Anomaly
2024-12-05 19:50:00,2.1071916,True,1.8495,Latency Anomaly
2024-12-05 19:55:00,2.0902174,True,1.8495,Latency Anomaly
2024-12-05 20:00:00,2.074956,True,1.8495,Latency Anomaly
2024-12-05 20:05:00,2.0489748,True,1.8495,Latency Anomaly
2024-12-05 20:10:00,2.0379906,True,1.8495,Latency Anomaly
2024-12-05 20:15:00,2.023913,True,1.8495,Latency Anomaly
2024-12-05 20:20:00,2.0038686,True,1.8495,Latency Anomaly
2024-12-05 20:25:00,1.9877297,True,1.8495,Latency Anomaly
2024-12-05 20:30:00,1.9782305,True,1.8495,Latency Anomaly
2024-12-05 20:35:00,1.9567071,True,1.8495,Latency Anomaly
2024-12-05 20:40:00,1.9526066,True,1.8495,Latency Anomaly
2024-12-05 20:45:00,1.938125,True,1.8495,Latency Anomaly
2024-12-05 20:50:00,1.9236966,True,1.8495,Latency Anomaly
2024-12-05 20:55:00,1.9012381,True,1.8495,Latency Anomaly
2024-12-05 21:00:00,1.8781582,True,1.8495,Latency Anomaly
2024-12-05 21:05:00,1.8611394,True,1.8495,Latency Anomaly
2024-12-05 21:10:00,1.8498032,True,1.8495,Latency Anomaly
2024-12-06 02:05:00,1.854803,True,1.8495,Latency Anomaly
2024-12-06 02:10:00,1.9567548,True,1.8495,Latency Anomaly
2024-12-06 02:15:00,1.9829055,True,1.8495,Latency Anomaly
2024-12-06 02:20:00,1.9870807,True,1.8495,Latency Anomaly
2024-12-06 02:25:00,2.0008602,True,1.8495,Latency Anomaly
2024-12-06 02:30:00,2.0082958,True,1.8495,Latency Anomaly
2024-12-06 02:35:00,2.023408,True,1.8495,Latency Anomaly
2024-12-06 02:40:00,2.0270247,True,1.8495,Latency Anomaly
2024-12-06 02:45:00,2.0484753,True,1.8495,Latency Anomaly
2024-12-06 02:50:00,2.0835884,True,1.8495,Latency Anomaly
2024-12-06 02:55:00,2.101115,True,1.8495,Latency Anomaly
2024-12-06 03:00:00,2.1505017,True,1.8495,Latency Anomaly
2024-12-06 03:05:00,2.1617033,True,1.8495,Latency Anomaly
2024-12-06 03:10:00,2.1598077,True,1.8495,Latency Anomaly
2024-12-06 03:15:00,2.1973367,True,1.8495,Latency Anomaly
2024-12-06 03:20:00,2.2066245,True,1.8495,Latency Anomaly
2024-12-06 03:25:00,2.2286773,True,1.8495,Latency Anomaly
2024-12-06 03:30:00,2.2419357,True,1.8495,Latency Anomaly
2024-12-06 03:35:00,2.2616894,True,1.8495,Latency Anomaly
2024-12-06 03:40:00,2.2992957,True,1.8495,Latency Anomaly
2024-12-06 03:45:00,2.3138878,True,1.8495,Latency Anomaly
2024-12-06 03:50:00,2.319933,True,1.8495,Latency Anomaly
2024-12-06 03:55:00,2.335225,True,1.8495,Latency Anomaly
2024-12-06 04:00:00,2.3447454,True,1.8495,Latency Anomaly
2024-12-06 04:05:00,2.370298,True,1.8495,Latency Anomaly
2024-12-06 04:10:00,2.370305,True,1.8495,Latency Anomaly
2024-12-06 04:15:00,2.384334,True,1.8495,Latency Anomaly
2024-12-06 04:20:00,2.3823845,True,1.8495,Latency Anomaly
2024-12-06 04:25:00,2.38795,True,1.8495,Latency Anomaly
2024-12-06 04:30:00,2.3907206,True,1.8495,Latency Anomaly
2024-12-06 04:35:00,2.3910627,True,1.8495,Latency Anomaly
2024-12-06 04:40:00,2.4324837,True,1.8495,Latency Anomaly
2024-12-06 04:45:00,2.4370353,True,1.8495,Latency Anomaly
2024-12-06 04:50:00,2.4457264,True,1.8495,Latency Anomaly
2024-12-06 04:55:00,2.443423,True,1.8495,Latency Anomaly
2024-12-06 05:00:00,2.43615,True,1.8495,Latency Anomaly
2024-12-06 05:05:00,2.4408894,True,1.8495,Latency Anomaly
2024-12-06 05:10:00,2.4377985,True,1.8495,Latency Anomaly
2024-12-06 05:15:00,2.426724,True,1.8495,Latency Anomaly
2024-12-06 05:20:00,2.421427,True,1.8495,Latency Anomaly
2024-12-06 05:25:00,2.4295015,True,1.8495,Latency Anomaly
2024-12-06 05:30:00,2.4390678,True,1.8495,Latency Anomaly
2024-12-06 05:35:00,2.4169714,True,1.8495,Latency Anomaly
2024-12-06 05:40:00,2.4017289,True,1.8495,Latency Anomaly
2024-12-06 05:45:00,2.4067085,True,1.8495,Latency Anomaly
2024-12-06 05:50:00,2.4081,True,1.8495,Latency Anomaly
2024-12-06 05:55:00,2.4029021,True,1.8495,Latency Anomaly
2024-12-06 06:00:00,2.3982155,True,1.8495,Latency Anomaly
2024-12-06 06:05:00,2.3751853,True,1.8495,Latency Anomaly
2024-12-06 06:10:00,2.3659127,True,1.8495,Latency Anomaly
2024-12-06 06:15:00,2.3428597,True,1.8495,Latency Anomaly
2024-12-06 06:20:00,2.2951517,True,1.8495,Latency Anomaly
2024-12-06 06:25:00,2.2927868,True,1.8495,Latency Anomaly
2024-12-06 06:30:00,2.2804332,True,1.8495,Latency Anomaly
2024-12-06 06:35:00,2.2810636,True,1.8495,Latency Anomaly
2024-12-06 06:40:00,2.2779677,True,1.8495,Latency Anomaly
2024-12-06 06:45:00,2.260955,True,1.8495,Latency Anomaly
2024-12-06 06:50:00,2.2621925,True,1.8495,Latency Anomaly
2024-12-06 06:55:00,2.2275736,True,1.8495,Latency Anomaly
2024-12-06 07:00:00,2.186873,True,1.8495,Latency Anomaly
2024-12-06 07:05:00,2.176534,True,1.8495,Latency Anomaly
2024-12-06 07:10:00,2.1623836,True,1.8495,Latency Anomaly
2024-12-06 07:15:00,2.1450124,True,1.8495,Latency Anomaly
2024-12-06 07:20:00,2.1291041,True,1.8495,Latency Anomaly
2024-12-06 07:25:00,2.1249568,True,1.8495,Latency Anomaly
2024-12-06 07:30:00,2.1131744,True,1.8495,Latency Anomaly
2024-12-06 07:35:00,2.1058614,True,1.8495,Latency Anomaly
2024-12-06 07:40:00,2.095299,True,1.8495,Latency Anomaly
2024-12-06 07:45:00,2.0843103,True,1.8495,Latency Anomaly
2024-12-06 07:50:00,2.0709548,True,1.8495,Latency Anomaly
2024-12-06 07:55:00,2.0342793,True,1.8495,Latency Anomaly
2024-12-06 08:00:00,2.0180438,True,1.8495,Latency Anomaly
2024-12-06 08:05:00,1.9997462,True,1.8495,Latency Anomaly
2024-12-06 08:10:00,1.8919657,True,1.8495,Latency Anomaly
2024-12-06 08:15:00,1.8648785,True,1.8495,Latency Anomaly
2024-12-06 08:20:00,1.8546379,True,1.8495,Latency Anomaly
2024-12-06 13:55:00,1.8695878,True,1.8495,Latency Anomaly
2024-12-06 14:00:00,1.9071912,True,1.8495,Latency Anomaly
2024-12-06 14:05:00,1.9202757,True,1.8495,Latency Anomaly
2024-12-06 14:10:00,1.9452349,True,1.8495,Latency Anomaly
2024-12-06 14:15:00,1.9598634,True,1.8495,Latency Anomaly
2024-12-06 14:20:00,1.9736476,True,1.8495,Latency Anomaly
2024-12-06 14:25:00,1.9892776,True,1.8495,Latency Anomaly
2024-12-06 14:30:00,2.0089366,True,1.8495,Latency Anomaly
2024-12-06 14:35:00,2.026903,True,1.8495,Latency Anomaly
2024-12-06 14:40:00,2.030857,True,1.8495,Latency Anomaly
2024-12-06 14:45:00,2.0466383,True,1.8495,Latency Anomaly
2024-12-06 14:50:00,2.0495265,True,1.8495,Latency Anomaly
2024-12-06 14:55:00,2.0682313,True,1.8495,Latency Anomaly
2024-12-06 15:00:00,2.0844533,True,1.8495,Latency Anomaly
2024-12-06 15:05:00,2.0968745,True,1.8495,Latency Anomaly
2024-12-06 15:10:00,2.115038,True,1.8495,Latency Anomaly
2024-12-06 15:15:00,2.127799,True,1.8495,Latency Anomaly
2024-12-06 15:20:00,2.1423876,True,1.8495,Latency Anomaly
2024-12-06 15:25:00,2.1511142,True,1.8495,Latency Anomaly
2024-12-06 15:30:00,2.1693275,True,1.8495,Latency Anomaly
2024-12-06 15:35:00,2.1835473,True,1.8495,Latency Anomaly
2024-12-06 15:40:00,2.204552,True,1.8495,Latency Anomaly
2024-12-06 15:45:00,2.2150915,True,1.8495,Latency Anomaly
2024-12-06 15:50:00,2.2361116,True,1.8495,Latency Anomaly
2024-12-06 15:55:00,2.2487154,True,1.8495,Latency Anomaly
2024-12-06 16:00:00,2.2550282,True,1.8495,Latency Anomaly
2024-12-06 16:05:00,2.264362,True,1.8495,Latency Anomaly
2024-12-06 16:10:00,2.269731,True,1.8495,Latency Anomaly
2024-12-06 16:15:00,2.2791848,True,1.8495,Latency Anomaly
2024-12-06 16:20:00,2.2871435,True,1.8495,Latency Anomaly
2024-12-06 16:25:00,2.2927835,True,1.8495,Latency Anomaly
2024-12-06 16:30:00,2.3037405,True,1.8495,Latency Anomaly
2024-12-06 16:35:00,2.3100648,True,1.8495,Latency Anomaly
2024-12-06 16:40:00,2.3138206,True,1.8495,Latency Anomaly
2024-12-06 16:45:00,2.3187742,True,1.8495,Latency Anomaly
2024-12-06 16:50:00,2.3359125,True,1.8495,Latency Anomaly
2024-12-06 16:55:00,2.3363247,True,1.8495,Latency Anomaly
2024-12-06 17:00:00,2.3405838,True,1.8495,Latency Anomaly
2024-12-06 17:05:00,2.3339875,True,1.8495,Latency Anomaly
2024-12-06 17:10:00,2.340774,True,1.8495,Latency Anomaly
2024-12-06 17:15:00,2.3267431,True,1.8495,Latency Anomaly
2024-12-06 17:20:00,2.322053,True,1.8495,Latency Anomaly
2024-12-06 17:25:00,2.3295424,True,1.8495,Latency Anomaly
2024-12-06 17:30:00,2.3414052,True,1.8495,Latency Anomaly
2024-12-06 17:35:00,2.3411179,True,1.8495,Latency Anomaly
2024-12-06 17:40:00,2.3440285,True,1.8495,Latency Anomaly
2024-12-06 17:45:00,2.3402061,True,1.8495,Latency Anomaly
2024-12-06 17:50:00,2.337211,True,1.8495,Latency Anomaly
2024-12-06 17:55:00,2.3399587,True,1.8495,Latency Anomaly
2024-12-06 18:00:00,2.327469,True,1.8495,Latency Anomaly
2024-12-06 18:05:00,2.3247762,True,1.8495,Latency Anomaly
2024-12-06 18:10:00,2.3259156,True,1.8495,Latency Anomaly
2024-12-06 18:15:00,2.3149178,True,1.8495,Latency Anomaly
2024-12-06 18:20:00,2.3123608,True,1.8495,Latency Anomaly
2024-12-06 18:25:00,2.3200943,True,1.8495,Latency Anomaly
2024-12-06 18:30:00,2.3067806,True,1.8495,Latency Anomaly
2024-12-06 18:35:00,2.291759,True,1.8495,Latency Anomaly
2024-12-06 18:40:00,2.2890463,True,1.8495,Latency Anomaly
2024-12-06 18:45:00,2.2870858,True,1.8495,Latency Anomaly
2024-12-06 18:50:00,2.2756104,True,1.8495,Latency Anomaly
2024-12-06 18:55:00,2.2641,True,1.8495,Latency Anomaly
2024-12-06 19:00:00,2.2449722,True,1.8495,Latency Anomaly
2024-12-06 19:05:00,2.232406,True,1.8495,Latency Anomaly
2024-12-06 19:10:00,2.2297447,True,1.8495,Latency Anomaly
2024-12-06 19:15:00,2.2127035,True,1.8495,Latency Anomaly
2024-12-06 19:20:00,2.2039113,True,1.8495,Latency Anomaly
2024-12-06 19:25:00,2.193938,True,1.8495,Latency Anomaly
2024-12-06 19:30:00,2.1880744,True,1.8495,Latency Anomaly
2024-12-06 19:35:00,2.174914,True,1.8495,Latency Anomaly
2024-12-06 19:40:00,2.1500018,True,1.8495,Latency Anomaly
2024-12-06 19:45:00,2.1307676,True,1.8495,Latency Anomaly
2024-12-06 19:50:00,2.116695,True,1.8495,Latency Anomaly
2024-12-06 19:55:00,2.0950494,True,1.8495,Latency Anomaly
2024-12-06 20:00:00,2.0620348,True,1.8495,Latency Anomaly
2024-12-06 20:05:00,2.054203,True,1.8495,Latency Anomaly
2024-12-06 20:10:00,2.030813,True,1.8495,Latency Anomaly
2024-12-06 20:15:00,2.0141847,True,1.8495,Latency Anomaly
2024-12-06 20:20:00,2.004383,True,1.8495,Latency Anomaly
2024-12-06 20:25:00,1.9844278,True,1.8495,Latency Anomaly
2024-12-06 20:30:00,1.9677284,True,1.8495,Latency Anomaly
2024-12-06 20:35:00,1.9467676,True,1.8495,Latency Anomaly
2024-12-06 20:40:00,1.9344637,True,1.8495,Latency Anomaly
2024-12-06 20:45:00,1.9209789,True,1.8495,Latency Anomaly
2024-12-06 20:50:00,1.9074185,True,1.8495,Latency Anomaly
2024-12-06 20:55:00,1.8869381,True,1.8495,Latency Anomaly
2024-12-06 21:00:00,1.8750005,True,1.8495,Latency Anomaly
2024-12-06 21:05:00,1.8575222,True,1.8495,Latency Anomaly
2024-12-07 01:05:00,1.849768,True,1.8495,Latency Anomaly
2024-12-07 01:10:00,1.8749801,True,1.8495,Latency Anomaly
2024-12-07 01:15:00,1.8879555,True,1.8495,Latency Anomaly
2024-12-07 01:20:00,1.9231684,True,1.8495,Latency Anomaly
2024-12-07 01:25:00,1.9485917,True,1.8495,Latency Anomaly
2024-12-07 01:30:00,1.985822,True,1.8495,Latency Anomaly
2024-12-07 01:35:00,2.019814,True,1.8495,Latency Anomaly
2024-12-07 01:40:00,2.0345583,True,1.8495,Latency Anomaly
2024-12-07 01:45:00,2.0899944,True,1.8495,Latency Anomaly
2024-12-07 01:50:00,2.0976157,True,1.8495,Latency Anomaly
2024-12-07 01:55:00,2.1722481,True,1.8495,Latency Anomaly
2024-12-07 02:00:00,2.2193546,True,1.8495,Latency Anomaly
2024-12-07 02:05:00,2.245787,True,1.8495,Latency Anomaly
2024-12-07 02:10:00,2.258712,True,1.8495,Latency Anomaly
2024-12-07 02:15:00,2.315922,True,1.8495,Latency Anomaly
2024-12-07 02:20:00,2.4095106,True,1.8495,Latency Anomaly
2024-12-07 02:25:00,2.4228425,True,1.8495,Latency Anomaly
2024-12-07 02:30:00,2.4979029,True,1.8495,Latency Anomaly
2024-12-07 02:35:00,2.5355663,True,1.8495,Latency Anomaly
2024-12-07 02:40:00,2.5834336,True,1.8495,Latency Anomaly
2024-12-07 02:45:00,2.615579,True,1.8495,Latency Anomaly
2024-12-07 02:50:00,2.6523762,True,1.8495,Latency Anomaly
2024-12-07 02:55:00,2.6645594,True,1.8495,Latency Anomaly
2024-12-07 03:00:00,2.7033868,True,1.8495,Latency Anomaly
2024-12-07 03:05:00,2.7197013,True,1.8495,Latency Anomaly
2024-12-07 03:10:00,2.7361472,True,1.8495,Latency Anomaly
2024-12-07 03:15:00,2.756029,True,1.8495,Latency Anomaly
2024-12-07 03:20:00,2.78795,True,1.8495,Latency Anomaly
2024-12-07 03:25:00,2.7976727,True,1.8495,Latency Anomaly
2024-12-07 03:30:00,2.8376057,True,1.8495,Latency Anomaly
2024-12-07 03:35:00,2.8723934,True,1.8495,Latency Anomaly
2024-12-07 03:40:00,2.9136825,True,1.8495,Latency Anomaly
2024-12-07 03:45:00,2.9274855,True,1.8495,Latency Anomaly
2024-12-07 03:50:00,2.9441671,True,1.8495,Latency Anomaly
2024-12-07 03:55:00,2.9697413,True,1.8495,Latency Anomaly
2024-12-07 04:00:00,2.969853,True,1.8495,Latency Anomaly
2024-12-07 04:05:00,2.980922,True,1.8495,Latency Anomaly
2024-12-07 04:10:00,3.0093648,True,1.8495,Latency Anomaly
2024-12-07 04:15:00,3.0212257,True,1.8495,Latency Anomaly
2024-12-07 04:20:00,3.0527751,True,1.8495,Latency Anomaly
2024-12-07 04:25:00,3.0638504,True,1.8495,Latency Anomaly
2024-12-07 04:30:00,3.0941195,True,1.8495,Latency Anomaly
2024-12-07 04:35:00,3.1358047,True,1.8495,Latency Anomaly
2024-12-07 04:40:00,3.1455884,True,1.8495,Latency Anomaly
2024-12-07 04:45:00,3.1618848,True,1.8495,Latency Anomaly
2024-12-07 04:50:00,3.1778798,True,1.8495,Latency Anomaly
2024-12-07 04:55:00,3.219286,True,1.8495,Latency Anomaly
2024-12-07 05:00:00,3.2184424,True,1.8495,Latency Anomaly
2024-12-07 05:05:00,3.2236977,True,1.8495,Latency Anomaly
2024-12-07 05:10:00,3.2218025,True,1.8495,Latency Anomaly
2024-12-07 05:15:00,3.2455697,True,1.8495,Latency Anomaly
2024-12-07 05:20:00,3.2478764,True,1.8495,Latency Anomaly
2024-12-07 05:25:00,3.2457678,True,1.8495,Latency Anomaly
2024-12-07 05:30:00,3.2732878,True,1.8495,Latency Anomaly
2024-12-07 05:35:00,3.275142,True,1.8495,Latency Anomaly
2024-12-07 05:40:00,3.2812173,True,1.8495,Latency Anomaly
2024-12-07 05:45:00,3.3066475,True,1.8495,Latency Anomaly
2024-12-07 05:50:00,3.2905984,True,1.8495,Latency Anomaly
2024-12-07 05:55:00,3.2907722,True,1.8495,Latency Anomaly
2024-12-07 06:00:00,3.2731493,True,1.8495,Latency Anomaly
2024-12-07 06:05:00,3.2743251,True,1.8495,Latency Anomaly
2024-12-07 06:10:00,3.2363935,True,1.8495,Latency Anomaly
2024-12-07 06:15:00,3.2507727,True,1.8495,Latency Anomaly
2024-12-07 06:20:00,3.2288506,True,1.8495,Latency Anomaly
2024-12-07 06:25:00,3.2034621,True,1.8495,Latency Anomaly
2024-12-07 06:30:00,3.1910255,True,1.8495,Latency Anomaly
2024-12-07 06:35:00,3.1591523,True,1.8495,Latency Anomaly
2024-12-07 06:40:00,3.1169138,True,1.8495,Latency Anomaly
2024-12-07 06:45:00,3.1148777,True,1.8495,Latency Anomaly
2024-12-07 06:50:00,3.0977035,True,1.8495,Latency Anomaly
2024-12-07 06:55:00,3.0691912,True,1.8495,Latency Anomaly
2024-12-07 07:00:00,3.0511684,True,1.8495,Latency Anomaly
2024-12-07 07:05:00,2.9981608,True,1.8495,Latency Anomaly
2024-12-07 07:10:00,2.9599466,True,1.8495,Latency Anomaly
2024-12-07 07:15:00,2.955744,True,1.8495,Latency Anomaly
2024-12-07 07:20:00,2.9436078,True,1.8495,Latency Anomaly
2024-12-07 07:25:00,2.9141006,True,1.8495,Latency Anomaly
2024-12-07 07:30:00,2.8643873,True,1.8495,Latency Anomaly
2024-12-07 07:35:00,2.832204,True,1.8495,Latency Anomaly
2024-12-07 07:40:00,2.83241,True,1.8495,Latency Anomaly
2024-12-07 07:45:00,2.7744803,True,1.8495,Latency Anomaly
2024-12-07 07:50:00,2.7670968,True,1.8495,Latency Anomaly
2024-12-07 07:55:00,2.695751,True,1.8495,Latency Anomaly
2024-12-07 08:00:00,2.6594062,True,1.8495,Latency Anomaly
2024-12-07 08:05:00,2.6352737,True,1.8495,Latency Anomaly
2024-12-07 08:10:00,2.6218054,True,1.8495,Latency Anomaly
2024-12-07 08:15:00,2.572127,True,1.8495,Latency Anomaly
2024-12-07 08:20:00,2.4772048,True,1.8495,Latency Anomaly
2024-12-07 08:25:00,2.4642794,True,1.8495,Latency Anomaly
2024-12-07 08:30:00,2.3836968,True,1.8495,Latency Anomaly
2024-12-07 08:35:00,2.348271,True,1.8495,Latency Anomaly
2024-12-07 08:40:00,2.3002522,True,1.8495,Latency Anomaly
2024-12-07 08:45:00,2.2682073,True,1.8495,Latency Anomaly
2024-12-07 08:50:00,2.2381144,True,1.8495,Latency Anomaly
2024-12-07 08:55:00,2.2233787,True,1.8495,Latency Anomaly
2024-12-07 09:00:00,2.178663,True,1.8495,Latency Anomaly
2024-12-07 09:05:00,2.1611311,True,1.8495,Latency Anomaly
2024-12-07 09:10:00,2.1450903,True,1.8495,Latency Anomaly
2024-12-07 09:15:00,2.1272602,True,1.8495,Latency Anomaly
2024-12-07 09:20:00,2.107379,True,1.8495,Latency Anomaly
2024-12-07 09:25:00,2.0991943,True,1.8495,Latency Anomaly
2024-12-07 09:30:00,2.0505998,True,1.8495,Latency Anomaly
2024-12-07 09:35:00,2.0135546,True,1.8495,Latency Anomaly
2024-12-07 09:40:00,1.9684768,True,1.8495,Latency Anomaly
2024-12-07 09:45:00,1.945714,True,1.8495,Latency Anomaly
2024-12-07 09:50:00,1.9367586,True,1.8495,Latency Anomaly
2024-12-07 09:55:00,1.9103957,True,1.8495,Latency Anomaly
2024-12-07 10:00:00,1.8963058,True,1.8495,Latency Anomaly
2024-12-07 10:05:00,1.874702,True,1.8495,Latency Anomaly
2024-12-08 01:10:00,1.8664244,True,1.8495,Latency Anomaly
2024-12-08 01:15:00,1.8905758,True,1.8495,Latency Anomaly
2024-12-08 01:20:00,1.9429753,True,1.8495,Latency Anomaly
2024-12-08 01:25:00,1.9658732,True,1.8495,Latency Anomaly
2024-12-08 01:30:00,1.9823831,True,1.8495,Latency Anomaly
2024-12-08 01:35:00,2.0065403,True,1.8495,Latency Anomaly
2024-12-08 01:40:00,2.047179,True,1.8495,Latency Anomaly
2024-12-08 01:45:00,2.0685384,True,1.8495,Latency Anomaly
2024-12-08 01:50:00,2.0952582,True,1.8495,Latency Anomaly
2024-12-08 01:55:00,2.102943,True,1.8495,Latency Anomaly
2024-12-08 02:00:00,2.103272,True,1.8495,Latency Anomaly
2024-12-08 02:05:00,2.1219735,True,1.8495,Latency Anomaly
2024-12-08 02:10:00,2.1636443,True,1.8495,Latency Anomaly
2024-12-08 02:15:00,2.1867526,True,1.8495,Latency Anomaly
2024-12-08 02:20:00,2.1873775,True,1.8495,Latency Anomaly
2024-12-08 02:25:00,2.196192,True,1.8495,Latency Anomaly
2024-12-08 02:30:00,2.2274857,True,1.8495,Latency Anomaly
2024-12-08 02:35:00,2.3432643,True,1.8495,Latency Anomaly
2024-12-08 02:40:00,2.3818307,True,1.8495,Latency Anomaly
2024-12-08 02:45:00,2.4276495,True,1.8495,Latency Anomaly
2024-12-08 02:50:00,2.4718626,True,1.8495,Latency Anomaly
2024-12-08 02:55:00,2.490352,True,1.8495,Latency Anomaly
2024-12-08 03:00:00,2.562643,True,1.8495,Latency Anomaly
2024-12-08 03:05:00,2.6018627,True,1.8495,Latency Anomaly
2024-12-08 03:10:00,2.6311402,True,1.8495,Latency Anomaly
2024-12-08 03:15:00,2.6375165,True,1.8495,Latency Anomaly
2024-12-08 03:20:00,2.6607175,True,1.8495,Latency Anomaly
2024-12-08 03:25:00,2.6470172,True,1.8495,Latency Anomaly
2024-12-08 03:30:00,2.678926,True,1.8495,Latency Anomaly
2024-12-08 03:35:00,2.696024,True,1.8495,Latency Anomaly
2024-12-08 03:40:00,2.7067046,True,1.8495,Latency Anomaly
2024-12-08 03:45:00,2.729044,True,1.8495,Latency Anomaly
2024-12-08 03:50:00,2.9051626,True,1.8495,Latency Anomaly
2024-12-08 03:55:00,2.9266105,True,1.8495,Latency Anomaly
2024-12-08 04:00:00,2.9606616,True,1.8495,Latency Anomaly
2024-12-08 04:05:00,3.0085194,True,1.8495,Latency Anomaly
2024-12-08 04:10:00,3.011709,True,1.8495,Latency Anomaly
2024-12-08 04:15:00,3.0276613,True,1.8495,Latency Anomaly
2024-12-08 04:20:00,3.0967658,True,1.8495,Token/Cost Anomaly
2024-12-08 04:25:00,3.0849335,True,1.8495,Token/Cost Anomaly
2024-12-08 04:30:00,3.1002703,True,1.8495,Token/Cost Anomaly
2024-12-08 04:35:00,3.1104853,True,1.8495,Token/Cost Anomaly
2024-12-08 04:40:00,3.1105626,True,1.8495,Token/Cost Anomaly
2024-12-08 04:45:00,3.1097555,True,1.8495,Latency Anomaly
2024-12-08 04:50:00,3.1442783,True,1.8495,Latency Anomaly
2024-12-08 04:55:00,3.1664534,True,1.8495,Token/Cost Anomaly
2024-12-08 05:00:00,3.1745582,True,1.8495,Token/Cost Anomaly
2024-12-08 05:05:00,3.1954165,True,1.8495,Token/Cost Anomaly
2024-12-08 05:10:00,3.1850522,True,1.8495,Token/Cost Anomaly
2024-12-08 05:15:00,3.193099,True,1.8495,Token/Cost Anomaly
2024-12-08 05:20:00,3.1779494,True,1.8495,Latency Anomaly
2024-12-08 05:25:00,3.1761708,True,1.8495,Latency Anomaly
2024-12-08 05:30:00,3.1747196,True,1.8495,Latency Anomaly
2024-12-08 05:35:00,3.1664152,True,1.8495,Latency Anomaly
2024-12-08 05:40:00,3.1736524,True,1.8495,Latency Anomaly
2024-12-08 05:45:00,3.1488903,True,1.8495,Latency Anomaly
2024-12-08 05:50:00,3.1682136,True,1.8495,Latency Anomaly
2024-12-08 05:55:00,3.152565,True,1.8495,Latency Anomaly
2024-12-08 06:00:00,3.1509416,True,1.8495,Latency Anomaly
2024-12-08 06:05:00,3.1625757,True,1.8495,Latency Anomaly
2024-12-08 06:10:00,3.1593218,True,1.8495,Latency Anomaly
2024-12-08 06:15:00,3.1470985,True,1.8495,Latency Anomaly
2024-12-08 06:20:00,3.140421,True,1.8495,Latency Anomaly
2024-12-08 06:25:00,3.1376762,True,1.8495,Latency Anomaly
2024-12-08 06:30:00,3.1221073,True,1.8495,Latency Anomaly
2024-12-08 06:35:00,3.1170528,True,1.8495,Latency Anomaly
2024-12-08 06:40:00,3.1044366,True,1.8495,Latency Anomaly
2024-12-08 06:45:00,3.09914,True,1.8495,Latency Anomaly
2024-12-08 06:50:00,3.1015902,True,1.8495,Latency Anomaly
2024-12-08 06:55:00,3.0829778,True,1.8495,Latency Anomaly
2024-12-08 07:00:00,3.065015,True,1.8495,Latency Anomaly
2024-12-08 07:05:00,3.0297015,True,1.8495,Latency Anomaly
2024-12-08 07:10:00,3.0072675,True,1.8495,Latency Anomaly
2024-12-08 07:15:00,2.9863727,True,1.8495,Latency Anomaly
2024-12-08 07:20:00,2.938451,True,1.8495,Latency Anomaly
2024-12-08 07:25:00,2.9174364,True,1.8495,Latency Anomaly
2024-12-08 07:30:00,2.896453,True,1.8495,Latency Anomaly
2024-12-08 07:35:00,2.8744903,True,1.8495,Latency Anomaly
2024-12-08 07:40:00,2.8356116,True,1.8495,Latency Anomaly
2024-12-08 07:45:00,2.8166223,True,1.8495,Latency Anomaly
2024-12-08 07:50:00,2.7898855,True,1.8495,Latency Anomaly
2024-12-08 07:55:00,2.7842104,True,1.8495,Latency Anomaly
2024-12-08 08:00:00,2.7787206,True,1.8495,Latency Anomaly
2024-12-08 08:05:00,2.7615192,True,1.8495,Latency Anomaly
2024-12-08 08:10:00,2.7236404,True,1.8495,Latency Anomaly
2024-12-08 08:15:00,2.7184584,True,1.8495,Latency Anomaly
2024-12-08 08:20:00,2.7134473,True,1.8495,Latency Anomaly
2024-12-08 08:25:00,2.6930017,True,1.8495,Latency Anomaly
2024-12-08 08:30:00,2.6523929,True,1.8495,Latency Anomaly
2024-12-08 08:35:00,2.5321705,True,1.8495,Latency Anomaly
2024-12-08 08:40:00,2.4932988,True,1.8495,Latency Anomaly
2024-12-08 08:45:00,2.4486403,True,1.8495,Latency Anomaly
2024-12-08 08:50:00,2.4105008,True,1.8495,Latency Anomaly
2024-12-08 08:55:00,2.3850179,True,1.8495,Latency Anomaly
2024-12-08 09:00:00,2.3034205,True,1.8495,Latency Anomaly
2024-12-08 09:05:00,2.2642496,True,1.8495,Latency Anomaly
2024-12-08 09:10:00,2.234276,True,1.8495,Latency Anomaly
2024-12-08 09:15:00,2.2264316,True,1.8495,Latency Anomaly
2024-12-08 09:20:00,2.2119637,True,1.8495,Latency Anomaly
2024-12-08 09:25:00,2.2074292,True,1.8495,Latency Anomaly
2024-12-08 09:30:00,2.154894,True,1.8495,Latency Anomaly
2024-12-08 09:35:00,2.1342397,True,1.8495,Latency Anomaly
2024-12-08 09:40:00,2.1364138,True,1.8495,Latency Anomaly
2024-12-08 09:45:00,2.1169314,True,1.8495,Latency Anomaly
2024-12-08 09:50:00,1.9301594,True,1.8495,Latency Anomaly
2024-12-08 09:55:00,1.9028502,True,1.8495,Latency Anomaly
2024-12-08 10:00:00,1.8703426,True,1.8495,Latency Anomaly
2024-12-09 01:15:00,1.8576618,True,1.8495,Latency Anomaly
2024-12-09 01:20:00,1.8548274,True,1.8495,Latency Anomaly
2024-12-09 01:25:00,1.9098442,True,1.8495,Latency Anomaly
2024-12-09 01:30:00,1.9218138,True,1.8495,Latency Anomaly
2024-12-09 01:35:00,1.9387976,True,1.8495,Latency Anomaly
2024-12-09 01:40:00,1.955188,True,1.8495,Latency Anomaly
2024-12-09 01:45:00,2.0077486,True,1.8495,Latency Anomaly
2024-12-09 01:50:00,2.0126648,True,1.8495,Latency Anomaly
2024-12-09 01:55:00,2.0571048,True,1.8495,Latency Anomaly
2024-12-09 02:00:00,2.1741471,True,1.8495,Latency Anomaly
2024-12-09 02:05:00,2.1898575,True,1.8495,Latency Anomaly
2024-12-09 02:10:00,2.2372413,True,1.8495,Latency Anomaly
2024-12-09 02:15:00,2.2728744,True,1.8495,Latency Anomaly
2024-12-09 02:20:00,2.281887,True,1.8495,Latency Anomaly
2024-12-09 02:25:00,2.3303454,True,1.8495,Latency Anomaly
2024-12-09 02:30:00,2.3508778,True,1.8495,Latency Anomaly
2024-12-09 02:35:00,2.3640234,True,1.8495,Latency Anomaly
2024-12-09 02:40:00,2.3776228,True,1.8495,Latency Anomaly
2024-12-09 02:45:00,2.398278,True,1.8495,Latency Anomaly
2024-12-09 02:50:00,2.4294093,True,1.8495,Latency Anomaly
2024-12-09 02:55:00,2.4404008,True,1.8495,Latency Anomaly
2024-12-09 03:00:00,2.4798434,True,1.8495,Latency Anomaly
2024-12-09 03:05:00,2.4875047,True,1.8495,Latency Anomaly
2024-12-09 03:10:00,2.5242593,True,1.8495,Latency Anomaly
2024-12-09 03:15:00,2.559366,True,1.8495,Latency Anomaly
2024-12-09 03:20:00,2.5627646,True,1.8495,Latency Anomaly
2024-12-09 03:25:00,2.591516,True,1.8495,Latency Anomaly
2024-12-09 03:30:00,2.632903,True,1.8495,Latency Anomaly
2024-12-09 03:35:00,2.6467028,True,1.8495,Latency Anomaly
2024-12-09 03:40:00,2.6558723,True,1.8495,Latency Anomaly
2024-12-09 03:45:00,2.653136,True,1.8495,Latency Anomaly
2024-12-09 03:50:00,2.669361,True,1.8495,Latency Anomaly
2024-12-09 03:55:00,2.6920354,True,1.8495,Latency Anomaly
2024-12-09 04:00:00,2.7145987,True,1.8495,Latency Anomaly
2024-12-09 04:05:00,2.7378047,True,1.8495,Token/Cost Anomaly
2024-12-09 04:10:00,2.7345135,True,1.8495,Latency Anomaly
2024-12-09 04:15:00,2.7424192,True,1.8495,Latency Anomaly
2024-12-09 04:20:00,2.722173,True,1.8495,Latency Anomaly
2024-12-09 04:25:00,2.7237606,True,1.8495,Latency Anomaly
2024-12-09 04:30:00,2.742963,True,1.8495,Latency Anomaly
2024-12-09 04:35:00,2.761712,True,1.8495,Latency Anomaly
2024-12-09 04:40:00,2.770784,True,1.8495,Latency Anomaly
2024-12-09 04:45:00,2.7575507,True,1.8495,Latency Anomaly
2024-12-09 04:50:00,2.7653878,True,1.8495,Latency Anomaly
2024-12-09 04:55:00,2.7678087,True,1.8495,Latency Anomaly
2024-12-09 05:00:00,2.7722585,True,1.8495,Latency Anomaly
2024-12-09 05:05:00,2.774668,True,1.8495,Latency Anomaly
2024-12-09 05:10:00,2.749981,True,1.8495,Latency Anomaly
2024-12-09 05:15:00,2.7330039,True,1.8495,Latency Anomaly
2024-12-09 05:20:00,2.7156034,True,1.8495,Latency Anomaly
2024-12-09 05:25:00,2.7302535,True,1.8495,Token/Cost Anomaly
2024-12-09 05:30:00,2.731239,True,1.8495,Latency Anomaly
2024-12-09 05:35:00,2.7389128,True,1.8495,Latency Anomaly
2024-12-09 05:40:00,2.7316525,True,1.8495,Latency Anomaly
2024-12-09 05:45:00,2.7263732,True,1.8495,Latency Anomaly
2024-12-09 05:50:00,2.716402,True,1.8495,Latency Anomaly
2024-12-09 05:55:00,2.7273958,True,1.8495,Latency Anomaly
2024-12-09 06:00:00,2.7274892,True,1.8495,Latency Anomaly
2024-12-09 06:05:00,2.717841,True,1.8495,Latency Anomaly
2024-12-09 06:10:00,2.7119236,True,1.8495,Latency Anomaly
2024-12-09 06:15:00,2.6922803,True,1.8495,Latency Anomaly
2024-12-09 06:20:00,2.6906066,True,1.8495,Latency Anomaly
2024-12-09 06:25:00,2.6862273,True,1.8495,Latency Anomaly
2024-12-09 06:30:00,2.6789172,True,1.8495,Latency Anomaly
2024-12-09 06:35:00,2.6737547,True,1.8495,Latency Anomaly
2024-12-09 06:40:00,2.6736426,True,1.8495,Latency Anomaly
2024-12-09 06:45:00,2.6914945,True,1.8495,Latency Anomaly
2024-12-09 06:50:00,2.684113,True,1.8495,Latency Anomaly
2024-12-09 06:55:00,2.6734881,True,1.8495,Token/Cost Anomaly
2024-12-09 07:00:00,2.6564791,True,1.8495,Latency Anomaly
2024-12-09 07:05:00,2.6252105,True,1.8495,Latency Anomaly
2024-12-09 07:10:00,2.6137283,True,1.8495,Latency Anomaly
2024-12-09 07:15:00,2.610185,True,1.8495,Latency Anomaly
2024-12-09 07:20:00,2.6254652,True,1.8495,Latency Anomaly
2024-12-09 07:25:00,2.5803275,True,1.8495,Latency Anomaly
2024-12-09 07:30:00,2.5692537,True,1.8495,Latency Anomaly
2024-12-09 07:35:00,2.556395,True,1.8495,Latency Anomaly
2024-12-09 07:40:00,2.541881,True,1.8495,Latency Anomaly
2024-12-09 07:45:00,2.4870965,True,1.8495,Latency Anomaly
2024-12-09 07:50:00,2.479548,True,1.8495,Latency Anomaly
2024-12-09 07:55:00,2.4367046,True,1.8495,Latency Anomaly
2024-12-09 08:00:00,2.319555,True,1.8495,Latency Anomaly
2024-12-09 08:05:00,2.305274,True,1.8495,Latency Anomaly
2024-12-09 08:10:00,2.2448745,True,1.8495,Latency Anomaly
2024-12-09 08:15:00,2.208768,True,1.8495,Latency Anomaly
2024-12-09 08:20:00,2.2049315,True,1.8495,Latency Anomaly
2024-12-09 08:25:00,2.1482358,True,1.8495,Latency Anomaly
2024-12-09 08:30:00,2.1290581,True,1.8495,Latency Anomaly
2024-12-09 08:35:00,2.121851,True,1.8495,Latency Anomaly
2024-12-09 08:40:00,2.1137183,True,1.8495,Latency Anomaly
2024-12-09 08:45:00,2.1069295,True,1.8495,Latency Anomaly
2024-12-09 08:50:00,2.082504,True,1.8495,Latency Anomaly
2024-12-09 08:55:00,2.067722,True,1.8495,Latency Anomaly
2024-12-09 09:00:00,2.0262666,True,1.8495,Latency Anomaly
2024-12-09 09:05:00,2.0235286,True,1.8495,Latency Anomaly
2024-12-09 09:10:00,1.9883423,True,1.8495,Latency Anomaly
2024-12-09 09:15:00,1.9562154,True,1.8495,Latency Anomaly
2024-12-09 09:20:00,1.9470143,True,1.8495,Latency Anomaly
2024-12-09 09:25:00,1.9173534,True,1.8495,Latency Anomaly
2024-12-09 09:30:00,1.8709772,True,1.8495,Latency Anomaly
2024-12-09 09:35:00,1.8560978,True,1.8495,Latency Anomaly
2024-12-09 09:40:00,1.8503356,True,1.8495,Latency Anomaly
2024-12-09 09:45:00,1.8540516,True,1.8495,Latency Anomaly
2024-12-09 13:00:00,1.8630704,True,1.8495,Latency Anomaly
2024-12-09 13:05:00,1.8792123,True,1.8495,Latency Anomaly
2024-12-09 13:10:00,1.8888656,True,1.8495,Latency Anomaly
2024-12-09 13:15:00,1.8770899,True,1.8495,Latency Anomaly
2024-12-09 13:20:00,1.8734399,True,1.8495,Latency Anomaly
2024-12-09 13:25:00,1.8739611,True,1.8495,Latency Anomaly
2024-12-09 13:30:00,1.8817753,True,1.8495,Latency Anomaly
2024-12-09 13:35:00,1.8930678,True,1.8495,Latency Anomaly
2024-12-09 13:40:00,1.9045273,True,1.8495,Latency Anomaly
2024-12-09 13:45:00,1.9246663,True,1.8495,Latency Anomaly
2024-12-09 13:50:00,1.933424,True,1.8495,Latency Anomaly
2024-12-09 13:55:00,1.9491072,True,1.8495,Latency Anomaly
2024-12-09 14:00:00,1.9591038,True,1.8495,Latency Anomaly
2024-12-09 14:05:00,1.9753891,True,1.8495,Latency Anomaly
2024-12-09 14:10:00,1.9998283,True,1.8495,Latency Anomaly
2024-12-09 14:15:00,2.0235724,True,1.8495,Latency Anomaly
2024-12-09 14:20:00,2.0347729,True,1.8495,Latency Anomaly
2024-12-09 14:25:00,2.0495365,True,1.8495,Latency Anomaly
2024-12-09 14:30:00,2.0662088,True,1.8495,Latency Anomaly
2024-12-09 14:35:00,2.085284,True,1.8495,Latency Anomaly
2024-12-09 14:40:00,2.0949357,True,1.8495,Latency Anomaly
2024-12-09 14:45:00,2.096436,True,1.8495,Latency Anomaly
2024-12-09 14:50:00,2.1081417,True,1.8495,Latency Anomaly
2024-12-09 14:55:00,2.1374545,True,1.8495,Latency Anomaly
2024-12-09 15:00:00,2.158227,True,1.8495,Latency Anomaly
2024-12-09 15:05:00,2.170478,True,1.8495,Latency Anomaly
2024-12-09 15:10:00,2.1913798,True,1.8495,Latency Anomaly
2024-12-09 15:15:00,2.198552,True,1.8495,Latency Anomaly
2024-12-09 15:20:00,2.2109375,True,1.8495,Latency Anomaly
2024-12-09 15:25:00,2.223935,True,1.8495,Latency Anomaly
2024-12-09 15:30:00,2.2460427,True,1.8495,Latency Anomaly
2024-12-09 15:35:00,2.2504888,True,1.8495,Latency Anomaly
2024-12-09 15:40:00,2.272613,True,1.8495,Latency Anomaly
2024-12-09 15:45:00,2.2785974,True,1.8495,Latency Anomaly
2024-12-09 15:50:00,2.3027432,True,1.8495,Latency Anomaly
2024-12-09 15:55:00,2.3108199,True,1.8495,Latency Anomaly
2024-12-09 16:00:00,2.313451,True,1.8495,Latency Anomaly
2024-12-09 16:05:00,2.31854,True,1.8495,Latency Anomaly
2024-12-09 16:10:00,2.3274536,True,1.8495,Latency Anomaly
2024-12-09 16:15:00,2.3382037,True,1.8495,Latency Anomaly
2024-12-09 16:20:00,2.353729,True,1.8495,Latency Anomaly
2024-12-09 16:25:00,2.361316,True,1.8495,Latency Anomaly
2024-12-09 16:30:00,2.3656473,True,1.8495,Latency Anomaly
2024-12-09 16:35:00,2.3790274,True,1.8495,Latency Anomaly
2024-12-09 16:40:00,2.3905897,True,1.8495,Latency Anomaly
2024-12-09 16:45:00,2.392729,True,1.8495,Latency Anomaly
2024-12-09 16:50:00,2.4089913,True,1.8495,Latency Anomaly
2024-12-09 16:55:00,2.4017508,True,1.8495,Latency Anomaly
2024-12-09 17:00:00,2.3963244,True,1.8495,Latency Anomaly
2024-12-09 17:05:00,2.3981392,True,1.8495,Latency Anomaly
2024-12-09 17:10:00,2.4085283,True,1.8495,Latency Anomaly
2024-12-09 17:15:00,2.409791,True,1.8495,Latency Anomaly
2024-12-09 17:20:00,2.3994796,True,1.8495,Latency Anomaly
2024-12-09 17:25:00,2.4004514,True,1.8495,Latency Anomaly
2024-12-09 17:30:00,2.4000835,True,1.8495,Latency Anomaly
2024-12-09 17:35:00,2.4017646,True,1.8495,Latency Anomaly
2024-12-09 17:40:00,2.4051418,True,1.8495,Latency Anomaly
2024-12-09 17:45:00,2.4010828,True,1.8495,Latency Anomaly
2024-12-09 17:50:00,2.403271,True,1.8495,Latency Anomaly
2024-12-09 17:55:00,2.4091673,True,1.8495,Latency Anomaly
2024-12-09 18:00:00,2.3908074,True,1.8495,Latency Anomaly
2024-12-09 18:05:00,2.3839858,True,1.8495,Latency Anomaly
2024-12-09 18:10:00,2.383182,True,1.8495,Latency Anomaly
2024-12-09 18:15:00,2.372868,True,1.8495,Latency Anomaly
2024-12-09 18:20:00,2.3495698,True,1.8495,Latency Anomaly
2024-12-09 18:25:00,2.340688,True,1.8495,Latency Anomaly
2024-12-09 18:30:00,2.3348126,True,1.8495,Latency Anomaly
2024-12-09 18:35:00,2.3237135,True,1.8495,Latency Anomaly
2024-12-09 18:40:00,2.312916,True,1.8495,Latency Anomaly
2024-12-09 18:45:00,2.310974,True,1.8495,Latency Anomaly
2024-12-09 18:50:00,2.2965243,True,1.8495,Latency Anomaly
2024-12-09 18:55:00,2.2897532,True,1.8495,Latency Anomaly
2024-12-09 19:00:00,2.2752495,True,1.8495,Latency Anomaly
2024-12-09 19:05:00,2.257847,True,1.8495,Latency Anomaly
2024-12-09 19:10:00,2.2466154,True,1.8495,Latency Anomaly
2024-12-09 19:15:00,2.2352,True,1.8495,Latency Anomaly
2024-12-09 19:20:00,2.220058,True,1.8495,Latency Anomaly
2024-12-09 19:25:00,2.2170146,True,1.8495,Latency Anomaly
2024-12-09 19:30:00,2.2000656,True,1.8495,Latency Anomaly
2024-12-09 19:35:00,2.2004046,True,1.8495,Latency Anomaly
2024-12-09 19:40:00,2.191033,True,1.8495,Latency Anomaly
2024-12-09 19:45:00,2.1797953,True,1.8495,Latency Anomaly
2024-12-09 19:50:00,2.174574,True,1.8495,Latency Anomaly
2024-12-09 19:55:00,2.16046,True,1.8495,Latency Anomaly
2024-12-09 20:00:00,2.1446908,True,1.8495,Latency Anomaly
2024-12-09 20:05:00,2.131442,True,1.8495,Latency Anomaly
2024-12-09 20:10:00,2.1130397,True,1.8495,Latency Anomaly
2024-12-09 20:15:00,2.0890703,True,1.8495,Latency Anomaly
2024-12-09 20:20:00,2.0760727,True,1.8495,Latency Anomaly
2024-12-09 20:25:00,2.059861,True,1.8495,Latency Anomaly
2024-12-09 20:30:00,2.0419338,True,1.8495,Latency Anomaly
2024-12-09 20:35:00,2.021309,True,1.8495,Latency Anomaly
2024-12-09 20:40:00,2.0037324,True,1.8495,Latency Anomaly
2024-12-09 20:45:00,1.9907048,True,1.8495,Latency Anomaly
2024-12-09 20:50:00,1.9795599,True,1.8495,Latency Anomaly
2024-12-09 20:55:00,1.9544849,True,1.8495,Latency Anomaly
2024-12-09 21:00:00,1.936399,True,1.8495,Latency Anomaly
2024-12-09 21:05:00,1.9301897,True,1.8495,Latency Anomaly
2024-12-09 21:10:00,1.9037589,True,1.8495,Latency Anomaly
2024-12-09 21:15:00,1.8898699,True,1.8495,Latency Anomaly
2024-12-09 21:20:00,1.8763968,True,1.8495,Latency Anomaly
2024-12-09 21:25:00,1.860238,True,1.8495,Latency Anomaly
2024-12-10 02:35:00,1.9014812,True,1.8495,Latency Anomaly
2024-12-10 02:40:00,1.9293859,True,1.8495,Latency Anomaly
2024-12-10 02:45:00,1.9679927,True,1.8495,Latency Anomaly
2024-12-10 02:50:00,1.9934733,True,1.8495,Latency Anomaly
2024-12-10 02:55:00,2.0043898,True,1.8495,Latency Anomaly
2024-12-10 03:00:00,2.0247524,True,1.8495,Latency Anomaly
2024-12-10 03:05:00,2.0422447,True,1.8495,Latency Anomaly
2024-12-10 03:10:00,2.0630786,True,1.8495,Latency Anomaly
2024-12-10 03:15:00,2.0824692,True,1.8495,Latency Anomaly
2024-12-10 03:20:00,2.108286,True,1.8495,Latency Anomaly
2024-12-10 03:25:00,2.1139863,True,1.8495,Latency Anomaly
2024-12-10 03:30:00,2.1434674,True,1.8495,Latency Anomaly
2024-12-10 03:35:00,2.1594186,True,1.8495,Latency Anomaly
2024-12-10 03:40:00,2.1886184,True,1.8495,Latency Anomaly
2024-12-10 03:45:00,2.1810927,True,1.8495,Latency Anomaly
2024-12-10 03:50:00,2.193661,True,1.8495,Latency Anomaly
2024-12-10 03:55:00,2.2150185,True,1.8495,Latency Anomaly
2024-12-10 04:00:00,2.2358253,True,1.8495,Latency Anomaly
2024-12-10 04:05:00,2.2407405,True,1.8495,Latency Anomaly
2024-12-10 04:10:00,2.2465174,True,1.8495,Latency Anomaly
2024-12-10 04:15:00,2.2496338,True,1.8495,Latency Anomaly
2024-12-10 04:20:00,2.276526,True,1.8495,Latency Anomaly
2024-12-10 04:25:00,2.3476002,True,1.8495,Latency Anomaly
2024-12-10 04:30:00,2.3557692,True,1.8495,Latency Anomaly
2024-12-10 04:35:00,2.4157753,True,1.8495,Latency Anomaly
2024-12-10 04:40:00,2.4206245,True,1.8495,Latency Anomaly
2024-12-10 04:45:00,2.429102,True,1.8495,Latency Anomaly
2024-12-10 04:50:00,2.4280193,True,1.8495,Latency Anomaly
2024-12-10 04:55:00,2.43192,True,1.8495,Latency Anomaly
2024-12-10 05:00:00,2.4238667,True,1.8495,Latency Anomaly
2024-12-10 05:05:00,2.4321053,True,1.8495,Latency Anomaly
2024-12-10 05:10:00,2.4335463,True,1.8495,Latency Anomaly
2024-12-10 05:15:00,2.4337223,True,1.8495,Latency Anomaly
2024-12-10 05:20:00,2.4393275,True,1.8495,Latency Anomaly
2024-12-10 05:25:00,2.4380927,True,1.8495,Latency Anomaly
2024-12-10 05:30:00,2.452003,True,1.8495,Latency Anomaly
2024-12-10 05:35:00,2.441575,True,1.8495,Latency Anomaly
2024-12-10 05:40:00,2.432385,True,1.8495,Latency Anomaly
2024-12-10 05:45:00,2.4081376,True,1.8495,Latency Anomaly
2024-12-10 05:50:00,2.4007883,True,1.8495,Latency Anomaly
2024-12-10 05:55:00,2.4067056,True,1.8495,Latency Anomaly
2024-12-10 06:00:00,2.4079394,True,1.8495,Latency Anomaly
2024-12-10 06:05:00,2.42389,True,1.8495,Latency Anomaly
2024-12-10 06:10:00,2.4186952,True,1.8495,Latency Anomaly
2024-12-10 06:15:00,2.4161577,True,1.8495,Latency Anomaly
2024-12-10 06:20:00,2.4165452,True,1.8495,Latency Anomaly
2024-12-10 06:25:00,2.4036865,True,1.8495,Latency Anomaly
2024-12-10 06:30:00,2.393044,True,1.8495,Latency Anomaly
2024-12-10 06:35:00,2.380998,True,1.8495,Latency Anomaly
2024-12-10 06:40:00,2.3756983,True,1.8495,Latency Anomaly
2024-12-10 06:45:00,2.369969,True,1.8495,Latency Anomaly
2024-12-10 06:50:00,2.380744,True,1.8495,Latency Anomaly
2024-12-10 06:55:00,2.3536525,True,1.8495,Latency Anomaly
2024-12-10 07:00:00,2.328653,True,1.8495,Latency Anomaly
2024-12-10 07:05:00,2.3227556,True,1.8495,Latency Anomaly
2024-12-10 07:10:00,2.2995205,True,1.8495,Latency Anomaly
2024-12-10 07:15:00,2.2798717,True,1.8495,Latency Anomaly
2024-12-10 07:20:00,2.2621121,True,1.8495,Latency Anomaly
2024-12-10 07:25:00,2.2521322,True,1.8495,Latency Anomaly
2024-12-10 07:30:00,2.2356646,True,1.8495,Latency Anomaly
2024-12-10 07:35:00,2.211874,True,1.8495,Latency Anomaly
2024-12-10 07:40:00,2.1956668,True,1.8495,Latency Anomaly
2024-12-10 07:45:00,2.1917036,True,1.8495,Latency Anomaly
2024-12-10 07:50:00,2.1620665,True,1.8495,Latency Anomaly
2024-12-10 07:55:00,2.1477458,True,1.8495,Latency Anomaly
2024-12-10 08:00:00,2.113505,True,1.8495,Latency Anomaly
2024-12-10 08:05:00,2.0982368,True,1.8495,Latency Anomaly
2024-12-10 08:10:00,2.0944602,True,1.8495,Latency Anomaly
2024-12-10 08:15:00,2.094686,True,1.8495,Latency Anomaly
2024-12-10 08:20:00,2.062123,True,1.8495,Latency Anomaly
2024-12-10 08:25:00,2.046912,True,1.8495,Latency Anomaly
2024-12-10 08:30:00,2.0343838,True,1.8495,Latency Anomaly
2024-12-10 08:35:00,1.9709325,True,1.8495,Latency Anomaly
2024-12-10 08:40:00,1.9450971,True,1.8495,Latency Anomaly
2024-12-10 08:45:00,1.9067965,True,1.8495,Latency Anomaly
2024-12-10 08:50:00,1.8821887,True,1.8495,Latency Anomaly
2024-12-10 08:55:00,1.8757417,True,1.8495,Latency Anomaly
2024-12-10 09:00:00,1.8516421,True,1.8495,Latency Anomaly
2024-12-10 13:35:00,1.8545262,True,1.8495,Latency Anomaly
2024-12-10 13:40:00,1.8773293,True,1.8495,Latency Anomaly
2024-12-10 13:45:00,1.8948721,True,1.8495,Latency Anomaly
2024-12-10 13:50:00,1.91095,True,1.8495,Latency Anomaly
2024-12-10 13:55:00,1.9298644,True,1.8495,Latency Anomaly
2024-12-10 14:00:00,1.953514,True,1.8495,Latency Anomaly
2024-12-10 14:05:00,1.9683899,True,1.8495,Latency Anomaly
2024-12-10 14:10:00,1.978915,True,1.8495,Latency Anomaly
2024-12-10 14:15:00,1.9957516,True,1.8495,Latency Anomaly
2024-12-10 14:20:00,2.0099683,True,1.8495,Latency Anomaly
2024-12-10 14:25:00,2.0283573,True,1.8495,Latency Anomaly
2024-12-10 14:30:00,2.0424945,True,1.8495,Latency Anomaly
2024-12-10 14:35:00,2.0583963,True,1.8495,Latency Anomaly
2024-12-10 14:40:00,2.0749776,True,1.8495,Latency Anomaly
2024-12-10 14:45:00,2.0936666,True,1.8495,Latency Anomaly
2024-12-10 14:50:00,2.1121755,True,1.8495,Latency Anomaly
2024-12-10 14:55:00,2.1286118,True,1.8495,Latency Anomaly
2024-12-10 15:00:00,2.142952,True,1.8495,Latency Anomaly
2024-12-10 15:05:00,2.1567378,True,1.8495,Latency Anomaly
2024-12-10 15:10:00,2.1702862,True,1.8495,Latency Anomaly
2024-12-10 15:15:00,2.1909513,True,1.8495,Latency Anomaly
2024-12-10 15:20:00,2.203257,True,1.8495,Latency Anomaly
2024-12-10 15:25:00,2.218675,True,1.8495,Latency Anomaly
2024-12-10 15:30:00,2.2319221,True,1.8495,Latency Anomaly
2024-12-10 15:35:00,2.2325292,True,1.8495,Latency Anomaly
2024-12-10 15:40:00,2.2435427,True,1.8495,Latency Anomaly
2024-12-10 15:45:00,2.260762,True,1.8495,Latency Anomaly
2024-12-10 15:50:00,2.2732248,True,1.8495,Latency Anomaly
2024-12-10 15:55:00,2.2800899,True,1.8495,Latency Anomaly
2024-12-10 16:00:00,2.286723,True,1.8495,Latency Anomaly
2024-12-10 16:05:00,2.2952533,True,1.8495,Latency Anomaly
2024-12-10 16:10:00,2.2829607,True,1.8495,Latency Anomaly
2024-12-10 16:15:00,2.2948046,True,1.8495,Latency Anomaly
2024-12-10 16:20:00,2.301941,True,1.8495,Latency Anomaly
2024-12-10 16:25:00,2.3107417,True,1.8495,Latency Anomaly
2024-12-10 16:30:00,2.3204758,True,1.8495,Latency Anomaly
2024-12-10 16:35:00,2.327062,True,1.8495,Latency Anomaly
2024-12-10 16:40:00,2.3398864,True,1.8495,Latency Anomaly
2024-12-10 16:45:00,2.3469281,True,1.8495,Latency Anomaly
2024-12-10 16:50:00,2.3606482,True,1.8495,Latency Anomaly
2024-12-10 16:55:00,2.3650906,True,1.8495,Latency Anomaly
2024-12-10 17:00:00,2.3640907,True,1.8495,Latency Anomaly
2024-12-10 17:05:00,2.3624258,True,1.8495,Latency Anomaly
2024-12-10 17:10:00,2.3603115,True,1.8495,Latency Anomaly
2024-12-10 17:15:00,2.3532524,True,1.8495,Latency Anomaly
2024-12-10 17:20:00,2.3524034,True,1.8495,Latency Anomaly
2024-12-10 17:25:00,2.3593016,True,1.8495,Latency Anomaly
2024-12-10 17:30:00,2.3615549,True,1.8495,Latency Anomaly
2024-12-10 17:35:00,2.3634326,True,1.8495,Latency Anomaly
2024-12-10 17:40:00,2.3702142,True,1.8495,Latency Anomaly
2024-12-10 17:45:00,2.3735993,True,1.8495,Latency Anomaly
2024-12-10 17:50:00,2.3758366,True,1.8495,Latency Anomaly
2024-12-10 17:55:00,2.3764806,True,1.8495,Latency Anomaly
2024-12-10 18:00:00,2.3633475,True,1.8495,Latency Anomaly
2024-12-10 18:05:00,2.354146,True,1.8495,Latency Anomaly
2024-12-10 18:10:00,2.3419437,True,1.8495,Latency Anomaly
2024-12-10 18:15:00,2.3300886,True,1.8495,Latency Anomaly
2024-12-10 18:20:00,2.325749,True,1.8495,Latency Anomaly
2024-12-10 18:25:00,2.327255,True,1.8495,Latency Anomaly
2024-12-10 18:30:00,2.3155727,True,1.8495,Latency Anomaly
2024-12-10 18:35:00,2.3136454,True,1.8495,Latency Anomaly
2024-12-10 18:40:00,2.3093143,True,1.8495,Latency Anomaly
2024-12-10 18:45:00,2.3066115,True,1.8495,Latency Anomaly
2024-12-10 18:50:00,2.3042057,True,1.8495,Latency Anomaly
2024-12-10 18:55:00,2.2975268,True,1.8495,Latency Anomaly
2024-12-10 19:00:00,2.2827675,True,1.8495,Latency Anomaly
2024-12-10 19:05:00,2.2700992,True,1.8495,Latency Anomaly
2024-12-10 19:10:00,2.2492328,True,1.8495,Latency Anomaly
2024-12-10 19:15:00,2.2288063,True,1.8495,Latency Anomaly
2024-12-10 19:20:00,2.2217472,True,1.8495,Latency Anomaly
2024-12-10 19:25:00,2.2077632,True,1.8495,Latency Anomaly
2024-12-10 19:30:00,2.1946034,True,1.8495,Latency Anomaly
2024-12-10 19:35:00,2.1833456,True,1.8495,Latency Anomaly
2024-12-10 19:40:00,2.171772,True,1.8495,Latency Anomaly
2024-12-10 19:45:00,2.1536398,True,1.8495,Latency Anomaly
2024-12-10 19:50:00,2.1514664,True,1.8495,Latency Anomaly
2024-12-10 19:55:00,2.138878,True,1.8495,Latency Anomaly
2024-12-10 20:00:00,2.1214614,True,1.8495,Latency Anomaly
2024-12-10 20:05:00,2.1057851,True,1.8495,Latency Anomaly
2024-12-10 20:10:00,2.0925963,True,1.8495,Latency Anomaly
2024-12-10 20:15:00,2.075782,True,1.8495,Latency Anomaly
2024-12-10 20:20:00,2.0639036,True,1.8495,Latency Anomaly
2024-12-10 20:25:00,2.0474946,True,1.8495,Latency Anomaly
2024-12-10 20:30:00,2.0318089,True,1.8495,Latency Anomaly
2024-12-10 20:35:00,2.016594,True,1.8495,Latency Anomaly
2024-12-10 20:40:00,1.997416,True,1.8495,Latency Anomaly
2024-12-10 20:45:00,1.9760748,True,1.8495,Latency Anomaly
2024-12-10 20:50:00,1.9545461,True,1.8495,Latency Anomaly
2024-12-10 20:55:00,1.9354365,True,1.8495,Latency Anomaly
2024-12-10 21:00:00,1.9144135,True,1.8495,Latency Anomaly
2024-12-10 21:05:00,1.89205,True,1.8495,Latency Anomaly
2024-12-10 21:10:00,1.8803835,True,1.8495,Latency Anomaly
2024-12-10 21:15:00,1.8557007,True,1.8495,Latency Anomaly
2024-12-11 01:45:00,1.8619643,True,1.8495,Latency Anomaly
2024-12-11 01:50:00,1.857573,True,1.8495,Latency Anomaly
2024-12-11 01:55:00,1.9034511,True,1.8495,Latency Anomaly
2024-12-11 02:00:00,1.9037242,True,1.8495,Latency Anomaly
2024-12-11 02:05:00,1.9233049,True,1.8495,Latency Anomaly
2024-12-11 02:10:00,1.9497098,True,1.8495,Latency Anomaly
2024-12-11 02:15:00,1.9663959,True,1.8495,Latency Anomaly
2024-12-11 02:20:00,1.9864107,True,1.8495,Latency Anomaly
2024-12-11 02:25:00,1.9982027,True,1.8495,Latency Anomaly
2024-12-11 02:30:00,2.0543404,True,1.8495,Latency Anomaly
2024-12-11 02:35:00,2.082948,True,1.8495,Latency Anomaly
2024-12-11 02:40:00,2.1064258,True,1.8495,Latency Anomaly
2024-12-11 02:45:00,2.1117833,True,1.8495,Latency Anomaly
2024-12-11 02:50:00,2.1384094,True,1.8495,Latency Anomaly
2024-12-11 02:55:00,2.1768565,True,1.8495,Latency Anomaly
2024-12-11 03:00:00,2.2210746,True,1.8495,Latency Anomaly
2024-12-11 03:05:00,2.2436752,True,1.8495,Latency Anomaly
2024-12-11 03:10:00,2.255823,True,1.8495,Latency Anomaly
2024-12-11 03:15:00,2.2993927,True,1.8495,Latency Anomaly
2024-12-11 03:20:00,2.3215053,True,1.8495,Latency Anomaly
2024-12-11 03:25:00,2.3220956,True,1.8495,Latency Anomaly
2024-12-11 03:30:00,2.3276217,True,1.8495,Latency Anomaly
2024-12-11 03:35:00,2.3508673,True,1.8495,Latency Anomaly
2024-12-11 03:40:00,2.3770154,True,1.8495,Latency Anomaly
2024-12-11 03:45:00,2.400348,True,1.8495,Latency Anomaly
2024-12-11 03:50:00,2.42541,True,1.8495,Latency Anomaly
2024-12-11 03:55:00,2.4435003,True,1.8495,Latency Anomaly
2024-12-11 04:00:00,2.4531074,True,1.8495,Latency Anomaly
2024-12-11 04:05:00,2.4610336,True,1.8495,Latency Anomaly
2024-12-11 04:10:00,2.4665926,True,1.8495,Latency Anomaly
2024-12-11 04:15:00,2.4794135,True,1.8495,Latency Anomaly
2024-12-11 04:20:00,2.4928362,True,1.8495,Latency Anomaly
2024-12-11 04:25:00,2.507012,True,1.8495,Latency Anomaly
2024-12-11 04:30:00,2.5093567,True,1.8495,Latency Anomaly
2024-12-11 04:35:00,2.5182574,True,1.8495,Latency Anomaly
2024-12-11 04:40:00,2.5247653,True,1.8495,Latency Anomaly
2024-12-11 04:45:00,2.5621564,True,1.8495,Latency Anomaly
2024-12-11 04:50:00,2.566757,True,1.8495,Latency Anomaly
2024-12-11 04:55:00,2.5695374,True,1.8495,Latency Anomaly
2024-12-11 05:00:00,2.561439,True,1.8495,Latency Anomaly
2024-12-11 05:05:00,2.5450504,True,1.8495,Latency Anomaly
2024-12-11 05:10:00,2.5370772,True,1.8495,Latency Anomaly
2024-12-11 05:15:00,2.5344136,True,1.8495,Latency Anomaly
2024-12-11 05:20:00,2.5366554,True,1.8495,Latency Anomaly
2024-12-11 05:25:00,2.5518515,True,1.8495,Latency Anomaly
2024-12-11 05:30:00,2.545641,True,1.8495,Latency Anomaly
2024-12-11 05:35:00,2.5482109,True,1.8495,Latency Anomaly
2024-12-11 05:40:00,2.5361679,True,1.8495,Latency Anomaly
2024-12-11 05:45:00,2.554523,True,1.8495,Latency Anomaly
2024-12-11 05:50:00,2.526674,True,1.8495,Latency Anomaly
2024-12-11 05:55:00,2.5248833,True,1.8495,Latency Anomaly
2024-12-11 06:00:00,2.5173032,True,1.8495,Latency Anomaly
2024-12-11 06:05:00,2.5144,True,1.8495,Latency Anomaly
2024-12-11 06:10:00,2.4847755,True,1.8495,Latency Anomaly
2024-12-11 06:15:00,2.4776456,True,1.8495,Latency Anomaly
2024-12-11 06:20:00,2.4724576,True,1.8495,Latency Anomaly
2024-12-11 06:25:00,2.4476795,True,1.8495,Latency Anomaly
2024-12-11 06:30:00,2.4411561,True,1.8495,Latency Anomaly
2024-12-11 06:35:00,2.4372187,True,1.8495,Latency Anomaly
2024-12-11 06:40:00,2.4477572,True,1.8495,Latency Anomaly
2024-12-11 06:45:00,2.4195867,True,1.8495,Latency Anomaly
2024-12-11 06:50:00,2.4192865,True,1.8495,Latency Anomaly
2024-12-11 06:55:00,2.3910003,True,1.8495,Latency Anomaly
2024-12-11 07:00:00,2.378695,True,1.8495,Latency Anomaly
2024-12-11 07:05:00,2.366153,True,1.8495,Latency Anomaly
2024-12-11 07:10:00,2.3224223,True,1.8495,Latency Anomaly
2024-12-11 07:15:00,2.3127906,True,1.8495,Latency Anomaly
2024-12-11 07:20:00,2.2562099,True,1.8495,Latency Anomaly
2024-12-11 07:25:00,2.2353134,True,1.8495,Latency Anomaly
2024-12-11 07:30:00,2.2279017,True,1.8495,Latency Anomaly
2024-12-11 07:35:00,2.224956,True,1.8495,Latency Anomaly
2024-12-11 07:40:00,2.1986694,True,1.8495,Latency Anomaly
2024-12-11 07:45:00,2.1789343,True,1.8495,Latency Anomaly
2024-12-11 07:50:00,2.1720808,True,1.8495,Latency Anomaly
2024-12-11 07:55:00,2.1221879,True,1.8495,Latency Anomaly
2024-12-11 08:00:00,2.1225324,True,1.8495,Latency Anomaly
2024-12-11 08:05:00,2.101053,True,1.8495,Latency Anomaly
2024-12-11 08:10:00,2.079645,True,1.8495,Latency Anomaly
2024-12-11 08:15:00,2.0669315,True,1.8495,Latency Anomaly
2024-12-11 08:20:00,2.0504124,True,1.8495,Latency Anomaly
2024-12-11 08:25:00,2.0487254,True,1.8495,Latency Anomaly
2024-12-11 08:30:00,1.9905468,True,1.8495,Latency Anomaly
2024-12-11 08:35:00,1.9643965,True,1.8495,Latency Anomaly
2024-12-11 08:40:00,1.9355766,True,1.8495,Latency Anomaly
2024-12-11 08:45:00,1.9408574,True,1.8495,Latency Anomaly
2024-12-11 08:50:00,1.9212618,True,1.8495,Latency Anomaly
2024-12-11 08:55:00,1.8886043,True,1.8495,Latency Anomaly
2024-12-11 13:40:00,1.8556222,True,1.8495,Latency Anomaly
2024-12-11 13:45:00,1.8699658,True,1.8495,Latency Anomaly
2024-12-11 13:50:00,1.8873086,True,1.8495,Latency Anomaly
2024-12-11 13:55:00,1.9146467,True,1.8495,Latency Anomaly
2024-12-11 14:00:00,1.9330993,True,1.8495,Latency Anomaly
2024-12-11 14:05:00,1.9508269,True,1.8495,Latency Anomaly
2024-12-11 14:10:00,1.96595,True,1.8495,Latency Anomaly
2024-12-11 14:15:00,1.9710543,True,1.8495,Latency Anomaly
2024-12-11 14:20:00,1.985488,True,1.8495,Latency Anomaly
2024-12-11 14:25:00,1.9894785,True,1.8495,Latency Anomaly
2024-12-11 14:30:00,2.0088947,True,1.8495,Latency Anomaly
2024-12-11 14:35:00,2.0314116,True,1.8495,Latency Anomaly
2024-12-11 14:40:00,2.0582535,True,1.8495,Latency Anomaly
2024-12-11 14:45:00,2.0679317,True,1.8495,Latency Anomaly
2024-12-11 14:50:00,2.0774221,True,1.8495,Latency Anomaly
2024-12-11 14:55:00,2.0850096,True,1.8495,Latency Anomaly
2024-12-11 15:00:00,2.0958405,True,1.8495,Latency Anomaly
2024-12-11 15:05:00,2.115895,True,1.8495,Latency Anomaly
2024-12-11 15:10:00,2.1314485,True,1.8495,Latency Anomaly
2024-12-11 15:15:00,2.1413903,True,1.8495,Latency Anomaly
2024-12-11 15:20:00,2.1521766,True,1.8495,Latency Anomaly
2024-12-11 15:25:00,2.169544,True,1.8495,Latency Anomaly
2024-12-11 15:30:00,2.1796327,True,1.8495,Latency Anomaly
2024-12-11 15:35:00,2.1984024,True,1.8495,Latency Anomaly
2024-12-11 15:40:00,2.1991272,True,1.8495,Latency Anomaly
2024-12-11 15:45:00,2.2238119,True,1.8495,Latency Anomaly
2024-12-11 15:50:00,2.23246,True,1.8495,Latency Anomaly
2024-12-11 15:55:00,2.2491539,True,1.8495,Latency Anomaly
2024-12-11 16:00:00,2.2527525,True,1.8495,Latency Anomaly
2024-12-11 16:05:00,2.2661896,True,1.8495,Latency Anomaly
2024-12-11 16:10:00,2.2762656,True,1.8495,Latency Anomaly
2024-12-11 16:15:00,2.2842617,True,1.8495,Latency Anomaly
2024-12-11 16:20:00,2.291921,True,1.8495,Latency Anomaly
2024-12-11 16:25:00,2.2947984,True,1.8495,Latency Anomaly
2024-12-11 16:30:00,2.303843,True,1.8495,Latency Anomaly
2024-12-11 16:35:00,2.3143609,True,1.8495,Latency Anomaly
2024-12-11 16:40:00,2.3215964,True,1.8495,Latency Anomaly
2024-12-11 16:45:00,2.323604,True,1.8495,Latency Anomaly
2024-12-11 16:50:00,2.3329823,True,1.8495,Latency Anomaly
2024-12-11 16:55:00,2.3410473,True,1.8495,Latency Anomaly
2024-12-11 17:00:00,2.3445961,True,1.8495,Latency Anomaly
2024-12-11 17:05:00,2.3417592,True,1.8495,Latency Anomaly
2024-12-11 17:10:00,2.3444386,True,1.8495,Latency Anomaly
2024-12-11 17:15:00,2.349488,True,1.8495,Latency Anomaly
2024-12-11 17:20:00,2.3515608,True,1.8495,Latency Anomaly
2024-12-11 17:25:00,2.354713,True,1.8495,Latency Anomaly
2024-12-11 17:30:00,2.3535511,True,1.8495,Latency Anomaly
2024-12-11 17:35:00,2.3510554,True,1.8495,Latency Anomaly
2024-12-11 17:40:00,2.3499022,True,1.8495,Latency Anomaly
2024-12-11 17:45:00,2.3496978,True,1.8495,Latency Anomaly
2024-12-11 17:50:00,2.351194,True,1.8495,Latency Anomaly
2024-12-11 17:55:00,2.3526201,True,1.8495,Latency Anomaly
2024-12-11 18:00:00,2.342882,True,1.8495,Latency Anomaly
2024-12-11 18:05:00,2.3402464,True,1.8495,Latency Anomaly
2024-12-11 18:10:00,2.3287737,True,1.8495,Latency Anomaly
2024-12-11 18:15:00,2.3248749,True,1.8495,Latency Anomaly
2024-12-11 18:20:00,2.3067288,True,1.8495,Latency Anomaly
2024-12-11 18:25:00,2.3040953,True,1.8495,Latency Anomaly
2024-12-11 18:30:00,2.2925458,True,1.8495,Latency Anomaly
2024-12-11 18:35:00,2.283558,True,1.8495,Latency Anomaly
2024-12-11 18:40:00,2.2767122,True,1.8495,Latency Anomaly
2024-12-11 18:45:00,2.2722378,True,1.8495,Latency Anomaly
2024-12-11 18:50:00,2.2630982,True,1.8495,Latency Anomaly
2024-12-11 18:55:00,2.238382,True,1.8495,Latency Anomaly
2024-12-11 19:00:00,2.2344372,True,1.8495,Latency Anomaly
2024-12-11 19:05:00,2.2226489,True,1.8495,Latency Anomaly
2024-12-11 19:10:00,2.2137468,True,1.8495,Latency Anomaly
2024-12-11 19:15:00,2.2075477,True,1.8495,Latency Anomaly
2024-12-11 19:20:00,2.2014098,True,1.8495,Latency Anomaly
2024-12-11 19:25:00,2.1870778,True,1.8495,Latency Anomaly
2024-12-11 19:30:00,2.173507,True,1.8495,Latency Anomaly
2024-12-11 19:35:00,2.1615236,True,1.8495,Latency Anomaly
2024-12-11 19:40:00,2.1386645,True,1.8495,Latency Anomaly
2024-12-11 19:45:00,2.1265028,True,1.8495,Latency Anomaly
2024-12-11 19:50:00,2.1095753,True,1.8495,Latency Anomaly
2024-12-11 19:55:00,2.082382,True,1.8495,Latency Anomaly
2024-12-11 20:00:00,2.0649507,True,1.8495,Latency Anomaly
2024-12-11 20:05:00,2.0455475,True,1.8495,Latency Anomaly
2024-12-11 20:10:00,2.0310397,True,1.8495,Latency Anomaly
2024-12-11 20:15:00,2.0226653,True,1.8495,Latency Anomaly
2024-12-11 20:20:00,2.0096157,True,1.8495,Latency Anomaly
2024-12-11 20:25:00,1.9933356,True,1.8495,Latency Anomaly
2024-12-11 20:30:00,1.9817256,True,1.8495,Latency Anomaly
2024-12-11 20:35:00,1.9599005,True,1.8495,Latency Anomaly
2024-12-11 20:40:00,1.9451723,True,1.8495,Latency Anomaly
2024-12-11 20:45:00,1.9261367,True,1.8495,Latency Anomaly
2024-12-11 20:50:00,1.9073584,True,1.8495,Latency Anomaly
2024-12-11 20:55:00,1.9070172,True,1.8495,Latency Anomaly
2024-12-11 21:00:00,1.8967757,True,1.8495,Latency Anomaly
2024-12-11 21:05:00,1.8769954,True,1.8495,Latency Anomaly
2024-12-11 21:10:00,1.8603934,True,1.8495,Latency Anomaly
2024-12-12 01:45:00,1.8580304,True,1.8495,Latency Anomaly
2024-12-12 01:50:00,1.8644902,True,1.8495,Latency Anomaly
2024-12-12 01:55:00,1.8659577,True,1.8495,Latency Anomaly
2024-12-12 02:00:00,1.877105,True,1.8495,Latency Anomaly
2024-12-12 02:05:00,1.9426956,True,1.8495,Latency Anomaly
2024-12-12 02:10:00,1.9570704,True,1.8495,Latency Anomaly
2024-12-12 02:15:00,1.9589028,True,1.8495,Latency Anomaly
2024-12-12 02:20:00,1.9745601,True,1.8495,Latency Anomaly
2024-12-12 02:25:00,1.985803,True,1.8495,Latency Anomaly
2024-12-12 02:30:00,2.0085187,True,1.8495,Latency Anomaly
2024-12-12 02:35:00,2.0162573,True,1.8495,Latency Anomaly
2024-12-12 02:40:00,2.0254505,True,1.8495,Latency Anomaly
2024-12-12 02:45:00,2.0510156,True,1.8495,Latency Anomaly
2024-12-12 02:50:00,2.0928407,True,1.8495,Latency Anomaly
2024-12-12 02:55:00,2.107956,True,1.8495,Latency Anomaly
2024-12-12 03:00:00,2.1203592,True,1.8495,Latency Anomaly
2024-12-12 03:05:00,2.1337523,True,1.8495,Latency Anomaly
2024-12-12 03:10:00,2.1404662,True,1.8495,Latency Anomaly
2024-12-12 03:15:00,2.1933088,True,1.8495,Latency Anomaly
2024-12-12 03:20:00,2.2139041,True,1.8495,Latency Anomaly
2024-12-12 03:25:00,2.26773,True,1.8495,Latency Anomaly
2024-12-12 03:30:00,2.297978,True,1.8495,Latency Anomaly
2024-12-12 03:35:00,2.3094468,True,1.8495,Latency Anomaly
2024-12-12 03:40:00,2.332811,True,1.8495,Latency Anomaly
2024-12-12 03:45:00,2.3486989,True,1.8495,Latency Anomaly
2024-12-12 03:50:00,2.3576915,True,1.8495,Latency Anomaly
2024-12-12 03:55:00,2.3642251,True,1.8495,Latency Anomaly
2024-12-12 04:00:00,2.3702993,True,1.8495,Latency Anomaly
2024-12-12 04:05:00,2.3837507,True,1.8495,Latency Anomaly
2024-12-12 04:10:00,2.3853443,True,1.8495,Latency Anomaly
2024-12-12 04:15:00,2.3898714,True,1.8495,Latency Anomaly
2024-12-12 04:20:00,2.4101903,True,1.8495,Latency Anomaly
2024-12-12 04:25:00,2.3967457,True,1.8495,Latency Anomaly
2024-12-12 04:30:00,2.407457,True,1.8495,Latency Anomaly
2024-12-12 04:35:00,2.4144492,True,1.8495,Latency Anomaly
2024-12-12 04:40:00,2.437437,True,1.8495,Latency Anomaly
2024-12-12 04:45:00,2.4372497,True,1.8495,Latency Anomaly
2024-12-12 04:50:00,2.4416625,True,1.8495,Latency Anomaly
2024-12-12 04:55:00,2.4504473,True,1.8495,Latency Anomaly
2024-12-12 05:00:00,2.4509835,True,1.8495,Latency Anomaly
2024-12-12 05:05:00,2.456529,True,1.8495,Latency Anomaly
2024-12-12 05:10:00,2.4725957,True,1.8495,Latency Anomaly
2024-12-12 05:15:00,2.4856272,True,1.8495,Latency Anomaly
2024-12-12 05:20:00,2.4843237,True,1.8495,Latency Anomaly
2024-12-12 05:25:00,2.4857075,True,1.8495,Latency Anomaly
2024-12-12 05:30:00,2.4854162,True,1.8495,Latency Anomaly
2024-12-12 05:35:00,2.4844534,True,1.8495,Latency Anomaly
2024-12-12 05:40:00,2.487268,True,1.8495,Latency Anomaly
2024-12-12 05:45:00,2.4844365,True,1.8495,Latency Anomaly
2024-12-12 05:50:00,2.4796832,True,1.8495,Latency Anomaly
2024-12-12 05:55:00,2.4782646,True,1.8495,Latency Anomaly
2024-12-12 06:00:00,2.472298,True,1.8495,Latency Anomaly
2024-12-12 06:05:00,2.4745078,True,1.8495,Latency Anomaly
2024-12-12 06:10:00,2.4679587,True,1.8495,Latency Anomaly
2024-12-12 06:15:00,2.4647405,True,1.8495,Latency Anomaly
2024-12-12 06:20:00,2.4612155,True,1.8495,Latency Anomaly
2024-12-12 06:25:00,2.4474428,True,1.8495,Latency Anomaly
2024-12-12 06:30:00,2.4377232,True,1.8495,Latency Anomaly
2024-12-12 06:35:00,2.425061,True,1.8495,Latency Anomaly
2024-12-12 06:40:00,2.4175198,True,1.8495,Latency Anomaly
2024-12-12 06:45:00,2.4082398,True,1.8495,Latency Anomaly
2024-12-12 06:50:00,2.383818,True,1.8495,Latency Anomaly
2024-12-12 06:55:00,2.3733172,True,1.8495,Latency Anomaly
2024-12-12 07:00:00,2.3525667,True,1.8495,Latency Anomaly
2024-12-12 07:05:00,2.3252356,True,1.8495,Latency Anomaly
2024-12-12 07:10:00,2.3140275,True,1.8495,Latency Anomaly
2024-12-12 07:15:00,2.311818,True,1.8495,Latency Anomaly
2024-12-12 07:20:00,2.3053904,True,1.8495,Latency Anomaly
2024-12-12 07:25:00,2.297408,True,1.8495,Latency Anomaly
2024-12-12 07:30:00,2.2841773,True,1.8495,Latency Anomaly
2024-12-12 07:35:00,2.2483027,True,1.8495,Latency Anomaly
2024-12-12 07:40:00,2.2162788,True,1.8495,Latency Anomaly
2024-12-12 07:45:00,2.185832,True,1.8495,Latency Anomaly
2024-12-12 07:50:00,2.1810663,True,1.8495,Latency Anomaly
2024-12-12 07:55:00,2.1814163,True,1.8495,Latency Anomaly
2024-12-12 08:00:00,2.1746051,True,1.8495,Latency Anomaly
2024-12-12 08:05:00,2.1103687,True,1.8495,Latency Anomaly
2024-12-12 08:10:00,2.0918772,True,1.8495,Latency Anomaly
2024-12-12 08:15:00,2.085269,True,1.8495,Latency Anomaly
2024-12-12 08:20:00,2.0737276,True,1.8495,Latency Anomaly
2024-12-12 08:25:00,2.063278,True,1.8495,Latency Anomaly
2024-12-12 08:30:00,2.040487,True,1.8495,Latency Anomaly
2024-12-12 08:35:00,2.029628,True,1.8495,Latency Anomaly
2024-12-12 08:40:00,2.0140955,True,1.8495,Latency Anomaly
2024-12-12 08:45:00,1.9863853,True,1.8495,Latency Anomaly
2024-12-12 08:50:00,1.951346,True,1.8495,Latency Anomaly
2024-12-12 08:55:00,1.9276347,True,1.8495,Latency Anomaly
2024-12-12 09:00:00,1.9232583,True,1.8495,Latency Anomaly
2024-12-12 09:05:00,1.9121861,True,1.8495,Latency Anomaly
2024-12-12 09:10:00,1.9031298,True,1.8495,Latency Anomaly
2024-12-12 09:15:00,1.8523315,True,1.8495,Latency Anomaly
2024-12-12 13:30:00,1.8568898,True,1.8495,Latency Anomaly
2024-12-12 13:35:00,1.8741623,True,1.8495,Latency Anomaly
2024-12-12 13:40:00,1.8959085,True,1.8495,Latency Anomaly
2024-12-12 13:45:00,1.9117649,True,1.8495,Latency Anomaly
2024-12-12 13:50:00,1.9344504,True,1.8495,Latency Anomaly
2024-12-12 13:55:00,1.9493041,True,1.8495,Latency Anomaly
2024-12-12 14:00:00,1.9631695,True,1.8495,Latency Anomaly
2024-12-12 14:05:00,1.9796908,True,1.8495,Latency Anomaly
2024-12-12 14:10:00,1.9971607,True,1.8495,Latency Anomaly
2024-12-12 14:15:00,2.009968,True,1.8495,Latency Anomaly
2024-12-12 14:20:00,2.023083,True,1.8495,Latency Anomaly
2024-12-12 14:25:00,2.037638,True,1.8495,Latency Anomaly
2024-12-12 14:30:00,2.0532398,True,1.8495,Latency Anomaly
2024-12-12 14:35:00,2.0709865,True,1.8495,Latency Anomaly
2024-12-12 14:40:00,2.0931284,True,1.8495,Latency Anomaly
2024-12-12 14:45:00,2.115725,True,1.8495,Latency Anomaly
2024-12-12 14:50:00,2.1338868,True,1.8495,Latency Anomaly
2024-12-12 14:55:00,2.1549978,True,1.8495,Latency Anomaly
2024-12-12 15:00:00,2.1592126,True,1.8495,Latency Anomaly
2024-12-12 15:05:00,2.1735833,True,1.8495,Latency Anomaly
2024-12-12 15:10:00,2.191661,True,1.8495,Latency Anomaly
2024-12-12 15:15:00,2.1999335,True,1.8495,Latency Anomaly
2024-12-12 15:20:00,2.2159967,True,1.8495,Latency Anomaly
2024-12-12 15:25:00,2.2237153,True,1.8495,Latency Anomaly
2024-12-12 15:30:00,2.231566,True,1.8495,Latency Anomaly
2024-12-12 15:35:00,2.2459166,True,1.8495,Latency Anomaly
2024-12-12 15:40:00,2.2621522,True,1.8495,Latency Anomaly
2024-12-12 15:45:00,2.275208,True,1.8495,Latency Anomaly
2024-12-12 15:50:00,2.2896595,True,1.8495,Latency Anomaly
2024-12-12 15:55:00,2.3067484,True,1.8495,Latency Anomaly
2024-12-12 16:00:00,2.3205793,True,1.8495,Latency Anomaly
2024-12-12 16:05:00,2.3238468,True,1.8495,Latency Anomaly
2024-12-12 16:10:00,2.3378057,True,1.8495,Latency Anomaly
2024-12-12 16:15:00,2.3410964,True,1.8495,Latency Anomaly
2024-12-12 16:20:00,2.3553917,True,1.8495,Latency Anomaly
2024-12-12 16:25:00,2.3641703,True,1.8495,Latency Anomaly
2024-12-12 16:30:00,2.3864112,True,1.8495,Latency Anomaly
2024-12-12 16:35:00,2.3935652,True,1.8495,Latency Anomaly
2024-12-12 16:40:00,2.401819,True,1.8495,Latency Anomaly
2024-12-12 16:45:00,2.412865,True,1.8495,Latency Anomaly
2024-12-12 16:50:00,2.4248219,True,1.8495,Latency Anomaly
2024-12-12 16:55:00,2.4301775,True,1.8495,Latency Anomaly
2024-12-12 17:00:00,2.4380822,True,1.8495,Latency Anomaly
2024-12-12 17:05:00,2.4407864,True,1.8495,Latency Anomaly
2024-12-12 17:10:00,2.4491537,True,1.8495,Latency Anomaly
2024-12-12 17:15:00,2.4534662,True,1.8495,Latency Anomaly
2024-12-12 17:20:00,2.4562273,True,1.8495,Latency Anomaly
2024-12-12 17:25:00,2.4546208,True,1.8495,Latency Anomaly
2024-12-12 17:30:00,2.4570324,True,1.8495,Latency Anomaly
2024-12-12 17:35:00,2.4650066,True,1.8495,Latency Anomaly
2024-12-12 17:40:00,2.4604347,True,1.8495,Latency Anomaly
2024-12-12 17:45:00,2.4501624,True,1.8495,Latency Anomaly
2024-12-12 17:50:00,2.459873,True,1.8495,Latency Anomaly
2024-12-12 17:55:00,2.4553761,True,1.8495,Latency Anomaly
2024-12-12 18:00:00,2.4446037,True,1.8495,Latency Anomaly
2024-12-12 18:05:00,2.4368558,True,1.8495,Latency Anomaly
2024-12-12 18:10:00,2.4313018,True,1.8495,Latency Anomaly
2024-12-12 18:15:00,2.4253087,True,1.8495,Latency Anomaly
2024-12-12 18:20:00,2.4293323,True,1.8495,Latency Anomaly
2024-12-12 18:25:00,2.425563,True,1.8495,Latency Anomaly
2024-12-12 18:30:00,2.415102,True,1.8495,Latency Anomaly
2024-12-12 18:35:00,2.406007,True,1.8495,Latency Anomaly
2024-12-12 18:40:00,2.3788497,True,1.8495,Latency Anomaly
2024-12-12 18:45:00,2.3699672,True,1.8495,Latency Anomaly
2024-12-12 18:50:00,2.3615744,True,1.8495,Latency Anomaly
2024-12-12 18:55:00,2.362129,True,1.8495,Latency Anomaly
2024-12-12 19:00:00,2.3491728,True,1.8495,Latency Anomaly
2024-12-12 19:05:00,2.3364713,True,1.8495,Latency Anomaly
2024-12-12 19:10:00,2.3272018,True,1.8495,Latency Anomaly
2024-12-12 19:15:00,2.3066285,True,1.8495,Latency Anomaly
2024-12-12 19:20:00,2.2913146,True,1.8495,Latency Anomaly
2024-12-12 19:25:00,2.2804332,True,1.8495,Latency Anomaly
2024-12-12 19:30:00,2.2945929,True,1.8495,Latency Anomaly
2024-12-12 19:35:00,2.279087,True,1.8495,Latency Anomaly
2024-12-12 19:40:00,2.2670171,True,1.8495,Latency Anomaly
2024-12-12 19:45:00,2.2550843,True,1.8495,Latency Anomaly
2024-12-12 19:50:00,2.2338445,True,1.8495,Latency Anomaly
2024-12-12 19:55:00,2.213082,True,1.8495,Latency Anomaly
2024-12-12 20:00:00,2.2011213,True,1.8495,Latency Anomaly
2024-12-12 20:05:00,2.18421,True,1.8495,Latency Anomaly
2024-12-12 20:10:00,2.1664588,True,1.8495,Latency Anomaly
2024-12-12 20:15:00,2.1547348,True,1.8495,Latency Anomaly
2024-12-12 20:20:00,2.1387067,True,1.8495,Latency Anomaly
2024-12-12 20:25:00,2.122727,True,1.8495,Latency Anomaly
2024-12-12 20:30:00,2.1034138,True,1.8495,Latency Anomaly
2024-12-12 20:35:00,2.0812378,True,1.8495,Latency Anomaly
2024-12-12 20:40:00,2.0568805,True,1.8495,Latency Anomaly
2024-12-12 20:45:00,2.0384579,True,1.8495,Latency Anomaly
2024-12-12 20:50:00,2.0155134,True,1.8495,Latency Anomaly
2024-12-12 20:55:00,1.9926207,True,1.8495,Latency Anomaly
2024-12-12 21:00:00,1.9742956,True,1.8495,Latency Anomaly
2024-12-12 21:05:00,1.9596674,True,1.8495,Latency Anomaly
2024-12-12 21:10:00,1.950752,True,1.8495,Latency Anomaly
2024-12-12 21:15:00,1.9350649,True,1.8495,Latency Anomaly
2024-12-12 21:20:00,1.921596,True,1.8495,Latency Anomaly
2024-12-12 21:25:00,1.909397,True,1.8495,Latency Anomaly
2024-12-12 21:30:00,1.9073038,True,1.8495,Latency Anomaly
2024-12-12 21:35:00,1.8919666,True,1.8495,Latency Anomaly
2024-12-12 21:40:00,1.8830613,True,1.8495,Latency Anomaly
2024-12-12 21:45:00,1.8624464,True,1.8495,Latency Anomaly
2024-12-13 01:35:00,1.8508366,True,1.8495,Latency Anomaly
2024-12-13 01:40:00,1.8701204,True,1.8495,Latency Anomaly
2024-12-13 01:45:00,1.8808295,True,1.8495,Latency Anomaly
2024-12-13 01:50:00,1.8853822,True,1.8495,Latency Anomaly
2024-12-13 01:55:00,1.9068081,True,1.8495,Latency Anomaly
2024-12-13 02:00:00,1.9144771,True,1.8495,Latency Anomaly
2024-12-13 02:05:00,1.9281332,True,1.8495,Latency Anomaly
2024-12-13 02:10:00,1.9353073,True,1.8495,Latency Anomaly
2024-12-13 02:15:00,1.9659661,True,1.8495,Latency Anomaly
2024-12-13 02:20:00,2.0491722,True,1.8495,Latency Anomaly
2024-12-13 02:25:00,2.0835526,True,1.8495,Latency Anomaly
2024-12-13 02:30:00,2.1001267,True,1.8495,Latency Anomaly
2024-12-13 02:35:00,2.1377308,True,1.8495,Latency Anomaly
2024-12-13 02:40:00,2.1435087,True,1.8495,Latency Anomaly
2024-12-13 02:45:00,2.1730678,True,1.8495,Latency Anomaly
2024-12-13 02:50:00,2.2007565,True,1.8495,Latency Anomaly
2024-12-13 02:55:00,2.240199,True,1.8495,Latency Anomaly
2024-12-13 03:00:00,2.2511215,True,1.8495,Latency Anomaly
2024-12-13 03:05:00,2.286894,True,1.8495,Latency Anomaly
2024-12-13 03:10:00,2.3054566,True,1.8495,Latency Anomaly
2024-12-13 03:15:00,2.322691,True,1.8495,Latency Anomaly
2024-12-13 03:20:00,2.3417537,True,1.8495,Latency Anomaly
2024-12-13 03:25:00,2.3767695,True,1.8495,Latency Anomaly
2024-12-13 03:30:00,2.3717427,True,1.8495,Latency Anomaly
2024-12-13 03:35:00,2.3797808,True,1.8495,Latency Anomaly
2024-12-13 03:40:00,2.4003766,True,1.8495,Latency Anomaly
2024-12-13 03:45:00,2.4416065,True,1.8495,Latency Anomaly
2024-12-13 03:50:00,2.4567695,True,1.8495,Latency Anomaly
2024-12-13 03:55:00,2.47483,True,1.8495,Latency Anomaly
2024-12-13 04:00:00,2.4912012,True,1.8495,Latency Anomaly
2024-12-13 04:05:00,2.4939609,True,1.8495,Latency Anomaly
2024-12-13 04:10:00,2.51491,True,1.8495,Latency Anomaly
2024-12-13 04:15:00,2.5158,True,1.8495,Latency Anomaly
2024-12-13 04:20:00,2.5178392,True,1.8495,Latency Anomaly
2024-12-13 04:25:00,2.5195625,True,1.8495,Latency Anomaly
2024-12-13 04:30:00,2.5226128,True,1.8495,Latency Anomaly
2024-12-13 04:35:00,2.5412142,True,1.8495,Latency Anomaly
2024-12-13 04:40:00,2.5405982,True,1.8495,Latency Anomaly
2024-12-13 04:45:00,2.5529401,True,1.8495,Latency Anomaly
2024-12-13 04:50:00,2.565491,True,1.8495,Latency Anomaly
2024-12-13 04:55:00,2.56411,True,1.8495,Latency Anomaly
2024-12-13 05:00:00,2.5597243,True,1.8495,Latency Anomaly
2024-12-13 05:05:00,2.5539882,True,1.8495,Latency Anomaly
2024-12-13 05:10:00,2.5599353,True,1.8495,Latency Anomaly
2024-12-13 05:15:00,2.5626273,True,1.8495,Latency Anomaly
2024-12-13 05:20:00,2.5454118,True,1.8495,Latency Anomaly
2024-12-13 05:25:00,2.539858,True,1.8495,Latency Anomaly
2024-12-13 05:30:00,2.547567,True,1.8495,Latency Anomaly
2024-12-13 05:35:00,2.542479,True,1.8495,Latency Anomaly
2024-12-13 05:40:00,2.5464678,True,1.8495,Latency Anomaly
2024-12-13 05:45:00,2.544813,True,1.8495,Latency Anomaly
2024-12-13 05:50:00,2.5615745,True,1.8495,Latency Anomaly
2024-12-13 05:55:00,2.5537724,True,1.8495,Latency Anomaly
2024-12-13 06:00:00,2.5387313,True,1.8495,Latency Anomaly
2024-12-13 06:05:00,2.530138,True,1.8495,Latency Anomaly
2024-12-13 06:10:00,2.5187182,True,1.8495,Latency Anomaly
2024-12-13 06:15:00,2.503705,True,1.8495,Latency Anomaly
2024-12-13 06:20:00,2.4985316,True,1.8495,Latency Anomaly
2024-12-13 06:25:00,2.5006847,True,1.8495,Latency Anomaly
2024-12-13 06:30:00,2.4923918,True,1.8495,Latency Anomaly
2024-12-13 06:35:00,2.4478753,True,1.8495,Latency Anomaly
2024-12-13 06:40:00,2.4404862,True,1.8495,Latency Anomaly
2024-12-13 06:45:00,2.4348414,True,1.8495,Latency Anomaly
2024-12-13 06:50:00,2.4203637,True,1.8495,Latency Anomaly
2024-12-13 06:55:00,2.4143953,True,1.8495,Latency Anomaly
2024-12-13 07:00:00,2.401645,True,1.8495,Latency Anomaly
2024-12-13 07:05:00,2.3485613,True,1.8495,Latency Anomaly
2024-12-13 07:10:00,2.3244505,True,1.8495,Latency Anomaly
2024-12-13 07:15:00,2.2864873,True,1.8495,Latency Anomaly
2024-12-13 07:20:00,2.275748,True,1.8495,Latency Anomaly
2024-12-13 07:25:00,2.2668312,True,1.8495,Latency Anomaly
2024-12-13 07:30:00,2.2161622,True,1.8495,Latency Anomaly
2024-12-13 07:35:00,2.1896617,True,1.8495,Latency Anomaly
2024-12-13 07:40:00,2.1679232,True,1.8495,Latency Anomaly
2024-12-13 07:45:00,2.1563601,True,1.8495,Latency Anomaly
2024-12-13 07:50:00,2.1490457,True,1.8495,Latency Anomaly
2024-12-13 07:55:00,2.126176,True,1.8495,Latency Anomaly
2024-12-13 08:00:00,2.1116498,True,1.8495,Latency Anomaly
2024-12-13 08:05:00,2.0911908,True,1.8495,Latency Anomaly
2024-12-13 08:10:00,2.0796404,True,1.8495,Latency Anomaly
2024-12-13 08:15:00,2.0494761,True,1.8495,Latency Anomaly
2024-12-13 08:20:00,1.9659394,True,1.8495,Latency Anomaly
2024-12-13 08:25:00,1.9313866,True,1.8495,Latency Anomaly
2024-12-13 08:30:00,1.9191071,True,1.8495,Latency Anomaly
2024-12-13 08:35:00,1.8801506,True,1.8495,Latency Anomaly
2024-12-13 08:40:00,1.8765134,True,1.8495,Latency Anomaly
2024-12-13 08:45:00,1.8509024,True,1.8495,Latency Anomaly
2024-12-13 13:30:00,1.8612763,True,1.8495,Latency Anomaly
2024-12-13 13:35:00,1.8702822,True,1.8495,Latency Anomaly
2024-12-13 13:40:00,1.8906859,True,1.8495,Latency Anomaly
2024-12-13 13:45:00,1.9040715,True,1.8495,Latency Anomaly
2024-12-13 13:50:00,1.9203473,True,1.8495,Latency Anomaly
2024-12-13 13:55:00,1.9360389,True,1.8495,Latency Anomaly
2024-12-13 14:00:00,1.957169,True,1.8495,Latency Anomaly
2024-12-13 14:05:00,1.9747592,True,1.8495,Latency Anomaly
2024-12-13 14:10:00,1.9946734,True,1.8495,Latency Anomaly
2024-12-13 14:15:00,2.0096066,True,1.8495,Latency Anomaly
2024-12-13 14:20:00,2.0249968,True,1.8495,Latency Anomaly
2024-12-13 14:25:00,2.0408776,True,1.8495,Latency Anomaly
2024-12-13 14:30:00,2.058703,True,1.8495,Latency Anomaly
2024-12-13 14:35:00,2.0741897,True,1.8495,Latency Anomaly
2024-12-13 14:40:00,2.0874534,True,1.8495,Latency Anomaly
2024-12-13 14:45:00,2.0999534,True,1.8495,Latency Anomaly
2024-12-13 14:50:00,2.1181412,True,1.8495,Latency Anomaly
2024-12-13 14:55:00,2.1328535,True,1.8495,Latency Anomaly
2024-12-13 15:00:00,2.1508143,True,1.8495,Latency Anomaly
2024-12-13 15:05:00,2.1536639,True,1.8495,Latency Anomaly
2024-12-13 15:10:00,2.1643357,True,1.8495,Latency Anomaly
2024-12-13 15:15:00,2.1803012,True,1.8495,Latency Anomaly
2024-12-13 15:20:00,2.1834352,True,1.8495,Latency Anomaly
2024-12-13 15:25:00,2.1806548,True,1.8495,Latency Anomaly
2024-12-13 15:30:00,2.1895444,True,1.8495,Latency Anomaly
2024-12-13 15:35:00,2.205488,True,1.8495,Latency Anomaly
2024-12-13 15:40:00,2.2172143,True,1.8495,Latency Anomaly
2024-12-13 15:45:00,2.2339253,True,1.8495,Latency Anomaly
2024-12-13 15:50:00,2.2419415,True,1.8495,Latency Anomaly
2024-12-13 15:55:00,2.2585106,True,1.8495,Latency Anomaly
2024-12-13 16:00:00,2.2579436,True,1.8495,Latency Anomaly
2024-12-13 16:05:00,2.2659042,True,1.8495,Latency Anomaly
2024-12-13 16:10:00,2.2816207,True,1.8495,Latency Anomaly
2024-12-13 16:15:00,2.2881272,True,1.8495,Latency Anomaly
2024-12-13 16:20:00,2.2884831,True,1.8495,Latency Anomaly
2024-12-13 16:25:00,2.3068364,True,1.8495,Latency Anomaly
2024-12-13 16:30:00,2.3124783,True,1.8495,Latency Anomaly
2024-12-13 16:35:00,2.3167467,True,1.8495,Latency Anomaly
2024-12-13 16:40:00,2.3124719,True,1.8495,Latency Anomaly
2024-12-13 16:45:00,2.322889,True,1.8495,Latency Anomaly
2024-12-13 16:50:00,2.3336985,True,1.8495,Latency Anomaly
2024-12-13 16:55:00,2.34382,True,1.8495,Latency Anomaly
2024-12-13 17:00:00,2.3432622,True,1.8495,Latency Anomaly
2024-12-13 17:05:00,2.348614,True,1.8495,Latency Anomaly
2024-12-13 17:10:00,2.3464122,True,1.8495,Latency Anomaly
2024-12-13 17:15:00,2.3481195,True,1.8495,Latency Anomaly
2024-12-13 17:20:00,2.3463023,True,1.8495,Latency Anomaly
2024-12-13 17:25:00,2.3474953,True,1.8495,Latency Anomaly
2024-12-13 17:30:00,2.3461003,True,1.8495,Latency Anomaly
2024-12-13 17:35:00,2.3456633,True,1.8495,Latency Anomaly
2024-12-13 17:40:00,2.3489208,True,1.8495,Latency Anomaly
2024-12-13 17:45:00,2.356605,True,1.8495,Latency Anomaly
2024-12-13 17:50:00,2.359791,True,1.8495,Latency Anomaly
2024-12-13 17:55:00,2.3527815,True,1.8495,Latency Anomaly
2024-12-13 18:00:00,2.3504932,True,1.8495,Latency Anomaly
2024-12-13 18:05:00,2.3424792,True,1.8495,Latency Anomaly
2024-12-13 18:10:00,2.3330445,True,1.8495,Latency Anomaly
2024-12-13 18:15:00,2.3273704,True,1.8495,Latency Anomaly
2024-12-13 18:20:00,2.315446,True,1.8495,Latency Anomaly
2024-12-13 18:25:00,2.3118355,True,1.8495,Latency Anomaly
2024-12-13 18:30:00,2.3037329,True,1.8495,Latency Anomaly
2024-12-13 18:35:00,2.299882,True,1.8495,Latency Anomaly
2024-12-13 18:40:00,2.2977636,True,1.8495,Latency Anomaly
2024-12-13 18:45:00,2.290261,True,1.8495,Latency Anomaly
2024-12-13 18:50:00,2.2922354,True,1.8495,Latency Anomaly
2024-12-13 18:55:00,2.2916856,True,1.8495,Latency Anomaly
2024-12-13 19:00:00,2.276113,True,1.8495,Latency Anomaly
2024-12-13 19:05:00,2.2665908,True,1.8495,Latency Anomaly
2024-12-13 19:10:00,2.2560363,True,1.8495,Latency Anomaly
2024-12-13 19:15:00,2.2495823,True,1.8495,Latency Anomaly
2024-12-13 19:20:00,2.2383773,True,1.8495,Latency Anomaly
2024-12-13 19:25:00,2.2319155,True,1.8495,Latency Anomaly
2024-12-13 19:30:00,2.221255,True,1.8495,Latency Anomaly
2024-12-13 19:35:00,2.218793,True,1.8495,Latency Anomaly
2024-12-13 19:40:00,2.2024434,True,1.8495,Latency Anomaly
2024-12-13 19:45:00,2.1896555,True,1.8495,Latency Anomaly
2024-12-13 19:50:00,2.1767278,True,1.8495,Latency Anomaly
2024-12-13 19:55:00,2.1717508,True,1.8495,Latency Anomaly
2024-12-13 20:00:00,2.1501322,True,1.8495,Latency Anomaly
2024-12-13 20:05:00,2.131513,True,1.8495,Latency Anomaly
2024-12-13 20:10:00,2.1178942,True,1.8495,Latency Anomaly
2024-12-13 20:15:00,2.0960176,True,1.8495,Latency Anomaly
2024-12-13 20:20:00,2.089756,True,1.8495,Latency Anomaly
2024-12-13 20:25:00,2.075245,True,1.8495,Latency Anomaly
2024-12-13 20:30:00,2.0522654,True,1.8495,Latency Anomaly
2024-12-13 20:35:00,2.0434484,True,1.8495,Latency Anomaly
2024-12-13 20:40:00,2.0267525,True,1.8495,Latency Anomaly
2024-12-13 20:45:00,2.0070598,True,1.8495,Latency Anomaly
2024-12-13 20:50:00,1.9861742,True,1.8495,Latency Anomaly
2024-12-13 20:55:00,1.963665,True,1.8495,Latency Anomaly
2024-12-13 21:00:00,1.9468758,True,1.8495,Latency Anomaly
2024-12-13 21:05:00,1.9326701,True,1.8495,Latency Anomaly
2024-12-13 21:10:00,1.9138844,True,1.8495,Latency Anomaly
2024-12-13 21:15:00,1.8979574,True,1.8495,Latency Anomaly
2024-12-13 21:20:00,1.887749,True,1.8495,Latency Anomaly
2024-12-13 21:25:00,1.8752797,True,1.8495,Latency Anomaly
2024-12-13 21:30:00,1.8550212,True,1.8495,Latency Anomaly
2024-12-14 01:10:00,1.854527,True,1.8495,Latency Anomaly
2024-12-14 01:15:00,1.8862553,True,1.8495,Latency Anomaly
2024-12-14 01:20:00,1.9196472,True,1.8495,Latency Anomaly
2024-12-14 01:25:00,1.9333143,True,1.8495,Latency Anomaly
2024-12-14 01:30:00,1.9627496,True,1.8495,Latency Anomaly
2024-12-14 01:35:00,1.9902924,True,1.8495,Latency Anomaly
2024-12-14 01:40:00,2.000052,True,1.8495,Latency Anomaly
2024-12-14 01:45:00,2.0115411,True,1.8495,Latency Anomaly
2024-12-14 01:50:00,2.0565906,True,1.8495,Latency Anomaly
2024-12-14 01:55:00,2.0590613,True,1.8495,Latency Anomaly
2024-12-14 02:00:00,2.0832396,True,1.8495,Latency Anomaly
2024-12-14 02:05:00,2.1328602,True,1.8495,Latency Anomaly
2024-12-14 02:10:00,2.1677325,True,1.8495,Latency Anomaly
2024-12-14 02:15:00,2.1821249,True,1.8495,Latency Anomaly
2024-12-14 02:20:00,2.1884515,True,1.8495,Latency Anomaly
2024-12-14 02:25:00,2.2173598,True,1.8495,Latency Anomaly
2024-12-14 02:30:00,2.2339046,True,1.8495,Latency Anomaly
2024-12-14 02:35:00,2.2630482,True,1.8495,Latency Anomaly
2024-12-14 02:40:00,2.3677611,True,1.8495,Latency Anomaly
2024-12-14 02:45:00,2.4046748,True,1.8495,Latency Anomaly
2024-12-14 02:50:00,2.4369826,True,1.8495,Latency Anomaly
2024-12-14 02:55:00,2.469999,True,1.8495,Latency Anomaly
2024-12-14 03:00:00,2.5003388,True,1.8495,Latency Anomaly
2024-12-14 03:05:00,2.5295618,True,1.8495,Latency Anomaly
2024-12-14 03:10:00,2.5463843,True,1.8495,Latency Anomaly
2024-12-14 03:15:00,2.5555055,True,1.8495,Latency Anomaly
2024-12-14 03:20:00,2.576974,True,1.8495,Latency Anomaly
2024-12-14 03:25:00,2.6101692,True,1.8495,Latency Anomaly
2024-12-14 03:30:00,2.61789,True,1.8495,Latency Anomaly
2024-12-14 03:35:00,2.6259646,True,1.8495,Latency Anomaly
2024-12-14 03:40:00,2.668777,True,1.8495,Latency Anomaly
2024-12-14 03:45:00,2.6620314,True,1.8495,Latency Anomaly
2024-12-14 03:50:00,2.6822088,True,1.8495,Latency Anomaly
2024-12-14 03:55:00,2.7190027,True,1.8495,Latency Anomaly
2024-12-14 04:00:00,2.7240775,True,1.8495,Latency Anomaly
2024-12-14 04:05:00,2.7681875,True,1.8495,Latency Anomaly
2024-12-14 04:10:00,2.7808359,True,1.8495,Latency Anomaly
2024-12-14 04:15:00,2.7894177,True,1.8495,Latency Anomaly
2024-12-14 04:20:00,2.8285155,True,1.8495,Latency Anomaly
2024-12-14 04:25:00,2.875061,True,1.8495,Latency Anomaly
2024-12-14 04:30:00,2.8929987,True,1.8495,Latency Anomaly
2024-12-14 04:35:00,2.9048338,True,1.8495,Latency Anomaly
2024-12-14 04:40:00,2.9350975,True,1.8495,Latency Anomaly
2024-12-14 04:45:00,2.9374309,True,1.8495,Latency Anomaly
2024-12-14 04:50:00,2.9327464,True,1.8495,Latency Anomaly
2024-12-14 04:55:00,2.9415455,True,1.8495,Latency Anomaly
2024-12-14 05:00:00,2.934272,True,1.8495,Latency Anomaly
2024-12-14 05:05:00,2.9478884,True,1.8495,Latency Anomaly
2024-12-14 05:10:00,2.941554,True,1.8495,Latency Anomaly
2024-12-14 05:15:00,2.9548678,True,1.8495,Latency Anomaly
2024-12-14 05:20:00,2.963636,True,1.8495,Latency Anomaly
2024-12-14 05:25:00,2.9613006,True,1.8495,Latency Anomaly
2024-12-14 05:30:00,2.9439538,True,1.8495,Latency Anomaly
2024-12-14 05:35:00,2.9403894,True,1.8495,Latency Anomaly
2024-12-14 05:40:00,2.9272833,True,1.8495,Latency Anomaly
2024-12-14 05:45:00,2.9275558,True,1.8495,Latency Anomaly
2024-12-14 05:50:00,2.954496,True,1.8495,Latency Anomaly
2024-12-14 05:55:00,2.9392462,True,1.8495,Latency Anomaly
2024-12-14 06:00:00,2.944443,True,1.8495,Latency Anomaly
2024-12-14 06:05:00,2.9344082,True,1.8495,Latency Anomaly
2024-12-14 06:10:00,2.9331186,True,1.8495,Latency Anomaly
2024-12-14 06:15:00,2.9351454,True,1.8495,Latency Anomaly
2024-12-14 06:20:00,2.9025483,True,1.8495,Latency Anomaly
2024-12-14 06:25:00,2.905688,True,1.8495,Latency Anomaly
2024-12-14 06:30:00,2.9030445,True,1.8495,Latency Anomaly
2024-12-14 06:35:00,2.8880925,True,1.8495,Latency Anomaly
2024-12-14 06:40:00,2.843764,True,1.8495,Latency Anomaly
2024-12-14 06:45:00,2.8364706,True,1.8495,Latency Anomaly
2024-12-14 06:50:00,2.8157501,True,1.8495,Latency Anomaly
2024-12-14 06:55:00,2.7958996,True,1.8495,Latency Anomaly
2024-12-14 07:00:00,2.757705,True,1.8495,Latency Anomaly
2024-12-14 07:05:00,2.7275634,True,1.8495,Latency Anomaly
2024-12-14 07:10:00,2.705024,True,1.8495,Latency Anomaly
2024-12-14 07:15:00,2.667736,True,1.8495,Latency Anomaly
2024-12-14 07:20:00,2.6345196,True,1.8495,Latency Anomaly
2024-12-14 07:25:00,2.609696,True,1.8495,Latency Anomaly
2024-12-14 07:30:00,2.5848076,True,1.8495,Latency Anomaly
2024-12-14 07:35:00,2.559647,True,1.8495,Latency Anomaly
2024-12-14 07:40:00,2.542537,True,1.8495,Latency Anomaly
2024-12-14 07:45:00,2.5271196,True,1.8495,Latency Anomaly
2024-12-14 07:50:00,2.4806821,True,1.8495,Latency Anomaly
2024-12-14 07:55:00,2.4784136,True,1.8495,Latency Anomaly
2024-12-14 08:00:00,2.4533617,True,1.8495,Latency Anomaly
2024-12-14 08:05:00,2.4090407,True,1.8495,Latency Anomaly
2024-12-14 08:10:00,2.3726013,True,1.8495,Latency Anomaly
2024-12-14 08:15:00,2.3614368,True,1.8495,Latency Anomaly
2024-12-14 08:20:00,2.3547301,True,1.8495,Latency Anomaly
2024-12-14 08:25:00,2.328853,True,1.8495,Latency Anomaly
2024-12-14 08:30:00,2.3146574,True,1.8495,Latency Anomaly
2024-12-14 08:35:00,2.2829056,True,1.8495,Latency Anomaly
2024-12-14 08:40:00,2.1750815,True,1.8495,Latency Anomaly
2024-12-14 08:45:00,2.156405,True,1.8495,Latency Anomaly
2024-12-14 08:50:00,2.1269073,True,1.8495,Latency Anomaly
2024-12-14 08:55:00,2.1197505,True,1.8495,Latency Anomaly
2024-12-14 09:00:00,2.0873108,True,1.8495,Latency Anomaly
2024-12-14 09:05:00,2.0562623,True,1.8495,Latency Anomaly
2024-12-14 09:10:00,2.049216,True,1.8495,Latency Anomaly
2024-12-14 09:15:00,2.0437782,True,1.8495,Latency Anomaly
2024-12-14 09:20:00,2.0219755,True,1.8495,Latency Anomaly
2024-12-14 09:25:00,1.9882603,True,1.8495,Latency Anomaly
2024-12-14 09:30:00,1.9830115,True,1.8495,Latency Anomaly
2024-12-14 09:35:00,1.9792279,True,1.8495,Latency Anomaly
2024-12-14 09:40:00,1.9422108,True,1.8495,Latency Anomaly
2024-12-14 09:45:00,1.9338372,True,1.8495,Latency Anomaly
2024-12-14 09:50:00,1.911003,True,1.8495,Latency Anomaly
2024-12-14 09:55:00,1.8744498,True,1.8495,Latency Anomaly
2024-12-14 10:00:00,1.8673556,True,1.8495,Latency Anomaly
2024-12-15 00:35:00,1.8836616,True,1.8495,Latency Anomaly
2024-12-15 00:40:00,1.9146403,True,1.8495,Latency Anomaly
2024-12-15 00:45:00,1.93136,True,1.8495,Latency Anomaly
2024-12-15 00:50:00,1.994043,True,1.8495,Latency Anomaly
2024-12-15 00:55:00,2.0288162,True,1.8495,Latency Anomaly
2024-12-15 01:00:00,2.0440001,True,1.8495,Latency Anomaly
2024-12-15 01:05:00,2.0909257,True,1.8495,Latency Anomaly
2024-12-15 01:10:00,2.117195,True,1.8495,Latency Anomaly
2024-12-15 01:15:00,2.1263783,True,1.8495,Latency Anomaly
2024-12-15 01:20:00,2.1294618,True,1.8495,Latency Anomaly
2024-12-15 01:25:00,2.162437,True,1.8495,Latency Anomaly
2024-12-15 01:30:00,2.1846797,True,1.8495,Latency Anomaly
2024-12-15 01:35:00,2.2103827,True,1.8495,Latency Anomaly
2024-12-15 01:40:00,2.2316265,True,1.8495,Latency Anomaly
2024-12-15 01:45:00,2.245373,True,1.8495,Latency Anomaly
2024-12-15 01:50:00,2.2624164,True,1.8495,Latency Anomaly
2024-12-15 01:55:00,2.290613,True,1.8495,Latency Anomaly
2024-12-15 02:00:00,2.3176246,True,1.8495,Latency Anomaly
2024-12-15 02:05:00,2.3370993,True,1.8495,Latency Anomaly
2024-12-15 02:10:00,2.354929,True,1.8495,Latency Anomaly
2024-12-15 02:15:00,2.3929276,True,1.8495,Latency Anomaly
2024-12-15 02:20:00,2.474204,True,1.8495,Latency Anomaly
2024-12-15 02:25:00,2.4811497,True,1.8495,Latency Anomaly
2024-12-15 02:30:00,2.496555,True,1.8495,Latency Anomaly
2024-12-15 02:35:00,2.6281452,True,1.8495,Latency Anomaly
2024-12-15 02:40:00,2.6532793,True,1.8495,Latency Anomaly
2024-12-15 02:45:00,2.6731417,True,1.8495,Latency Anomaly
2024-12-15 02:50:00,2.6879733,True,1.8495,Latency Anomaly
2024-12-15 02:55:00,2.7339056,True,1.8495,Latency Anomaly
2024-12-15 03:00:00,2.7376852,True,1.8495,Latency Anomaly
2024-12-15 03:05:00,2.7943132,True,1.8495,Latency Anomaly
2024-12-15 03:10:00,2.8112898,True,1.8495,Latency Anomaly
2024-12-15 03:15:00,2.8167608,True,1.8495,Latency Anomaly
2024-12-15 03:20:00,2.8587084,True,1.8495,Latency Anomaly
2024-12-15 03:25:00,2.866287,True,1.8495,Latency Anomaly
2024-12-15 03:30:00,2.901303,True,1.8495,Latency Anomaly
2024-12-15 03:35:00,2.9511867,True,1.8495,Latency Anomaly
2024-12-15 03:40:00,2.9868395,True,1.8495,Latency Anomaly
2024-12-15 03:45:00,3.0161173,True,1.8495,Latency Anomaly
2024-12-15 03:50:00,2.9923522,True,1.8495,Latency Anomaly
2024-12-15 03:55:00,3.0257382,True,1.8495,Latency Anomaly
2024-12-15 04:00:00,3.0358925,True,1.8495,Latency Anomaly
2024-12-15 04:05:00,3.0410924,True,1.8495,Latency Anomaly
2024-12-15 04:10:00,3.0703607,True,1.8495,Latency Anomaly
2024-12-15 04:15:00,3.0758543,True,1.8495,Latency Anomaly
2024-12-15 04:20:00,3.086254,True,1.8495,Latency Anomaly
2024-12-15 04:25:00,3.0765498,True,1.8495,Latency Anomaly
2024-12-15 04:30:00,3.1053114,True,1.8495,Latency Anomaly
2024-12-15 04:35:00,3.1098747,True,1.8495,Latency Anomaly
2024-12-15 04:40:00,3.1045122,True,1.8495,Latency Anomaly
2024-12-15 04:45:00,3.1194878,True,1.8495,Latency Anomaly
2024-12-15 04:50:00,3.1386554,True,1.8495,Latency Anomaly
2024-12-15 04:55:00,3.1388228,True,1.8495,Latency Anomaly
2024-12-15 05:00:00,3.1263826,True,1.8495,Latency Anomaly
2024-12-15 05:05:00,3.1210437,True,1.8495,Latency Anomaly
2024-12-15 05:10:00,3.1285653,True,1.8495,Latency Anomaly
2024-12-15 05:15:00,3.1335158,True,1.8495,Latency Anomaly
2024-12-15 05:20:00,3.1370502,True,1.8495,Latency Anomaly
2024-12-15 05:25:00,3.1323984,True,1.8495,Latency Anomaly
2024-12-15 05:30:00,3.143175,True,1.8495,Latency Anomaly
2024-12-15 05:35:00,3.1344635,True,1.8495,Latency Anomaly
2024-12-15 05:40:00,3.130129,True,1.8495,Latency Anomaly
2024-12-15 05:45:00,3.1292439,True,1.8495,Latency Anomaly
2024-12-15 05:50:00,3.1414564,True,1.8495,Latency Anomaly
2024-12-15 05:55:00,3.1441672,True,1.8495,Latency Anomaly
2024-12-15 06:00:00,3.1138678,True,1.8495,Latency Anomaly
2024-12-15 06:05:00,3.0897014,True,1.8495,Latency Anomaly
2024-12-15 06:10:00,3.066623,True,1.8495,Latency Anomaly
2024-12-15 06:15:00,3.0694246,True,1.8495,Latency Anomaly
2024-12-15 06:20:00,3.0515192,True,1.8495,Latency Anomaly
2024-12-15 06:25:00,3.0373437,True,1.8495,Latency Anomaly
2024-12-15 06:30:00,3.0252123,True,1.8495,Latency Anomaly
2024-12-15 06:35:00,3.010156,True,1.8495,Latency Anomaly
2024-12-15 06:40:00,2.9809039,True,1.8495,Latency Anomaly
2024-12-15 06:45:00,2.9661703,True,1.8495,Latency Anomaly
2024-12-15 06:50:00,2.9049413,True,1.8495,Latency Anomaly
2024-12-15 06:55:00,2.8903174,True,1.8495,Latency Anomaly
2024-12-15 07:00:00,2.887441,True,1.8495,Latency Anomaly
2024-12-15 07:05:00,2.840462,True,1.8495,Latency Anomaly
2024-12-15 07:10:00,2.815717,True,1.8495,Latency Anomaly
2024-12-15 07:15:00,2.8146505,True,1.8495,Latency Anomaly
2024-12-15 07:20:00,2.8100421,True,1.8495,Latency Anomaly
2024-12-15 07:25:00,2.78016,True,1.8495,Latency Anomaly
2024-12-15 07:30:00,2.7711346,True,1.8495,Latency Anomaly
2024-12-15 07:35:00,2.7533388,True,1.8495,Latency Anomaly
2024-12-15 07:40:00,2.7481797,True,1.8495,Latency Anomaly
2024-12-15 07:45:00,2.7404568,True,1.8495,Latency Anomaly
2024-12-15 07:50:00,2.733168,True,1.8495,Latency Anomaly
2024-12-15 07:55:00,2.7037098,True,1.8495,Latency Anomaly
2024-12-15 08:00:00,2.6699116,True,1.8495,Latency Anomaly
2024-12-15 08:05:00,2.6542087,True,1.8495,Latency Anomaly
2024-12-15 08:10:00,2.620125,True,1.8495,Latency Anomaly
2024-12-15 08:15:00,2.5894446,True,1.8495,Latency Anomaly
2024-12-15 08:20:00,2.4920986,True,1.8495,Latency Anomaly
2024-12-15 08:25:00,2.499351,True,1.8495,Latency Anomaly
2024-12-15 08:30:00,2.4946156,True,1.8495,Latency Anomaly
2024-12-15 08:35:00,2.3806114,True,1.8495,Latency Anomaly
2024-12-15 08:40:00,2.3672378,True,1.8495,Latency Anomaly
2024-12-15 08:45:00,2.348485,True,1.8495,Latency Anomaly
2024-12-15 08:50:00,2.3436334,True,1.8495,Latency Anomaly
2024-12-15 08:55:00,2.28883,True,1.8495,Latency Anomaly
2024-12-15 09:00:00,2.2864978,True,1.8495,Latency Anomaly
2024-12-15 09:05:00,2.2450264,True,1.8495,Latency Anomaly
2024-12-15 09:10:00,2.2328324,True,1.8495,Latency Anomaly
2024-12-15 09:15:00,2.2186704,True,1.8495,Latency Anomaly
2024-12-15 09:20:00,2.1802397,True,1.8495,Latency Anomaly
2024-12-15 09:25:00,2.1515882,True,1.8495,Latency Anomaly
2024-12-15 09:30:00,2.1083782,True,1.8495,Latency Anomaly
2024-12-15 09:35:00,2.0432923,True,1.8495,Latency Anomaly
2024-12-15 09:40:00,2.0014327,True,1.8495,Latency Anomaly
2024-12-15 09:45:00,1.9743087,True,1.8495,Latency Anomaly
2024-12-15 09:50:00,1.972389,True,1.8495,Latency Anomaly
2024-12-15 09:55:00,1.9301277,True,1.8495,Latency Anomaly
2024-12-15 10:00:00,1.898165,True,1.8495,Latency Anomaly
2024-12-15 10:05:00,1.8841971,True,1.8495,Latency Anomaly
2024-12-15 10:10:00,1.8595467,True,1.8495,Latency Anomaly
2024-12-16 01:05:00,1.8530654,True,1.8495,Latency Anomaly
2024-12-16 01:10:00,1.8662585,True,1.8495,Latency Anomaly
2024-12-16 01:15:00,1.8899113,True,1.8495,Latency Anomaly
2024-12-16 01:20:00,1.9074184,True,1.8495,Latency Anomaly
2024-12-16 01:25:00,1.914927,True,1.8495,Latency Anomaly
2024-12-16 01:30:00,1.9144467,True,1.8495,Latency Anomaly
2024-12-16 01:35:00,1.9322667,True,1.8495,Latency Anomaly
2024-12-16 01:40:00,1.952594,True,1.8495,Latency Anomaly
2024-12-16 01:45:00,1.9621263,True,1.8495,Latency Anomaly
2024-12-16 01:50:00,1.9988332,True,1.8495,Latency Anomaly
2024-12-16 01:55:00,2.016504,True,1.8495,Latency Anomaly
2024-12-16 02:00:00,2.030647,True,1.8495,Latency Anomaly
2024-12-16 02:05:00,2.067523,True,1.8495,Latency Anomaly
2024-12-16 02:10:00,2.086292,True,1.8495,Latency Anomaly
2024-12-16 02:15:00,2.0988402,True,1.8495,Latency Anomaly
2024-12-16 02:20:00,2.1669903,True,1.8495,Latency Anomaly
2024-12-16 02:25:00,2.213735,True,1.8495,Latency Anomaly
2024-12-16 02:30:00,2.2584467,True,1.8495,Latency Anomaly
2024-12-16 02:35:00,2.3129644,True,1.8495,Latency Anomaly
2024-12-16 02:40:00,2.3474374,True,1.8495,Latency Anomaly
2024-12-16 02:45:00,2.3617446,True,1.8495,Latency Anomaly
2024-12-16 02:50:00,2.377069,True,1.8495,Latency Anomaly
2024-12-16 02:55:00,2.4051874,True,1.8495,Latency Anomaly
2024-12-16 03:00:00,2.4121876,True,1.8495,Latency Anomaly
2024-12-16 03:05:00,2.4601946,True,1.8495,Latency Anomaly
2024-12-16 03:10:00,2.4775565,True,1.8495,Latency Anomaly
2024-12-16 03:15:00,2.4934242,True,1.8495,Latency Anomaly
2024-12-16 03:20:00,2.5128524,True,1.8495,Latency Anomaly
2024-12-16 03:25:00,2.5283346,True,1.8495,Latency Anomaly
2024-12-16 03:30:00,2.5427988,True,1.8495,Latency Anomaly
2024-12-16 03:35:00,2.562438,True,1.8495,Latency Anomaly
2024-12-16 03:40:00,2.5769992,True,1.8495,Latency Anomaly
2024-12-16 03:45:00,2.6003716,True,1.8495,Latency Anomaly
2024-12-16 03:50:00,2.6404524,True,1.8495,Latency Anomaly
2024-12-16 03:55:00,2.670466,True,1.8495,Latency Anomaly
2024-12-16 04:00:00,2.692372,True,1.8495,Latency Anomaly
2024-12-16 04:05:00,2.6901674,True,1.8495,Latency Anomaly
2024-12-16 04:10:00,2.687857,True,1.8495,Latency Anomaly
2024-12-16 04:15:00,2.6878464,True,1.8495,Latency Anomaly
2024-12-16 04:20:00,2.6930249,True,1.8495,Latency Anomaly
2024-12-16 04:25:00,2.7357807,True,1.8495,Latency Anomaly
2024-12-16 04:30:00,2.740759,True,1.8495,Latency Anomaly
2024-12-16 04:35:00,2.7431495,True,1.8495,Latency Anomaly
2024-12-16 04:40:00,2.763723,True,1.8495,Latency Anomaly
2024-12-16 04:45:00,2.7612448,True,1.8495,Latency Anomaly
2024-12-16 04:50:00,2.768339,True,1.8495,Latency Anomaly
2024-12-16 04:55:00,2.7794409,True,1.8495,Latency Anomaly
2024-12-16 05:00:00,2.7451751,True,1.8495,Latency Anomaly
2024-12-16 05:05:00,2.7438118,True,1.8495,Latency Anomaly
2024-12-16 05:10:00,2.748283,True,1.8495,Latency Anomaly
2024-12-16 05:15:00,2.7321956,True,1.8495,Latency Anomaly
2024-12-16 05:20:00,2.7296696,True,1.8495,Latency Anomaly
2024-12-16 05:25:00,2.7240162,True,1.8495,Latency Anomaly
2024-12-16 05:30:00,2.7078717,True,1.8495,Latency Anomaly
2024-12-16 05:35:00,2.7008886,True,1.8495,Latency Anomaly
2024-12-16 05:40:00,2.6546717,True,1.8495,Latency Anomaly
2024-12-16 05:45:00,2.6331978,True,1.8495,Latency Anomaly
2024-12-16 05:50:00,2.6306722,True,1.8495,Latency Anomaly
2024-12-16 05:55:00,2.6261814,True,1.8495,Latency Anomaly
2024-12-16 06:00:00,2.6202989,True,1.8495,Latency Anomaly
2024-12-16 06:05:00,2.6117198,True,1.8495,Latency Anomaly
2024-12-16 06:10:00,2.605722,True,1.8495,Latency Anomaly
2024-12-16 06:15:00,2.6155846,True,1.8495,Latency Anomaly
2024-12-16 06:20:00,2.6102848,True,1.8495,Latency Anomaly
2024-12-16 06:25:00,2.5848656,True,1.8495,Latency Anomaly
2024-12-16 06:30:00,2.5826252,True,1.8495,Latency Anomaly
2024-12-16 06:35:00,2.5847206,True,1.8495,Latency Anomaly
2024-12-16 06:40:00,2.5765429,True,1.8495,Latency Anomaly
2024-12-16 06:45:00,2.5723343,True,1.8495,Latency Anomaly
2024-12-16 06:50:00,2.5391383,True,1.8495,Latency Anomaly
2024-12-16 06:55:00,2.5319498,True,1.8495,Latency Anomaly
2024-12-16 07:00:00,2.526833,True,1.8495,Latency Anomaly
2024-12-16 07:05:00,2.5195653,True,1.8495,Latency Anomaly
2024-12-16 07:10:00,2.5035996,True,1.8495,Latency Anomaly
2024-12-16 07:15:00,2.4850526,True,1.8495,Latency Anomaly
2024-12-16 07:20:00,2.4704928,True,1.8495,Latency Anomaly
2024-12-16 07:25:00,2.4572299,True,1.8495,Latency Anomaly
2024-12-16 07:30:00,2.4554152,True,1.8495,Latency Anomaly
2024-12-16 07:35:00,2.4402153,True,1.8495,Latency Anomaly
2024-12-16 07:40:00,2.4177988,True,1.8495,Latency Anomaly
2024-12-16 07:45:00,2.3975453,True,1.8495,Latency Anomaly
2024-12-16 07:50:00,2.3599243,True,1.8495,Latency Anomaly
2024-12-16 07:55:00,2.3420234,True,1.8495,Latency Anomaly
2024-12-16 08:00:00,2.325363,True,1.8495,Latency Anomaly
2024-12-16 08:05:00,2.2994041,True,1.8495,Latency Anomaly
2024-12-16 08:10:00,2.2831504,True,1.8495,Latency Anomaly
2024-12-16 08:15:00,2.2717159,True,1.8495,Latency Anomaly
2024-12-16 08:20:00,2.2049944,True,1.8495,Latency Anomaly
2024-12-16 08:25:00,2.158925,True,1.8495,Latency Anomaly
2024-12-16 08:30:00,2.112347,True,1.8495,Latency Anomaly
2024-12-16 08:35:00,2.0663629,True,1.8495,Latency Anomaly
2024-12-16 08:40:00,2.0223522,True,1.8495,Latency Anomaly
2024-12-16 08:45:00,2.0138896,True,1.8495,Latency Anomaly
2024-12-16 08:50:00,1.9938918,True,1.8495,Latency Anomaly
2024-12-16 08:55:00,1.9650165,True,1.8495,Latency Anomaly
2024-12-16 09:00:00,1.9598527,True,1.8495,Latency Anomaly
2024-12-16 09:05:00,1.9126328,True,1.8495,Latency Anomaly
2024-12-16 09:10:00,1.9049585,True,1.8495,Latency Anomaly
2024-12-16 09:15:00,1.8856949,True,1.8495,Latency Anomaly
2024-12-16 09:20:00,1.8782313,True,1.8495,Latency Anomaly
2024-12-16 09:25:00,1.8600105,True,1.8495,Latency Anomaly
2024-12-16 13:05:00,1.8496989,True,1.8495,Latency Anomaly
2024-12-16 13:10:00,1.8675128,True,1.8495,Latency Anomaly
2024-12-16 13:15:00,1.8736924,True,1.8495,Latency Anomaly
2024-12-16 13:20:00,1.8825432,True,1.8495,Latency Anomaly
2024-12-16 13:25:00,1.9040327,True,1.8495,Latency Anomaly
2024-12-16 13:30:00,1.9174211,True,1.8495,Latency Anomaly
2024-12-16 13:35:00,1.9312989,True,1.8495,Latency Anomaly
2024-12-16 13:40:00,1.9551228,True,1.8495,Latency Anomaly
2024-12-16 13:45:00,1.9703219,True,1.8495,Latency Anomaly
2024-12-16 13:50:00,1.9934889,True,1.8495,Latency Anomaly
2024-12-16 13:55:00,2.0117643,True,1.8495,Latency Anomaly
2024-12-16 14:00:00,2.0203478,True,1.8495,Latency Anomaly
2024-12-16 14:05:00,2.0295935,True,1.8495,Latency Anomaly
2024-12-16 14:10:00,2.0358777,True,1.8495,Latency Anomaly
2024-12-16 14:15:00,2.0485501,True,1.8495,Latency Anomaly
2024-12-16 14:20:00,2.0665183,True,1.8495,Latency Anomaly
2024-12-16 14:25:00,2.0850391,True,1.8495,Latency Anomaly
2024-12-16 14:30:00,2.1041284,True,1.8495,Latency Anomaly
2024-12-16 14:35:00,2.1079285,True,1.8495,Latency Anomaly
2024-12-16 14:40:00,2.1271276,True,1.8495,Latency Anomaly
2024-12-16 14:45:00,2.1366682,True,1.8495,Latency Anomaly
2024-12-16 14:50:00,2.153261,True,1.8495,Latency Anomaly
2024-12-16 14:55:00,2.1748762,True,1.8495,Latency Anomaly
2024-12-16 15:00:00,2.1872842,True,1.8495,Latency Anomaly
2024-12-16 15:05:00,2.203141,True,1.8495,Latency Anomaly
2024-12-16 15:10:00,2.211181,True,1.8495,Latency Anomaly
2024-12-16 15:15:00,2.2213907,True,1.8495,Latency Anomaly
2024-12-16 15:20:00,2.232885,True,1.8495,Latency Anomaly
2024-12-16 15:25:00,2.2453744,True,1.8495,Latency Anomaly
2024-12-16 15:30:00,2.266045,True,1.8495,Latency Anomaly
2024-12-16 15:35:00,2.2801452,True,1.8495,Latency Anomaly
2024-12-16 15:40:00,2.3023298,True,1.8495,Latency Anomaly
2024-12-16 15:45:00,2.316785,True,1.8495,Latency Anomaly
2024-12-16 15:50:00,2.3350987,True,1.8495,Latency Anomaly
2024-12-16 15:55:00,2.3449302,True,1.8495,Latency Anomaly
2024-12-16 16:00:00,2.3507838,True,1.8495,Latency Anomaly
2024-12-16 16:05:00,2.3567772,True,1.8495,Latency Anomaly
2024-12-16 16:10:00,2.3660731,True,1.8495,Latency Anomaly
2024-12-16 16:15:00,2.3771145,True,1.8495,Latency Anomaly
2024-12-16 16:20:00,2.3838565,True,1.8495,Latency Anomaly
2024-12-16 16:25:00,2.401367,True,1.8495,Latency Anomaly
2024-12-16 16:30:00,2.3979812,True,1.8495,Latency Anomaly
2024-12-16 16:35:00,2.4063456,True,1.8495,Latency Anomaly
2024-12-16 16:40:00,2.4026744,True,1.8495,Latency Anomaly
2024-12-16 16:45:00,2.4088616,True,1.8495,Latency Anomaly
2024-12-16 16:50:00,2.4174216,True,1.8495,Latency Anomaly
2024-12-16 16:55:00,2.432284,True,1.8495,Latency Anomaly
2024-12-16 17:00:00,2.4227614,True,1.8495,Latency Anomaly
2024-12-16 17:05:00,2.4179235,True,1.8495,Latency Anomaly
2024-12-16 17:10:00,2.4192026,True,1.8495,Latency Anomaly
2024-12-16 17:15:00,2.4252262,True,1.8495,Latency Anomaly
2024-12-16 17:20:00,2.440498,True,1.8495,Latency Anomaly
2024-12-16 17:25:00,2.4345403,True,1.8495,Latency Anomaly
2024-12-16 17:30:00,2.4273436,True,1.8495,Latency Anomaly
2024-12-16 17:35:00,2.4258213,True,1.8495,Latency Anomaly
2024-12-16 17:40:00,2.4109023,True,1.8495,Latency Anomaly
2024-12-16 17:45:00,2.4090967,True,1.8495,Latency Anomaly
2024-12-16 17:50:00,2.4190664,True,1.8495,Latency Anomaly
2024-12-16 17:55:00,2.4192138,True,1.8495,Latency Anomaly
2024-12-16 18:00:00,2.412461,True,1.8495,Latency Anomaly
2024-12-16 18:05:00,2.409434,True,1.8495,Latency Anomaly
2024-12-16 18:10:00,2.4018536,True,1.8495,Latency Anomaly
2024-12-16 18:15:00,2.3949215,True,1.8495,Latency Anomaly
2024-12-16 18:20:00,2.3831105,True,1.8495,Latency Anomaly
2024-12-16 18:25:00,2.3799791,True,1.8495,Latency Anomaly
2024-12-16 18:30:00,2.3728147,True,1.8495,Latency Anomaly
2024-12-16 18:35:00,2.3706503,True,1.8495,Latency Anomaly
2024-12-16 18:40:00,2.36206,True,1.8495,Latency Anomaly
2024-12-16 18:45:00,2.3531291,True,1.8495,Latency Anomaly
2024-12-16 18:50:00,2.3364594,True,1.8495,Latency Anomaly
2024-12-16 18:55:00,2.3279295,True,1.8495,Latency Anomaly
2024-12-16 19:00:00,2.3223445,True,1.8495,Latency Anomaly
2024-12-16 19:05:00,2.3132517,True,1.8495,Latency Anomaly
2024-12-16 19:10:00,2.2978888,True,1.8495,Latency Anomaly
2024-12-16 19:15:00,2.2821882,True,1.8495,Latency Anomaly
2024-12-16 19:20:00,2.2704785,True,1.8495,Latency Anomaly
2024-12-16 19:25:00,2.2513871,True,1.8495,Latency Anomaly
2024-12-16 19:30:00,2.2407668,True,1.8495,Latency Anomaly
2024-12-16 19:35:00,2.22467,True,1.8495,Latency Anomaly
2024-12-16 19:40:00,2.2112436,True,1.8495,Latency Anomaly
2024-12-16 19:45:00,2.200875,True,1.8495,Latency Anomaly
2024-12-16 19:50:00,2.184174,True,1.8495,Latency Anomaly
2024-12-16 19:55:00,2.1661415,True,1.8495,Latency Anomaly
2024-12-16 20:00:00,2.1557171,True,1.8495,Latency Anomaly
2024-12-16 20:05:00,2.1388047,True,1.8495,Latency Anomaly
2024-12-16 20:10:00,2.1327455,True,1.8495,Latency Anomaly
2024-12-16 20:15:00,2.11678,True,1.8495,Latency Anomaly
2024-12-16 20:20:00,2.0948043,True,1.8495,Latency Anomaly
2024-12-16 20:25:00,2.0735319,True,1.8495,Latency Anomaly
2024-12-16 20:30:00,2.057084,True,1.8495,Latency Anomaly
2024-12-16 20:35:00,2.049328,True,1.8495,Latency Anomaly
2024-12-16 20:40:00,2.0340543,True,1.8495,Latency Anomaly
2024-12-16 20:45:00,2.0210161,True,1.8495,Latency Anomaly
2024-12-16 20:50:00,2.0114954,True,1.8495,Latency Anomaly
2024-12-16 20:55:00,1.9914403,True,1.8495,Latency Anomaly
2024-12-16 21:00:00,1.9751551,True,1.8495,Latency Anomaly
2024-12-16 21:05:00,1.9514499,True,1.8495,Latency Anomaly
2024-12-16 21:10:00,1.9342394,True,1.8495,Latency Anomaly
2024-12-16 21:15:00,1.9232963,True,1.8495,Latency Anomaly
2024-12-16 21:20:00,1.9020613,True,1.8495,Latency Anomaly
2024-12-16 21:25:00,1.8815483,True,1.8495,Latency Anomaly
2024-12-16 21:30:00,1.8596736,True,1.8495,Latency Anomaly
2024-12-17 01:15:00,1.8550092,True,1.8495,Latency Anomaly
2024-12-17 01:20:00,1.866962,True,1.8495,Latency Anomaly
2024-12-17 01:25:00,1.8687155,True,1.8495,Latency Anomaly
2024-12-17 01:30:00,1.8843366,True,1.8495,Latency Anomaly
2024-12-17 01:35:00,1.8972002,True,1.8495,Latency Anomaly
2024-12-17 01:40:00,1.9441172,True,1.8495,Latency Anomaly
2024-12-17 01:45:00,1.9425838,True,1.8495,Latency Anomaly
2024-12-17 01:50:00,1.9845902,True,1.8495,Latency Anomaly
2024-12-17 01:55:00,1.9992411,True,1.8495,Latency Anomaly
2024-12-17 02:00:00,2.004051,True,1.8495,Latency Anomaly
2024-12-17 02:05:00,2.0424123,True,1.8495,Latency Anomaly
2024-12-17 02:10:00,2.0574672,True,1.8495,Latency Anomaly
2024-12-17 02:15:00,2.1475518,True,1.8495,Latency Anomaly
2024-12-17 02:20:00,2.159947,True,1.8495,Latency Anomaly
2024-12-17 02:25:00,2.1861258,True,1.8495,Latency Anomaly
2024-12-17 02:30:00,2.2064126,True,1.8495,Latency Anomaly
2024-12-17 02:35:00,2.2335918,True,1.8495,Latency Anomaly
2024-12-17 02:40:00,2.3052595,True,1.8495,Latency Anomaly
2024-12-17 02:45:00,2.3214478,True,1.8495,Latency Anomaly
2024-12-17 02:50:00,2.329498,True,1.8495,Latency Anomaly
2024-12-17 02:55:00,2.3530915,True,1.8495,Latency Anomaly
2024-12-17 03:00:00,2.3575978,True,1.8495,Latency Anomaly
2024-12-17 03:05:00,2.374664,True,1.8495,Latency Anomaly
2024-12-17 03:10:00,2.3819127,True,1.8495,Latency Anomaly
2024-12-17 03:15:00,2.395377,True,1.8495,Latency Anomaly
2024-12-17 03:20:00,2.413186,True,1.8495,Latency Anomaly
2024-12-17 03:25:00,2.4512477,True,1.8495,Latency Anomaly
2024-12-17 03:30:00,2.4739528,True,1.8495,Latency Anomaly
2024-12-17 03:35:00,2.5096068,True,1.8495,Latency Anomaly
2024-12-17 03:40:00,2.5270758,True,1.8495,Latency Anomaly
2024-12-17 03:45:00,2.5435271,True,1.8495,Latency Anomaly
2024-12-17 03:50:00,2.589692,True,1.8495,Latency Anomaly
2024-12-17 03:55:00,2.6077387,True,1.8495,Latency Anomaly
2024-12-17 04:00:00,2.604943,True,1.8495,Latency Anomaly
2024-12-17 04:05:00,2.6022446,True,1.8495,Latency Anomaly
2024-12-17 04:10:00,2.5999374,True,1.8495,Latency Anomaly
2024-12-17 04:15:00,2.6070073,True,1.8495,Latency Anomaly
2024-12-17 04:20:00,2.6006978,True,1.8495,Latency Anomaly
2024-12-17 04:25:00,2.6175401,True,1.8495,Latency Anomaly
2024-12-17 04:30:00,2.6274936,True,1.8495,Latency Anomaly
2024-12-17 04:35:00,2.6501868,True,1.8495,Latency Anomaly
2024-12-17 04:40:00,2.652543,True,1.8495,Latency Anomaly
2024-12-17 04:45:00,2.6696398,True,1.8495,Latency Anomaly
2024-12-17 04:50:00,2.694362,True,1.8495,Latency Anomaly
2024-12-17 04:55:00,2.6989932,True,1.8495,Latency Anomaly
2024-12-17 05:00:00,2.7018707,True,1.8495,Latency Anomaly
2024-12-17 05:05:00,2.6944356,True,1.8495,Latency Anomaly
2024-12-17 05:10:00,2.6927068,True,1.8495,Latency Anomaly
2024-12-17 05:15:00,2.6938844,True,1.8495,Latency Anomaly
2024-12-17 05:20:00,2.7081661,True,1.8495,Latency Anomaly
2024-12-17 05:25:00,2.710497,True,1.8495,Latency Anomaly
2024-12-17 05:30:00,2.7141845,True,1.8495,Latency Anomaly
2024-12-17 05:35:00,2.7077763,True,1.8495,Latency Anomaly
2024-12-17 05:40:00,2.7084305,True,1.8495,Latency Anomaly
2024-12-17 05:45:00,2.701073,True,1.8495,Latency Anomaly
2024-12-17 05:50:00,2.6810956,True,1.8495,Latency Anomaly
2024-12-17 05:55:00,2.667699,True,1.8495,Latency Anomaly
2024-12-17 06:00:00,2.6510832,True,1.8495,Latency Anomaly
2024-12-17 06:05:00,2.6651237,True,1.8495,Latency Anomaly
2024-12-17 06:10:00,2.649032,True,1.8495,Latency Anomaly
2024-12-17 06:15:00,2.585093,True,1.8495,Latency Anomaly
2024-12-17 06:20:00,2.5759404,True,1.8495,Latency Anomaly
2024-12-17 06:25:00,2.5644784,True,1.8495,Latency Anomaly
2024-12-17 06:30:00,2.5636535,True,1.8495,Latency Anomaly
2024-12-17 06:35:00,2.5433712,True,1.8495,Latency Anomaly
2024-12-17 06:40:00,2.5467803,True,1.8495,Latency Anomaly
2024-12-17 06:45:00,2.5266125,True,1.8495,Latency Anomaly
2024-12-17 06:50:00,2.5266933,True,1.8495,Latency Anomaly
2024-12-17 06:55:00,2.5210285,True,1.8495,Latency Anomaly
2024-12-17 07:00:00,2.4990153,True,1.8495,Latency Anomaly
2024-12-17 07:05:00,2.4343479,True,1.8495,Latency Anomaly
2024-12-17 07:10:00,2.39896,True,1.8495,Latency Anomaly
2024-12-17 07:15:00,2.3803349,True,1.8495,Latency Anomaly
2024-12-17 07:20:00,2.3663008,True,1.8495,Latency Anomaly
2024-12-17 07:25:00,2.3664865,True,1.8495,Latency Anomaly
2024-12-17 07:30:00,2.350243,True,1.8495,Latency Anomaly
2024-12-17 07:35:00,2.3448956,True,1.8495,Latency Anomaly
2024-12-17 07:40:00,2.2986624,True,1.8495,Latency Anomaly
2024-12-17 07:45:00,2.30498,True,1.8495,Latency Anomaly
2024-12-17 07:50:00,2.2566817,True,1.8495,Latency Anomaly
2024-12-17 07:55:00,2.2515938,True,1.8495,Latency Anomaly
2024-12-17 08:00:00,2.2469728,True,1.8495,Latency Anomaly
2024-12-17 08:05:00,2.2148783,True,1.8495,Latency Anomaly
2024-12-17 08:10:00,2.1988716,True,1.8495,Latency Anomaly
2024-12-17 08:15:00,2.1132987,True,1.8495,Latency Anomaly
2024-12-17 08:20:00,2.1107442,True,1.8495,Latency Anomaly
2024-12-17 08:25:00,2.0849185,True,1.8495,Latency Anomaly
2024-12-17 08:30:00,2.0596943,True,1.8495,Latency Anomaly
2024-12-17 08:35:00,2.034404,True,1.8495,Latency Anomaly
2024-12-17 08:40:00,1.9733444,True,1.8495,Latency Anomaly
2024-12-17 08:45:00,1.9545038,True,1.8495,Latency Anomaly
2024-12-17 08:50:00,1.9382173,True,1.8495,Latency Anomaly
2024-12-17 08:55:00,1.9134998,True,1.8495,Latency Anomaly
2024-12-17 09:00:00,1.911392,True,1.8495,Latency Anomaly
2024-12-17 09:05:00,1.9044107,True,1.8495,Latency Anomaly
2024-12-17 09:10:00,1.9028788,True,1.8495,Latency Anomaly
2024-12-17 09:15:00,1.8929331,True,1.8495,Latency Anomaly
2024-12-17 09:20:00,1.8749455,True,1.8495,Latency Anomaly
2024-12-17 13:00:00,1.8595178,True,1.8495,Latency Anomaly
2024-12-17 13:05:00,1.8742386,True,1.8495,Latency Anomaly
2024-12-17 13:10:00,1.8902007,True,1.8495,Latency Anomaly
2024-12-17 13:15:00,1.902967,True,1.8495,Latency Anomaly
2024-12-17 13:20:00,1.9265504,True,1.8495,Latency Anomaly
2024-12-17 13:25:00,1.9411291,True,1.8495,Latency Anomaly
2024-12-17 13:30:00,1.9482417,True,1.8495,Latency Anomaly
2024-12-17 13:35:00,1.9541309,True,1.8495,Latency Anomaly
2024-12-17 13:40:00,1.9710008,True,1.8495,Latency Anomaly
2024-12-17 13:45:00,1.9794875,True,1.8495,Latency Anomaly
2024-12-17 13:50:00,1.9933507,True,1.8495,Latency Anomaly
2024-12-17 13:55:00,1.9977707,True,1.8495,Latency Anomaly
2024-12-17 14:00:00,2.0178413,True,1.8495,Latency Anomaly
2024-12-17 14:05:00,2.0309458,True,1.8495,Latency Anomaly
2024-12-17 14:10:00,2.0417023,True,1.8495,Latency Anomaly
2024-12-17 14:15:00,2.0559955,True,1.8495,Latency Anomaly
2024-12-17 14:20:00,2.0708992,True,1.8495,Latency Anomaly
2024-12-17 14:25:00,2.0910168,True,1.8495,Latency Anomaly
2024-12-17 14:30:00,2.1080787,True,1.8495,Latency Anomaly
2024-12-17 14:35:00,2.116148,True,1.8495,Latency Anomaly
2024-12-17 14:40:00,2.126237,True,1.8495,Latency Anomaly
2024-12-17 14:45:00,2.1471262,True,1.8495,Latency Anomaly
2024-12-17 14:50:00,2.1629317,True,1.8495,Latency Anomaly
2024-12-17 14:55:00,2.1835902,True,1.8495,Latency Anomaly
2024-12-17 15:00:00,2.1958745,True,1.8495,Latency Anomaly
2024-12-17 15:05:00,2.2057014,True,1.8495,Latency Anomaly
2024-12-17 15:10:00,2.2204354,True,1.8495,Latency Anomaly
2024-12-17 15:15:00,2.235635,True,1.8495,Latency Anomaly
2024-12-17 15:20:00,2.255959,True,1.8495,Latency Anomaly
2024-12-17 15:25:00,2.266054,True,1.8495,Latency Anomaly
2024-12-17 15:30:00,2.2794688,True,1.8495,Latency Anomaly
2024-12-17 15:35:00,2.2962778,True,1.8495,Latency Anomaly
2024-12-17 15:40:00,2.3092635,True,1.8495,Latency Anomaly
2024-12-17 15:45:00,2.323585,True,1.8495,Latency Anomaly
2024-12-17 15:50:00,2.3351228,True,1.8495,Latency Anomaly
2024-12-17 15:55:00,2.3561778,True,1.8495,Latency Anomaly
2024-12-17 16:00:00,2.3568168,True,1.8495,Latency Anomaly
2024-12-17 16:05:00,2.3708324,True,1.8495,Latency Anomaly
2024-12-17 16:10:00,2.3748937,True,1.8495,Latency Anomaly
2024-12-17 16:15:00,2.3893144,True,1.8495,Latency Anomaly
2024-12-17 16:20:00,2.4051802,True,1.8495,Latency Anomaly
2024-12-17 16:25:00,2.4146893,True,1.8495,Latency Anomaly
2024-12-17 16:30:00,2.4314942,True,1.8495,Latency Anomaly
2024-12-17 16:35:00,2.4393082,True,1.8495,Latency Anomaly
2024-12-17 16:40:00,2.451181,True,1.8495,Latency Anomaly
2024-12-17 16:45:00,2.457698,True,1.8495,Latency Anomaly
2024-12-17 16:50:00,2.475828,True,1.8495,Latency Anomaly
2024-12-17 16:55:00,2.49213,True,1.8495,Latency Anomaly
2024-12-17 17:00:00,2.4922473,True,1.8495,Latency Anomaly
2024-12-17 17:05:00,2.500301,True,1.8495,Latency Anomaly
2024-12-17 17:10:00,2.5040388,True,1.8495,Latency Anomaly
2024-12-17 17:15:00,2.4955952,True,1.8495,Latency Anomaly
2024-12-17 17:20:00,2.493346,True,1.8495,Latency Anomaly
2024-12-17 17:25:00,2.495965,True,1.8495,Latency Anomaly
2024-12-17 17:30:00,2.497097,True,1.8495,Latency Anomaly
2024-12-17 17:35:00,2.488994,True,1.8495,Latency Anomaly
2024-12-17 17:40:00,2.4893785,True,1.8495,Latency Anomaly
2024-12-17 17:45:00,2.503681,True,1.8495,Latency Anomaly
2024-12-17 17:50:00,2.501498,True,1.8495,Latency Anomaly
2024-12-17 17:55:00,2.5142188,True,1.8495,Latency Anomaly
2024-12-17 18:00:00,2.5035584,True,1.8495,Latency Anomaly
2024-12-17 18:05:00,2.5043542,True,1.8495,Latency Anomaly
2024-12-17 18:10:00,2.5016663,True,1.8495,Latency Anomaly
2024-12-17 18:15:00,2.487579,True,1.8495,Latency Anomaly
2024-12-17 18:20:00,2.4725332,True,1.8495,Latency Anomaly
2024-12-17 18:25:00,2.460067,True,1.8495,Latency Anomaly
2024-12-17 18:30:00,2.4574492,True,1.8495,Latency Anomaly
2024-12-17 18:35:00,2.4371057,True,1.8495,Latency Anomaly
2024-12-17 18:40:00,2.429175,True,1.8495,Latency Anomaly
2024-12-17 18:45:00,2.4231944,True,1.8495,Latency Anomaly
2024-12-17 18:50:00,2.4127007,True,1.8495,Latency Anomaly
2024-12-17 18:55:00,2.4068146,True,1.8495,Latency Anomaly
2024-12-17 19:00:00,2.3840895,True,1.8495,Latency Anomaly
2024-12-17 19:05:00,2.4039965,True,1.8495,Latency Anomaly
2024-12-17 19:10:00,2.389787,True,1.8495,Latency Anomaly
2024-12-17 19:15:00,2.3808076,True,1.8495,Latency Anomaly
2024-12-17 19:20:00,2.3617759,True,1.8495,Latency Anomaly
2024-12-17 19:25:00,2.3458607,True,1.8495,Latency Anomaly
2024-12-17 19:30:00,2.3437228,True,1.8495,Latency Anomaly
2024-12-17 19:35:00,2.333648,True,1.8495,Latency Anomaly
2024-12-17 19:40:00,2.3087223,True,1.8495,Latency Anomaly
2024-12-17 19:45:00,2.3012369,True,1.8495,Latency Anomaly
2024-12-17 19:50:00,2.290123,True,1.8495,Latency Anomaly
2024-12-17 19:55:00,2.277352,True,1.8495,Latency Anomaly
2024-12-17 20:00:00,2.2560697,True,1.8495,Latency Anomaly
2024-12-17 20:05:00,2.2463217,True,1.8495,Latency Anomaly
2024-12-17 20:10:00,2.232727,True,1.8495,Latency Anomaly
2024-12-17 20:15:00,2.2195938,True,1.8495,Latency Anomaly
2024-12-17 20:20:00,2.2064538,True,1.8495,Latency Anomaly
2024-12-17 20:25:00,2.195378,True,1.8495,Latency Anomaly
2024-12-17 20:30:00,2.1806705,True,1.8495,Latency Anomaly
2024-12-17 20:35:00,2.1690497,True,1.8495,Latency Anomaly
2024-12-17 20:40:00,2.151074,True,1.8495,Latency Anomaly
2024-12-17 20:45:00,2.128788,True,1.8495,Latency Anomaly
2024-12-17 20:50:00,2.1085546,True,1.8495,Latency Anomaly
2024-12-17 20:55:00,2.092009,True,1.8495,Latency Anomaly
2024-12-17 21:00:00,2.0750606,True,1.8495,Latency Anomaly
2024-12-17 21:05:00,2.0741842,True,1.8495,Latency Anomaly
2024-12-17 21:10:00,2.0529957,True,1.8495,Latency Anomaly
2024-12-17 21:15:00,2.0357459,True,1.8495,Latency Anomaly
2024-12-17 21:20:00,2.0121925,True,1.8495,Latency Anomaly
2024-12-17 21:25:00,2.0072849,True,1.8495,Latency Anomaly
2024-12-17 21:30:00,1.9949112,True,1.8495,Latency Anomaly
2024-12-17 21:35:00,1.9816235,True,1.8495,Latency Anomaly
2024-12-17 21:40:00,1.9608723,True,1.8495,Latency Anomaly
2024-12-17 21:45:00,1.942021,True,1.8495,Latency Anomaly
2024-12-17 21:50:00,1.9311529,True,1.8495,Latency Anomaly
2024-12-17 21:55:00,1.9035248,True,1.8495,Latency Anomaly
2024-12-17 22:00:00,1.897776,True,1.8495,Latency Anomaly
2024-12-17 22:05:00,1.8812542,True,1.8495,Latency Anomaly
2024-12-17 22:10:00,1.8657258,True,1.8495,Latency Anomaly
2024-12-18 01:35:00,1.8656329,True,1.8495,Latency Anomaly
2024-12-18 01:40:00,1.8864728,True,1.8495,Latency Anomaly
2024-12-18 01:45:00,1.895941,True,1.8495,Latency Anomaly
2024-12-18 01:50:00,1.9070772,True,1.8495,Latency Anomaly
2024-12-18 01:55:00,1.9227285,True,1.8495,Latency Anomaly
2024-12-18 02:00:00,1.9477769,True,1.8495,Latency Anomaly
2024-12-18 02:05:00,1.9621865,True,1.8495,Latency Anomaly
2024-12-18 02:10:00,1.9942234,True,1.8495,Latency Anomaly
2024-12-18 02:15:00,2.0275638,True,1.8495,Latency Anomaly
2024-12-18 02:20:00,2.0480204,True,1.8495,Latency Anomaly
2024-12-18 02:25:00,2.0686102,True,1.8495,Latency Anomaly
2024-12-18 02:30:00,2.0918622,True,1.8495,Latency Anomaly
2024-12-18 02:35:00,2.1072402,True,1.8495,Latency Anomaly
2024-12-18 02:40:00,2.1151416,True,1.8495,Latency Anomaly
2024-12-18 02:45:00,2.1308544,True,1.8495,Latency Anomaly
2024-12-18 02:50:00,2.1425683,True,1.8495,Latency Anomaly
2024-12-18 02:55:00,2.1533806,True,1.8495,Latency Anomaly
2024-12-18 03:00:00,2.1673126,True,1.8495,Latency Anomaly
2024-12-18 03:05:00,2.175556,True,1.8495,Latency Anomaly
2024-12-18 03:10:00,2.1909535,True,1.8495,Latency Anomaly
2024-12-18 03:15:00,2.1969361,True,1.8495,Latency Anomaly
2024-12-18 03:20:00,2.2069724,True,1.8495,Latency Anomaly
2024-12-18 03:25:00,2.218714,True,1.8495,Latency Anomaly
2024-12-18 03:30:00,2.2228005,True,1.8495,Latency Anomaly
2024-12-18 03:35:00,2.2409968,True,1.8495,Latency Anomaly
2024-12-18 03:40:00,2.2538996,True,1.8495,Latency Anomaly
2024-12-18 03:45:00,2.2836154,True,1.8495,Latency Anomaly
2024-12-18 03:50:00,2.2953408,True,1.8495,Latency Anomaly
2024-12-18 03:55:00,2.2994912,True,1.8495,Latency Anomaly
2024-12-18 04:00:00,2.3080027,True,1.8495,Latency Anomaly
2024-12-18 04:05:00,2.3238955,True,1.8495,Latency Anomaly
2024-12-18 04:10:00,2.3382387,True,1.8495,Latency Anomaly
2024-12-18 04:15:00,2.3464482,True,1.8495,Latency Anomaly
2024-12-18 04:20:00,2.3437433,True,1.8495,Latency Anomaly
2024-12-18 04:25:00,2.3404448,True,1.8495,Latency Anomaly
2024-12-18 04:30:00,2.34298,True,1.8495,Latency Anomaly
2024-12-18 04:35:00,2.379976,True,1.8495,Latency Anomaly
2024-12-18 04:40:00,2.379508,True,1.8495,Latency Anomaly
2024-12-18 04:45:00,2.3910377,True,1.8495,Latency Anomaly
2024-12-18 04:50:00,2.4005666,True,1.8495,Latency Anomaly
2024-12-18 04:55:00,2.4064903,True,1.8495,Latency Anomaly
2024-12-18 05:00:00,2.4037237,True,1.8495,Latency Anomaly
2024-12-18 05:05:00,2.3952255,True,1.8495,Latency Anomaly
2024-12-18 05:10:00,2.402542,True,1.8495,Latency Anomaly
2024-12-18 05:15:00,2.3953662,True,1.8495,Latency Anomaly
2024-12-18 05:20:00,2.384293,True,1.8495,Latency Anomaly
2024-12-18 05:25:00,2.3857892,True,1.8495,Latency Anomaly
2024-12-18 05:30:00,2.3942997,True,1.8495,Latency Anomaly
2024-12-18 05:35:00,2.3987856,True,1.8495,Latency Anomaly
2024-12-18 05:40:00,2.4038959,True,1.8495,Latency Anomaly
2024-12-18 05:45:00,2.3963363,True,1.8495,Latency Anomaly
2024-12-18 05:50:00,2.3904831,True,1.8495,Latency Anomaly
2024-12-18 05:55:00,2.3746924,True,1.8495,Latency Anomaly
2024-12-18 06:00:00,2.3690233,True,1.8495,Latency Anomaly
2024-12-18 06:05:00,2.362462,True,1.8495,Latency Anomaly
2024-12-18 06:10:00,2.3472645,True,1.8495,Latency Anomaly
2024-12-18 06:15:00,2.3404331,True,1.8495,Latency Anomaly
2024-12-18 06:20:00,2.3323205,True,1.8495,Latency Anomaly
2024-12-18 06:25:00,2.3108766,True,1.8495,Latency Anomaly
2024-12-18 06:30:00,2.310074,True,1.8495,Latency Anomaly
2024-12-18 06:35:00,2.3013139,True,1.8495,Latency Anomaly
2024-12-18 06:40:00,2.2865317,True,1.8495,Latency Anomaly
2024-12-18 06:45:00,2.2756298,True,1.8495,Latency Anomaly
2024-12-18 06:50:00,2.266166,True,1.8495,Latency Anomaly
2024-12-18 06:55:00,2.259841,True,1.8495,Latency Anomaly
2024-12-18 07:00:00,2.2347968,True,1.8495,Latency Anomaly
2024-12-18 07:05:00,2.2311537,True,1.8495,Latency Anomaly
2024-12-18 07:10:00,2.22379,True,1.8495,Latency Anomaly
2024-12-18 07:15:00,2.2089427,True,1.8495,Latency Anomaly
2024-12-18 07:20:00,2.198568,True,1.8495,Latency Anomaly
2024-12-18 07:25:00,2.1692123,True,1.8495,Latency Anomaly
2024-12-18 07:30:00,2.1213708,True,1.8495,Latency Anomaly
2024-12-18 07:35:00,2.0982184,True,1.8495,Latency Anomaly
2024-12-18 07:40:00,2.0820086,True,1.8495,Latency Anomaly
2024-12-18 07:45:00,2.0772002,True,1.8495,Latency Anomaly
2024-12-18 07:50:00,2.0667546,True,1.8495,Latency Anomaly
2024-12-18 07:55:00,2.0605044,True,1.8495,Latency Anomaly
2024-12-18 08:00:00,2.0344481,True,1.8495,Latency Anomaly
2024-12-18 08:05:00,2.0201108,True,1.8495,Latency Anomaly
2024-12-18 08:10:00,1.9949988,True,1.8495,Latency Anomaly
2024-12-18 08:15:00,1.9635416,True,1.8495,Latency Anomaly
2024-12-18 08:20:00,1.9325399,True,1.8495,Latency Anomaly
2024-12-18 08:25:00,1.9041486,True,1.8495,Latency Anomaly
2024-12-18 08:30:00,1.8801706,True,1.8495,Latency Anomaly
2024-12-18 08:35:00,1.8561428,True,1.8495,Latency Anomaly
2024-12-18 13:00:00,1.8628168,True,1.8495,Latency Anomaly
2024-12-18 13:05:00,1.8705938,True,1.8495,Latency Anomaly
2024-12-18 13:10:00,1.8852861,True,1.8495,Latency Anomaly
2024-12-18 13:15:00,1.89392,True,1.8495,Latency Anomaly
2024-12-18 13:20:00,1.9072934,True,1.8495,Latency Anomaly
2024-12-18 13:25:00,1.9348474,True,1.8495,Latency Anomaly
2024-12-18 13:30:00,1.9682686,True,1.8495,Latency Anomaly
2024-12-18 13:35:00,1.9729078,True,1.8495,Latency Anomaly
2024-12-18 13:40:00,1.988803,True,1.8495,Latency Anomaly
2024-12-18 13:45:00,1.9947367,True,1.8495,Latency Anomaly
2024-12-18 13:50:00,2.0004468,True,1.8495,Latency Anomaly
2024-12-18 13:55:00,2.0073965,True,1.8495,Latency Anomaly
2024-12-18 14:00:00,2.0259805,True,1.8495,Latency Anomaly
2024-12-18 14:05:00,2.0332363,True,1.8495,Latency Anomaly
2024-12-18 14:10:00,2.0415988,True,1.8495,Latency Anomaly
2024-12-18 14:15:00,2.0529141,True,1.8495,Latency Anomaly
2024-12-18 14:20:00,2.071746,True,1.8495,Latency Anomaly
2024-12-18 14:25:00,2.094619,True,1.8495,Latency Anomaly
2024-12-18 14:30:00,2.1212018,True,1.8495,Latency Anomaly
2024-12-18 14:35:00,2.1436,True,1.8495,Latency Anomaly
2024-12-18 14:40:00,2.1706855,True,1.8495,Latency Anomaly
2024-12-18 14:45:00,2.1940844,True,1.8495,Latency Anomaly
2024-12-18 14:50:00,2.2036636,True,1.8495,Latency Anomaly
2024-12-18 14:55:00,2.2248664,True,1.8495,Latency Anomaly
2024-12-18 15:00:00,2.2366676,True,1.8495,Latency Anomaly
2024-12-18 15:05:00,2.2514186,True,1.8495,Latency Anomaly
2024-12-18 15:10:00,2.2635098,True,1.8495,Latency Anomaly
2024-12-18 15:15:00,2.269134,True,1.8495,Latency Anomaly
2024-12-18 15:20:00,2.2862082,True,1.8495,Latency Anomaly
2024-12-18 15:25:00,2.2902095,True,1.8495,Latency Anomaly
2024-12-18 15:30:00,2.3065476,True,1.8495,Latency Anomaly
2024-12-18 15:35:00,2.3196516,True,1.8495,Latency Anomaly
2024-12-18 15:40:00,2.3294396,True,1.8495,Latency Anomaly
2024-12-18 15:45:00,2.3317103,True,1.8495,Latency Anomaly
2024-12-18 15:50:00,2.3435807,True,1.8495,Latency Anomaly
2024-12-18 15:55:00,2.3594534,True,1.8495,Latency Anomaly
2024-12-18 16:00:00,2.3693812,True,1.8495,Latency Anomaly
2024-12-18 16:05:00,2.3763158,True,1.8495,Latency Anomaly
2024-12-18 16:10:00,2.3873577,True,1.8495,Latency Anomaly
2024-12-18 16:15:00,2.3995013,True,1.8495,Latency Anomaly
2024-12-18 16:20:00,2.403302,True,1.8495,Latency Anomaly
2024-12-18 16:25:00,2.4163094,True,1.8495,Latency Anomaly
2024-12-18 16:30:00,2.4234447,True,1.8495,Latency Anomaly
2024-12-18 16:35:00,2.4338624,True,1.8495,Latency Anomaly
2024-12-18 16:40:00,2.4330337,True,1.8495,Latency Anomaly
2024-12-18 16:45:00,2.4379241,True,1.8495,Latency Anomaly
2024-12-18 16:50:00,2.4440193,True,1.8495,Latency Anomaly
2024-12-18 16:55:00,2.4439886,True,1.8495,Latency Anomaly
2024-12-18 17:00:00,2.4411426,True,1.8495,Latency Anomaly
2024-12-18 17:05:00,2.4552453,True,1.8495,Latency Anomaly
2024-12-18 17:10:00,2.4532487,True,1.8495,Latency Anomaly
2024-12-18 17:15:00,2.4308171,True,1.8495,Latency Anomaly
2024-12-18 17:20:00,2.4351008,True,1.8495,Latency Anomaly
2024-12-18 17:25:00,2.4402852,True,1.8495,Latency Anomaly
2024-12-18 17:30:00,2.4419222,True,1.8495,Latency Anomaly
2024-12-18 17:35:00,2.4401464,True,1.8495,Latency Anomaly
2024-12-18 17:40:00,2.4413166,True,1.8495,Latency Anomaly
2024-12-18 17:45:00,2.4392695,True,1.8495,Latency Anomaly
2024-12-18 17:50:00,2.4461625,True,1.8495,Latency Anomaly
2024-12-18 17:55:00,2.45023,True,1.8495,Latency Anomaly
2024-12-18 18:00:00,2.4440029,True,1.8495,Latency Anomaly
2024-12-18 18:05:00,2.4328313,True,1.8495,Latency Anomaly
2024-12-18 18:10:00,2.4234567,True,1.8495,Latency Anomaly
2024-12-18 18:15:00,2.42125,True,1.8495,Latency Anomaly
2024-12-18 18:20:00,2.4111545,True,1.8495,Latency Anomaly
2024-12-18 18:25:00,2.4020393,True,1.8495,Latency Anomaly
2024-12-18 18:30:00,2.393574,True,1.8495,Latency Anomaly
2024-12-18 18:35:00,2.3858771,True,1.8495,Latency Anomaly
2024-12-18 18:40:00,2.3777895,True,1.8495,Latency Anomaly
2024-12-18 18:45:00,2.3907347,True,1.8495,Latency Anomaly
2024-12-18 18:50:00,2.3826635,True,1.8495,Latency Anomaly
2024-12-18 18:55:00,2.3740852,True,1.8495,Latency Anomaly
2024-12-18 19:00:00,2.3498645,True,1.8495,Latency Anomaly
2024-12-18 19:05:00,2.3386576,True,1.8495,Latency Anomaly
2024-12-18 19:10:00,2.3216422,True,1.8495,Latency Anomaly
2024-12-18 19:15:00,2.3101506,True,1.8495,Latency Anomaly
2024-12-18 19:20:00,2.292988,True,1.8495,Latency Anomaly
2024-12-18 19:25:00,2.271208,True,1.8495,Latency Anomaly
2024-12-18 19:30:00,2.2500932,True,1.8495,Latency Anomaly
2024-12-18 19:35:00,2.2412908,True,1.8495,Latency Anomaly
2024-12-18 19:40:00,2.2334676,True,1.8495,Latency Anomaly
2024-12-18 19:45:00,2.2252693,True,1.8495,Latency Anomaly
2024-12-18 19:50:00,2.2147698,True,1.8495,Latency Anomaly
2024-12-18 19:55:00,2.1985307,True,1.8495,Latency Anomaly
2024-12-18 20:00:00,2.185376,True,1.8495,Latency Anomaly
2024-12-18 20:05:00,2.1833246,True,1.8495,Latency Anomaly
2024-12-18 20:10:00,2.1623907,True,1.8495,Latency Anomaly
2024-12-18 20:15:00,2.1444302,True,1.8495,Latency Anomaly
2024-12-18 20:20:00,2.1300628,True,1.8495,Latency Anomaly
2024-12-18 20:25:00,2.1084795,True,1.8495,Latency Anomaly
2024-12-18 20:30:00,2.0790339,True,1.8495,Latency Anomaly
2024-12-18 20:35:00,2.062844,True,1.8495,Latency Anomaly
2024-12-18 20:40:00,2.0498822,True,1.8495,Latency Anomaly
2024-12-18 20:45:00,2.0250044,True,1.8495,Latency Anomaly
2024-12-18 20:50:00,2.0167458,True,1.8495,Latency Anomaly
2024-12-18 20:55:00,1.9981277,True,1.8495,Latency Anomaly
2024-12-18 21:00:00,1.9880377,True,1.8495,Latency Anomaly
2024-12-18 21:05:00,1.964993,True,1.8495,Latency Anomaly
2024-12-18 21:10:00,1.9549499,True,1.8495,Latency Anomaly
2024-12-18 21:15:00,1.9467514,True,1.8495,Latency Anomaly
2024-12-18 21:20:00,1.9255543,True,1.8495,Latency Anomaly
2024-12-18 21:25:00,1.9120433,True,1.8495,Latency Anomaly
2024-12-18 21:30:00,1.9025546,True,1.8495,Latency Anomaly
2024-12-18 21:35:00,1.8852241,True,1.8495,Latency Anomaly
2024-12-18 21:40:00,1.8684658,True,1.8495,Latency Anomaly
2024-12-18 21:45:00,1.8550588,True,1.8495,Latency Anomaly
2024-12-19 01:25:00,1.86619,True,1.8495,Latency Anomaly
2024-12-19 01:30:00,1.8756061,True,1.8495,Latency Anomaly
2024-12-19 01:35:00,1.9050896,True,1.8495,Latency Anomaly
2024-12-19 01:40:00,1.9464049,True,1.8495,Latency Anomaly
2024-12-19 01:45:00,1.9629917,True,1.8495,Latency Anomaly
2024-12-19 01:50:00,1.9856176,True,1.8495,Latency Anomaly
2024-12-19 01:55:00,1.9983109,True,1.8495,Latency Anomaly
2024-12-19 02:00:00,2.007664,True,1.8495,Latency Anomaly
2024-12-19 02:05:00,2.0159914,True,1.8495,Latency Anomaly
2024-12-19 02:10:00,2.0577605,True,1.8495,Latency Anomaly
2024-12-19 02:15:00,2.1147857,True,1.8495,Latency Anomaly
2024-12-19 02:20:00,2.1329055,True,1.8495,Latency Anomaly
2024-12-19 02:25:00,2.2056253,True,1.8495,Latency Anomaly
2024-12-19 02:30:00,2.2484608,True,1.8495,Latency Anomaly
2024-12-19 02:35:00,2.2678676,True,1.8495,Latency Anomaly
2024-12-19 02:40:00,2.2821293,True,1.8495,Latency Anomaly
2024-12-19 02:45:00,2.298914,True,1.8495,Latency Anomaly
2024-12-19 02:50:00,2.295996,True,1.8495,Latency Anomaly
2024-12-19 02:55:00,2.317686,True,1.8495,Latency Anomaly
2024-12-19 03:00:00,2.3303854,True,1.8495,Latency Anomaly
2024-12-19 03:05:00,2.3662574,True,1.8495,Latency Anomaly
2024-12-19 03:10:00,2.3638775,True,1.8495,Latency Anomaly
2024-12-19 03:15:00,2.3758585,True,1.8495,Latency Anomaly
2024-12-19 03:20:00,2.3863215,True,1.8495,Latency Anomaly
2024-12-19 03:25:00,2.4106236,True,1.8495,Latency Anomaly
2024-12-19 03:30:00,2.4491725,True,1.8495,Latency Anomaly
2024-12-19 03:35:00,2.4690328,True,1.8495,Latency Anomaly
2024-12-19 03:40:00,2.477027,True,1.8495,Latency Anomaly
2024-12-19 03:45:00,2.5281003,True,1.8495,Latency Anomaly
2024-12-19 03:50:00,2.5490818,True,1.8495,Latency Anomaly
2024-12-19 03:55:00,2.5697718,True,1.8495,Latency Anomaly
2024-12-19 04:00:00,2.5808034,True,1.8495,Latency Anomaly
2024-12-19 04:05:00,2.5968475,True,1.8495,Latency Anomaly
2024-12-19 04:10:00,2.5997381,True,1.8495,Latency Anomaly
2024-12-19 04:15:00,2.6131709,True,1.8495,Latency Anomaly
2024-12-19 04:20:00,2.6178412,True,1.8495,Latency Anomaly
2024-12-19 04:25:00,2.6239793,True,1.8495,Latency Anomaly
2024-12-19 04:30:00,2.63129,True,1.8495,Latency Anomaly
2024-12-19 04:35:00,2.6377406,True,1.8495,Latency Anomaly
2024-12-19 04:40:00,2.6546888,True,1.8495,Latency Anomaly
2024-12-19 04:45:00,2.6558151,True,1.8495,Latency Anomaly
2024-12-19 04:50:00,2.6670153,True,1.8495,Latency Anomaly
2024-12-19 04:55:00,2.6749623,True,1.8495,Latency Anomaly
2024-12-19 05:00:00,2.6541178,True,1.8495,Latency Anomaly
2024-12-19 05:05:00,2.6459868,True,1.8495,Latency Anomaly
2024-12-19 05:10:00,2.6448083,True,1.8495,Latency Anomaly
2024-12-19 05:15:00,2.6615436,True,1.8495,Latency Anomaly
2024-12-19 05:20:00,2.6598496,True,1.8495,Latency Anomaly
2024-12-19 05:25:00,2.6597996,True,1.8495,Latency Anomaly
2024-12-19 05:30:00,2.6512268,True,1.8495,Latency Anomaly
2024-12-19 05:35:00,2.6521204,True,1.8495,Latency Anomaly
2024-12-19 05:40:00,2.6840854,True,1.8495,Latency Anomaly
2024-12-19 05:45:00,2.6900446,True,1.8495,Latency Anomaly
2024-12-19 05:50:00,2.6753414,True,1.8495,Latency Anomaly
2024-12-19 05:55:00,2.6534717,True,1.8495,Latency Anomaly
2024-12-19 06:00:00,2.638434,True,1.8495,Latency Anomaly
2024-12-19 06:05:00,2.648373,True,1.8495,Latency Anomaly
2024-12-19 06:10:00,2.638548,True,1.8495,Latency Anomaly
2024-12-19 06:15:00,2.6352348,True,1.8495,Latency Anomaly
2024-12-19 06:20:00,2.6069787,True,1.8495,Latency Anomaly
2024-12-19 06:25:00,2.6042166,True,1.8495,Latency Anomaly
2024-12-19 06:30:00,2.591117,True,1.8495,Latency Anomaly
2024-12-19 06:35:00,2.596137,True,1.8495,Latency Anomaly
2024-12-19 06:40:00,2.5750644,True,1.8495,Latency Anomaly
2024-12-19 06:45:00,2.5570328,True,1.8495,Latency Anomaly
2024-12-19 06:50:00,2.5449715,True,1.8495,Latency Anomaly
2024-12-19 06:55:00,2.546748,True,1.8495,Latency Anomaly
2024-12-19 07:00:00,2.5285652,True,1.8495,Latency Anomaly
2024-12-19 07:05:00,2.5051916,True,1.8495,Latency Anomaly
2024-12-19 07:10:00,2.495876,True,1.8495,Latency Anomaly
2024-12-19 07:15:00,2.4653587,True,1.8495,Latency Anomaly
2024-12-19 07:20:00,2.4561493,True,1.8495,Latency Anomaly
2024-12-19 07:25:00,2.4153063,True,1.8495,Latency Anomaly
2024-12-19 07:30:00,2.4091976,True,1.8495,Latency Anomaly
2024-12-19 07:35:00,2.3734913,True,1.8495,Latency Anomaly
2024-12-19 07:40:00,2.341633,True,1.8495,Latency Anomaly
2024-12-19 07:45:00,2.310908,True,1.8495,Latency Anomaly
2024-12-19 07:50:00,2.2959745,True,1.8495,Latency Anomaly
2024-12-19 07:55:00,2.2859502,True,1.8495,Latency Anomaly
2024-12-19 08:00:00,2.2718658,True,1.8495,Latency Anomaly
2024-12-19 08:05:00,2.260095,True,1.8495,Latency Anomaly
2024-12-19 08:10:00,2.2268999,True,1.8495,Latency Anomaly
2024-12-19 08:15:00,2.1720724,True,1.8495,Latency Anomaly
2024-12-19 08:20:00,2.149534,True,1.8495,Latency Anomaly
2024-12-19 08:25:00,2.080382,True,1.8495,Latency Anomaly
2024-12-19 08:30:00,2.046536,True,1.8495,Latency Anomaly
2024-12-19 08:35:00,2.0285182,True,1.8495,Latency Anomaly
2024-12-19 08:40:00,2.0098078,True,1.8495,Latency Anomaly
2024-12-19 08:45:00,1.99365,True,1.8495,Latency Anomaly
2024-12-19 08:50:00,1.9903485,True,1.8495,Latency Anomaly
2024-12-19 08:55:00,1.963648,True,1.8495,Latency Anomaly
2024-12-19 09:00:00,1.9532164,True,1.8495,Latency Anomaly
2024-12-19 09:05:00,1.9251091,True,1.8495,Latency Anomaly
2024-12-19 09:10:00,1.9241374,True,1.8495,Latency Anomaly
2024-12-19 09:15:00,1.9131857,True,1.8495,Latency Anomaly
2024-12-19 09:20:00,1.9064243,True,1.8495,Latency Anomaly
2024-12-19 09:25:00,1.8927926,True,1.8495,Latency Anomaly
2024-12-19 09:30:00,1.855495,True,1.8495,Latency Anomaly
2024-12-19 12:40:00,1.8521657,True,1.8495,Latency Anomaly
2024-12-19 12:45:00,1.8662322,True,1.8495,Latency Anomaly
2024-12-19 12:50:00,1.8757126,True,1.8495,Latency Anomaly
2024-12-19 12:55:00,1.8800124,True,1.8495,Latency Anomaly
2024-12-19 13:00:00,1.8952103,True,1.8495,Latency Anomaly
2024-12-19 13:05:00,1.9069895,True,1.8495,Latency Anomaly
2024-12-19 13:10:00,1.923706,True,1.8495,Latency Anomaly
2024-12-19 13:15:00,1.9309978,True,1.8495,Latency Anomaly
2024-12-19 13:20:00,1.9425048,True,1.8495,Latency Anomaly
2024-12-19 13:25:00,1.9563769,True,1.8495,Latency Anomaly
2024-12-19 13:30:00,1.95954,True,1.8495,Latency Anomaly
2024-12-19 13:35:00,1.9772267,True,1.8495,Latency Anomaly
2024-12-19 13:40:00,1.9880184,True,1.8495,Latency Anomaly
2024-12-19 13:45:00,2.0145288,True,1.8495,Latency Anomaly
2024-12-19 13:50:00,2.030511,True,1.8495,Latency Anomaly
2024-12-19 13:55:00,2.047771,True,1.8495,Latency Anomaly
2024-12-19 14:00:00,2.0673778,True,1.8495,Latency Anomaly
2024-12-19 14:05:00,2.0750096,True,1.8495,Latency Anomaly
2024-12-19 14:10:00,2.0936954,True,1.8495,Latency Anomaly
2024-12-19 14:15:00,2.1184263,True,1.8495,Latency Anomaly
2024-12-19 14:20:00,2.1384513,True,1.8495,Latency Anomaly
2024-12-19 14:25:00,2.1633022,True,1.8495,Latency Anomaly
2024-12-19 14:30:00,2.1725802,True,1.8495,Latency Anomaly
2024-12-19 14:35:00,2.195919,True,1.8495,Latency Anomaly
2024-12-19 14:40:00,2.2105129,True,1.8495,Latency Anomaly
2024-12-19 14:45:00,2.2292717,True,1.8495,Latency Anomaly
2024-12-19 14:50:00,2.2382617,True,1.8495,Latency Anomaly
2024-12-19 14:55:00,2.257748,True,1.8495,Latency Anomaly
2024-12-19 15:00:00,2.2698574,True,1.8495,Latency Anomaly
2024-12-19 15:05:00,2.2859728,True,1.8495,Latency Anomaly
2024-12-19 15:10:00,2.2969518,True,1.8495,Latency Anomaly
2024-12-19 15:15:00,2.302513,True,1.8495,Latency Anomaly
2024-12-19 15:20:00,2.321434,True,1.8495,Latency Anomaly
2024-12-19 15:25:00,2.3313894,True,1.8495,Latency Anomaly
2024-12-19 15:30:00,2.3473113,True,1.8495,Latency Anomaly
2024-12-19 15:35:00,2.3614118,True,1.8495,Latency Anomaly
2024-12-19 15:40:00,2.3717945,True,1.8495,Latency Anomaly
2024-12-19 15:45:00,2.3935316,True,1.8495,Latency Anomaly
2024-12-19 15:50:00,2.4231017,True,1.8495,Latency Anomaly
2024-12-19 15:55:00,2.4326038,True,1.8495,Latency Anomaly
2024-12-19 16:00:00,2.4360068,True,1.8495,Latency Anomaly
2024-12-19 16:05:00,2.4402544,True,1.8495,Latency Anomaly
2024-12-19 16:10:00,2.449739,True,1.8495,Latency Anomaly
2024-12-19 16:15:00,2.4577787,True,1.8495,Latency Anomaly
2024-12-19 16:20:00,2.4630556,True,1.8495,Latency Anomaly
2024-12-19 16:25:00,2.4767923,True,1.8495,Latency Anomaly
2024-12-19 16:30:00,2.475949,True,1.8495,Latency Anomaly
2024-12-19 16:35:00,2.487269,True,1.8495,Latency Anomaly
2024-12-19 16:40:00,2.4855337,True,1.8495,Latency Anomaly
2024-12-19 16:45:00,2.4975138,True,1.8495,Latency Anomaly
2024-12-19 16:50:00,2.4982007,True,1.8495,Latency Anomaly
2024-12-19 16:55:00,2.509087,True,1.8495,Latency Anomaly
2024-12-19 17:00:00,2.5023363,True,1.8495,Latency Anomaly
2024-12-19 17:05:00,2.5063677,True,1.8495,Latency Anomaly
2024-12-19 17:10:00,2.5000055,True,1.8495,Latency Anomaly
2024-12-19 17:15:00,2.4982948,True,1.8495,Latency Anomaly
2024-12-19 17:20:00,2.500298,True,1.8495,Latency Anomaly
2024-12-19 17:25:00,2.5047407,True,1.8495,Latency Anomaly
2024-12-19 17:30:00,2.504153,True,1.8495,Latency Anomaly
2024-12-19 17:35:00,2.507522,True,1.8495,Latency Anomaly
2024-12-19 17:40:00,2.5099478,True,1.8495,Latency Anomaly
2024-12-19 17:45:00,2.514933,True,1.8495,Latency Anomaly
2024-12-19 17:50:00,2.514981,True,1.8495,Latency Anomaly
2024-12-19 17:55:00,2.5206609,True,1.8495,Latency Anomaly
2024-12-19 18:00:00,2.5141776,True,1.8495,Latency Anomaly
2024-12-19 18:05:00,2.5142355,True,1.8495,Latency Anomaly
2024-12-19 18:10:00,2.4971244,True,1.8495,Latency Anomaly
2024-12-19 18:15:00,2.4915833,True,1.8495,Latency Anomaly
2024-12-19 18:20:00,2.4807198,True,1.8495,Latency Anomaly
2024-12-19 18:25:00,2.4744604,True,1.8495,Latency Anomaly
2024-12-19 18:30:00,2.4680157,True,1.8495,Latency Anomaly
2024-12-19 18:35:00,2.4668262,True,1.8495,Latency Anomaly
2024-12-19 18:40:00,2.4617603,True,1.8495,Latency Anomaly
2024-12-19 18:45:00,2.449717,True,1.8495,Latency Anomaly
2024-12-19 18:50:00,2.446816,True,1.8495,Latency Anomaly
2024-12-19 18:55:00,2.4377015,True,1.8495,Latency Anomaly
2024-12-19 19:00:00,2.43018,True,1.8495,Latency Anomaly
2024-12-19 19:05:00,2.4181483,True,1.8495,Latency Anomaly
2024-12-19 19:10:00,2.4026215,True,1.8495,Latency Anomaly
2024-12-19 19:15:00,2.387924,True,1.8495,Latency Anomaly
2024-12-19 19:20:00,2.3801143,True,1.8495,Latency Anomaly
2024-12-19 19:25:00,2.365824,True,1.8495,Latency Anomaly
2024-12-19 19:30:00,2.3459775,True,1.8495,Latency Anomaly
2024-12-19 19:35:00,2.3357122,True,1.8495,Latency Anomaly
2024-12-19 19:40:00,2.3064191,True,1.8495,Latency Anomaly
2024-12-19 19:45:00,2.278164,True,1.8495,Latency Anomaly
2024-12-19 19:50:00,2.262982,True,1.8495,Latency Anomaly
2024-12-19 19:55:00,2.2459111,True,1.8495,Latency Anomaly
2024-12-19 20:00:00,2.2294562,True,1.8495,Latency Anomaly
2024-12-19 20:05:00,2.2121396,True,1.8495,Latency Anomaly
2024-12-19 20:10:00,2.1821036,True,1.8495,Latency Anomaly
2024-12-19 20:15:00,2.1588035,True,1.8495,Latency Anomaly
2024-12-19 20:20:00,2.1363199,True,1.8495,Latency Anomaly
2024-12-19 20:25:00,2.1109004,True,1.8495,Latency Anomaly
2024-12-19 20:30:00,2.093983,True,1.8495,Latency Anomaly
2024-12-19 20:35:00,2.0664697,True,1.8495,Latency Anomaly
2024-12-19 20:40:00,2.0469742,True,1.8495,Latency Anomaly
2024-12-19 20:45:00,2.032873,True,1.8495,Latency Anomaly
2024-12-19 20:50:00,2.0260417,True,1.8495,Latency Anomaly
2024-12-19 20:55:00,2.0087175,True,1.8495,Latency Anomaly
2024-12-19 21:00:00,1.9947782,True,1.8495,Latency Anomaly
2024-12-19 21:05:00,1.9800048,True,1.8495,Latency Anomaly
2024-12-19 21:10:00,1.969526,True,1.8495,Latency Anomaly
2024-12-19 21:15:00,1.9645287,True,1.8495,Latency Anomaly
2024-12-19 21:20:00,1.9468334,True,1.8495,Latency Anomaly
2024-12-19 21:25:00,1.9293448,True,1.8495,Latency Anomaly
2024-12-19 21:30:00,1.9107795,True,1.8495,Latency Anomaly
2024-12-19 21:35:00,1.8972213,True,1.8495,Latency Anomaly
2024-12-19 21:40:00,1.8807733,True,1.8495,Latency Anomaly
2024-12-19 21:45:00,1.8566663,True,1.8495,Latency Anomaly
2024-12-20 01:30:00,1.8639756,True,1.8495,Latency Anomaly
2024-12-20 01:35:00,1.8850019,True,1.8495,Latency Anomaly
2024-12-20 01:40:00,1.8970836,True,1.8495,Latency Anomaly
2024-12-20 01:45:00,1.9063917,True,1.8495,Latency Anomaly
2024-12-20 01:50:00,1.9444406,True,1.8495,Latency Anomaly
2024-12-20 01:55:00,1.9618365,True,1.8495,Latency Anomaly
2024-12-20 02:00:00,1.9798155,True,1.8495,Latency Anomaly
2024-12-20 02:05:00,2.0231829,True,1.8495,Latency Anomaly
2024-12-20 02:10:00,2.0519464,True,1.8495,Latency Anomaly
2024-12-20 02:15:00,2.119494,True,1.8495,Latency Anomaly
2024-12-20 02:20:00,2.1293116,True,1.8495,Latency Anomaly
2024-12-20 02:25:00,2.1920846,True,1.8495,Latency Anomaly
2024-12-20 02:30:00,2.2791588,True,1.8495,Latency Anomaly
2024-12-20 02:35:00,2.3010159,True,1.8495,Latency Anomaly
2024-12-20 02:40:00,2.3193161,True,1.8495,Latency Anomaly
2024-12-20 02:45:00,2.34808,True,1.8495,Latency Anomaly
2024-12-20 02:50:00,2.3533251,True,1.8495,Latency Anomaly
2024-12-20 02:55:00,2.4099607,True,1.8495,Latency Anomaly
2024-12-20 03:00:00,2.4177294,True,1.8495,Latency Anomaly
2024-12-20 03:05:00,2.4357727,True,1.8495,Latency Anomaly
2024-12-20 03:10:00,2.4508722,True,1.8495,Latency Anomaly
2024-12-20 03:15:00,2.459979,True,1.8495,Latency Anomaly
2024-12-20 03:20:00,2.4664297,True,1.8495,Latency Anomaly
2024-12-20 03:25:00,2.4735606,True,1.8495,Latency Anomaly
2024-12-20 03:30:00,2.4987779,True,1.8495,Latency Anomaly
2024-12-20 03:35:00,2.535418,True,1.8495,Latency Anomaly
2024-12-20 03:40:00,2.5693986,True,1.8495,Latency Anomaly
2024-12-20 03:45:00,2.6270983,True,1.8495,Latency Anomaly
2024-12-20 03:50:00,2.6749885,True,1.8495,Latency Anomaly
2024-12-20 03:55:00,2.693508,True,1.8495,Latency Anomaly
2024-12-20 04:00:00,2.6848788,True,1.8495,Latency Anomaly
2024-12-20 04:05:00,2.6863327,True,1.8495,Latency Anomaly
2024-12-20 04:10:00,2.6850493,True,1.8495,Latency Anomaly
2024-12-20 04:15:00,2.6894763,True,1.8495,Latency Anomaly
2024-12-20 04:20:00,2.6878586,True,1.8495,Latency Anomaly
2024-12-20 04:25:00,2.6967015,True,1.8495,Latency Anomaly
2024-12-20 04:30:00,2.7093065,True,1.8495,Latency Anomaly
2024-12-20 04:35:00,2.7134697,True,1.8495,Latency Anomaly
2024-12-20 04:40:00,2.733035,True,1.8495,Latency Anomaly
2024-12-20 04:45:00,2.7388186,True,1.8495,Latency Anomaly
2024-12-20 04:50:00,2.7622073,True,1.8495,Latency Anomaly
2024-12-20 04:55:00,2.767113,True,1.8495,Latency Anomaly
2024-12-20 05:00:00,2.7830825,True,1.8495,Latency Anomaly
2024-12-20 05:05:00,2.7768404,True,1.8495,Latency Anomaly
2024-12-20 05:10:00,2.8019412,True,1.8495,Latency Anomaly
2024-12-20 05:15:00,2.7992175,True,1.8495,Latency Anomaly
2024-12-20 05:20:00,2.8035538,True,1.8495,Latency Anomaly
2024-12-20 05:25:00,2.8070774,True,1.8495,Latency Anomaly
2024-12-20 05:30:00,2.8028476,True,1.8495,Latency Anomaly
2024-12-20 05:35:00,2.8021293,True,1.8495,Latency Anomaly
2024-12-20 05:40:00,2.809377,True,1.8495,Latency Anomaly
2024-12-20 05:45:00,2.8223486,True,1.8495,Latency Anomaly
2024-12-20 05:50:00,2.8301764,True,1.8495,Latency Anomaly
2024-12-20 05:55:00,2.832202,True,1.8495,Latency Anomaly
2024-12-20 06:00:00,2.8250291,True,1.8495,Latency Anomaly
2024-12-20 06:05:00,2.8249962,True,1.8495,Latency Anomaly
2024-12-20 06:10:00,2.815786,True,1.8495,Latency Anomaly
2024-12-20 06:15:00,2.8137312,True,1.8495,Latency Anomaly
2024-12-20 06:20:00,2.8071363,True,1.8495,Latency Anomaly
2024-12-20 06:25:00,2.823809,True,1.8495,Latency Anomaly
2024-12-20 06:30:00,2.8165524,True,1.8495,Latency Anomaly
2024-12-20 06:35:00,2.8059626,True,1.8495,Latency Anomaly
2024-12-20 06:40:00,2.782203,True,1.8495,Latency Anomaly
2024-12-20 06:45:00,2.7652137,True,1.8495,Latency Anomaly
2024-12-20 06:50:00,2.767408,True,1.8495,Latency Anomaly
2024-12-20 06:55:00,2.7445276,True,1.8495,Latency Anomaly
2024-12-20 07:00:00,2.7162554,True,1.8495,Latency Anomaly
2024-12-20 07:05:00,2.696372,True,1.8495,Latency Anomaly
2024-12-20 07:10:00,2.6849146,True,1.8495,Latency Anomaly
2024-12-20 07:15:00,2.6613688,True,1.8495,Latency Anomaly
2024-12-20 07:20:00,2.6327367,True,1.8495,Latency Anomaly
2024-12-20 07:25:00,2.6019201,True,1.8495,Latency Anomaly
2024-12-20 07:30:00,2.5639791,True,1.8495,Latency Anomaly
2024-12-20 07:35:00,2.5363922,True,1.8495,Latency Anomaly
2024-12-20 07:40:00,2.521223,True,1.8495,Latency Anomaly
2024-12-20 07:45:00,2.5162494,True,1.8495,Latency Anomaly
2024-12-20 07:50:00,2.4718826,True,1.8495,Latency Anomaly
2024-12-20 07:55:00,2.451657,True,1.8495,Latency Anomaly
2024-12-20 08:00:00,2.430214,True,1.8495,Latency Anomaly
2024-12-20 08:05:00,2.3905556,True,1.8495,Latency Anomaly
2024-12-20 08:10:00,2.3848076,True,1.8495,Latency Anomaly
2024-12-20 08:15:00,2.3218975,True,1.8495,Latency Anomaly
2024-12-20 08:20:00,2.3179119,True,1.8495,Latency Anomaly
2024-12-20 08:25:00,2.2570572,True,1.8495,Latency Anomaly
2024-12-20 08:30:00,2.1703832,True,1.8495,Latency Anomaly
2024-12-20 08:35:00,2.1529994,True,1.8495,Latency Anomaly
2024-12-20 08:40:00,2.1393766,True,1.8495,Latency Anomaly
2024-12-20 08:45:00,2.1108463,True,1.8495,Latency Anomaly
2024-12-20 08:50:00,2.1152656,True,1.8495,Latency Anomaly
2024-12-20 08:55:00,2.058338,True,1.8495,Latency Anomaly
2024-12-20 09:00:00,2.059535,True,1.8495,Latency Anomaly
2024-12-20 09:05:00,2.0444915,True,1.8495,Latency Anomaly
2024-12-20 09:10:00,2.0342467,True,1.8495,Latency Anomaly
2024-12-20 09:15:00,2.019916,True,1.8495,Latency Anomaly
2024-12-20 09:20:00,2.0171533,True,1.8495,Latency Anomaly
2024-12-20 09:25:00,2.0085742,True,1.8495,Latency Anomaly
2024-12-20 09:30:00,1.9911007,True,1.8495,Latency Anomaly
2024-12-20 09:35:00,1.9489086,True,1.8495,Latency Anomaly
2024-12-20 09:40:00,1.9239255,True,1.8495,Latency Anomaly
2024-12-20 09:45:00,1.8688557,True,1.8495,Latency Anomaly
2024-12-20 13:10:00,1.8651218,True,1.8495,Latency Anomaly
2024-12-20 13:15:00,1.8883519,True,1.8495,Latency Anomaly
2024-12-20 13:20:00,1.9042194,True,1.8495,Latency Anomaly
2024-12-20 13:25:00,1.9202054,True,1.8495,Latency Anomaly
2024-12-20 13:30:00,1.9364489,True,1.8495,Latency Anomaly
2024-12-20 13:35:00,1.9495065,True,1.8495,Latency Anomaly
2024-12-20 13:40:00,1.9664558,True,1.8495,Latency Anomaly
2024-12-20 13:45:00,1.9790541,True,1.8495,Latency Anomaly
2024-12-20 13:50:00,1.990582,True,1.8495,Latency Anomaly
2024-12-20 13:55:00,2.001697,True,1.8495,Latency Anomaly
2024-12-20 14:00:00,2.0276215,True,1.8495,Latency Anomaly
2024-12-20 14:05:00,2.0550559,True,1.8495,Latency Anomaly
2024-12-20 14:10:00,2.0525765,True,1.8495,Latency Anomaly
2024-12-20 14:15:00,2.0730934,True,1.8495,Latency Anomaly
2024-12-20 14:20:00,2.0948312,True,1.8495,Latency Anomaly
2024-12-20 14:25:00,2.1067324,True,1.8495,Latency Anomaly
2024-12-20 14:30:00,2.1233616,True,1.8495,Latency Anomaly
2024-12-20 14:35:00,2.1416876,True,1.8495,Latency Anomaly
2024-12-20 14:40:00,2.1624103,True,1.8495,Latency Anomaly
2024-12-20 14:45:00,2.1838472,True,1.8495,Latency Anomaly
2024-12-20 14:50:00,2.1844022,True,1.8495,Latency Anomaly
2024-12-20 14:55:00,2.2010076,True,1.8495,Latency Anomaly
2024-12-20 15:00:00,2.2087548,True,1.8495,Latency Anomaly
2024-12-20 15:05:00,2.2169998,True,1.8495,Latency Anomaly
2024-12-20 15:10:00,2.227765,True,1.8495,Latency Anomaly
2024-12-20 15:15:00,2.2382267,True,1.8495,Latency Anomaly
2024-12-20 15:20:00,2.2525547,True,1.8495,Latency Anomaly
2024-12-20 15:25:00,2.2692747,True,1.8495,Latency Anomaly
2024-12-20 15:30:00,2.2823162,True,1.8495,Latency Anomaly
2024-12-20 15:35:00,2.301478,True,1.8495,Latency Anomaly
2024-12-20 15:40:00,2.3158643,True,1.8495,Latency Anomaly
2024-12-20 15:45:00,2.332692,True,1.8495,Latency Anomaly
2024-12-20 15:50:00,2.3553467,True,1.8495,Latency Anomaly
2024-12-20 15:55:00,2.3765497,True,1.8495,Latency Anomaly
2024-12-20 16:00:00,2.3807764,True,1.8495,Latency Anomaly
2024-12-20 16:05:00,2.379321,True,1.8495,Latency Anomaly
2024-12-20 16:10:00,2.3862154,True,1.8495,Latency Anomaly
2024-12-20 16:15:00,2.3923116,True,1.8495,Latency Anomaly
2024-12-20 16:20:00,2.4095972,True,1.8495,Latency Anomaly
2024-12-20 16:25:00,2.4137692,True,1.8495,Latency Anomaly
2024-12-20 16:30:00,2.4284694,True,1.8495,Latency Anomaly
2024-12-20 16:35:00,2.4396582,True,1.8495,Latency Anomaly
2024-12-20 16:40:00,2.4631104,True,1.8495,Latency Anomaly
2024-12-20 16:45:00,2.476143,True,1.8495,Latency Anomaly
2024-12-20 16:50:00,2.481251,True,1.8495,Latency Anomaly
2024-12-20 16:55:00,2.4839046,True,1.8495,Latency Anomaly
2024-12-20 17:00:00,2.4869335,True,1.8495,Latency Anomaly
2024-12-20 17:05:00,2.4852188,True,1.8495,Latency Anomaly
2024-12-20 17:10:00,2.4835603,True,1.8495,Latency Anomaly
2024-12-20 17:15:00,2.4900944,True,1.8495,Latency Anomaly
2024-12-20 17:20:00,2.4952817,True,1.8495,Latency Anomaly
2024-12-20 17:25:00,2.4969432,True,1.8495,Latency Anomaly
2024-12-20 17:30:00,2.5071735,True,1.8495,Latency Anomaly
2024-12-20 17:35:00,2.5088677,True,1.8495,Latency Anomaly
2024-12-20 17:40:00,2.5069315,True,1.8495,Latency Anomaly
2024-12-20 17:45:00,2.501984,True,1.8495,Latency Anomaly
2024-12-20 17:50:00,2.508016,True,1.8495,Latency Anomaly
2024-12-20 17:55:00,2.506949,True,1.8495,Latency Anomaly
2024-12-20 18:00:00,2.5004032,True,1.8495,Latency Anomaly
2024-12-20 18:05:00,2.4873421,True,1.8495,Latency Anomaly
2024-12-20 18:10:00,2.4847205,True,1.8495,Latency Anomaly
2024-12-20 18:15:00,2.4783978,True,1.8495,Latency Anomaly
2024-12-20 18:20:00,2.4701982,True,1.8495,Latency Anomaly
2024-12-20 18:25:00,2.4639313,True,1.8495,Latency Anomaly
2024-12-20 18:30:00,2.4485428,True,1.8495,Latency Anomaly
2024-12-20 18:35:00,2.4387527,True,1.8495,Latency Anomaly
2024-12-20 18:40:00,2.441576,True,1.8495,Latency Anomaly
2024-12-20 18:45:00,2.4381144,True,1.8495,Latency Anomaly
2024-12-20 18:50:00,2.4274063,True,1.8495,Latency Anomaly
2024-12-20 18:55:00,2.4251695,True,1.8495,Latency Anomaly
2024-12-20 19:00:00,2.4119525,True,1.8495,Latency Anomaly
2024-12-20 19:05:00,2.4061208,True,1.8495,Latency Anomaly
2024-12-20 19:10:00,2.3980012,True,1.8495,Latency Anomaly
2024-12-20 19:15:00,2.3789492,True,1.8495,Latency Anomaly
2024-12-20 19:20:00,2.3706243,True,1.8495,Latency Anomaly
2024-12-20 19:25:00,2.3614945,True,1.8495,Latency Anomaly
2024-12-20 19:30:00,2.3481166,True,1.8495,Latency Anomaly
2024-12-20 19:35:00,2.3391044,True,1.8495,Latency Anomaly
2024-12-20 19:40:00,2.3208933,True,1.8495,Latency Anomaly
2024-12-20 19:45:00,2.3052123,True,1.8495,Latency Anomaly
2024-12-20 19:50:00,2.2922447,True,1.8495,Latency Anomaly
2024-12-20 19:55:00,2.2815924,True,1.8495,Latency Anomaly
2024-12-20 20:00:00,2.2684693,True,1.8495,Latency Anomaly
2024-12-20 20:05:00,2.2405858,True,1.8495,Latency Anomaly
2024-12-20 20:10:00,2.232384,True,1.8495,Latency Anomaly
2024-12-20 20:15:00,2.2092972,True,1.8495,Latency Anomaly
2024-12-20 20:20:00,2.177746,True,1.8495,Latency Anomaly
2024-12-20 20:25:00,2.1627674,True,1.8495,Latency Anomaly
2024-12-20 20:30:00,2.1467485,True,1.8495,Latency Anomaly
2024-12-20 20:35:00,2.1250718,True,1.8495,Latency Anomaly
2024-12-20 20:40:00,2.0984523,True,1.8495,Latency Anomaly
2024-12-20 20:45:00,2.0809944,True,1.8495,Latency Anomaly
2024-12-20 20:50:00,2.069596,True,1.8495,Latency Anomaly
2024-12-20 20:55:00,2.0504088,True,1.8495,Latency Anomaly
2024-12-20 21:00:00,2.0352771,True,1.8495,Latency Anomaly
2024-12-20 21:05:00,2.0152943,True,1.8495,Latency Anomaly
2024-12-20 21:10:00,1.9964296,True,1.8495,Latency Anomaly
2024-12-20 21:15:00,1.9902536,True,1.8495,Latency Anomaly
2024-12-20 21:20:00,1.9713726,True,1.8495,Latency Anomaly
2024-12-20 21:25:00,1.9659181,True,1.8495,Latency Anomaly
2024-12-20 21:30:00,1.9498731,True,1.8495,Latency Anomaly
2024-12-20 21:35:00,1.9443456,True,1.8495,Latency Anomaly
2024-12-20 21:40:00,1.9236957,True,1.8495,Latency Anomaly
2024-12-20 21:45:00,1.9039794,True,1.8495,Latency Anomaly
2024-12-20 21:50:00,1.8825518,True,1.8495,Latency Anomaly
2024-12-20 21:55:00,1.8682622,True,1.8495,Latency Anomaly
2024-12-20 22:00:00,1.8572882,True,1.8495,Latency Anomaly
2024-12-21 01:30:00,1.8690732,True,1.8495,Latency Anomaly
2024-12-21 01:35:00,1.8882146,True,1.8495,Latency Anomaly
2024-12-21 01:40:00,1.9119462,True,1.8495,Latency Anomaly
2024-12-21 01:45:00,1.9193394,True,1.8495,Latency Anomaly
2024-12-21 01:50:00,1.9942951,True,1.8495,Latency Anomaly
2024-12-21 01:55:00,2.0114799,True,1.8495,Latency Anomaly
2024-12-21 02:00:00,2.0276022,True,1.8495,Latency Anomaly
2024-12-21 02:05:00,2.0375438,True,1.8495,Latency Anomaly
2024-12-21 02:10:00,2.047997,True,1.8495,Latency Anomaly
2024-12-21 02:15:00,2.1032324,True,1.8495,Latency Anomaly
2024-12-21 02:20:00,2.1202595,True,1.8495,Latency Anomaly
2024-12-21 02:25:00,2.1335142,True,1.8495,Latency Anomaly
2024-12-21 02:30:00,2.2390926,True,1.8495,Latency Anomaly
2024-12-21 02:35:00,2.307713,True,1.8495,Latency Anomaly
2024-12-21 02:40:00,2.3645751,True,1.8495,Latency Anomaly
2024-12-21 02:45:00,2.4042861,True,1.8495,Latency Anomaly
2024-12-21 02:50:00,2.4381642,True,1.8495,Latency Anomaly
2024-12-21 02:55:00,2.5170631,True,1.8495,Latency Anomaly
2024-12-21 03:00:00,2.5672393,True,1.8495,Latency Anomaly
2024-12-21 03:05:00,2.594182,True,1.8495,Latency Anomaly
2024-12-21 03:10:00,2.6099758,True,1.8495,Latency Anomaly
2024-12-21 03:15:00,2.6218052,True,1.8495,Latency Anomaly
2024-12-21 03:20:00,2.6733618,True,1.8495,Latency Anomaly
2024-12-21 03:25:00,2.7834928,True,1.8495,Latency Anomaly
2024-12-21 03:30:00,2.8085723,True,1.8495,Latency Anomaly
2024-12-21 03:35:00,2.8273962,True,1.8495,Latency Anomaly
2024-12-21 03:40:00,2.8541596,True,1.8495,Latency Anomaly
2024-12-21 03:45:00,2.8617418,True,1.8495,Latency Anomaly
2024-12-21 03:50:00,2.8941724,True,1.8495,Latency Anomaly
2024-12-21 03:55:00,2.9243627,True,1.8495,Latency Anomaly
2024-12-21 04:00:00,2.9307482,True,1.8495,Latency Anomaly
2024-12-21 04:05:00,2.9380727,True,1.8495,Latency Anomaly
2024-12-21 04:10:00,2.9488256,True,1.8495,Latency Anomaly
2024-12-21 04:15:00,2.9608648,True,1.8495,Latency Anomaly
2024-12-21 04:20:00,2.987551,True,1.8495,Latency Anomaly
2024-12-21 04:25:00,3.0080154,True,1.8495,Latency Anomaly
2024-12-21 04:30:00,3.0258634,True,1.8495,Latency Anomaly
2024-12-21 04:35:00,3.0358431,True,1.8495,Latency Anomaly
2024-12-21 04:40:00,3.046306,True,1.8495,Latency Anomaly
2024-12-21 04:45:00,3.0514994,True,1.8495,Latency Anomaly
2024-12-21 04:50:00,3.0550609,True,1.8495,Latency Anomaly
2024-12-21 04:55:00,3.0691006,True,1.8495,Latency Anomaly
2024-12-21 05:00:00,3.0774963,True,1.8495,Latency Anomaly
2024-12-21 05:05:00,3.070344,True,1.8495,Latency Anomaly
2024-12-21 05:10:00,3.0637035,True,1.8495,Latency Anomaly
2024-12-21 05:15:00,3.068945,True,1.8495,Latency Anomaly
2024-12-21 05:20:00,3.069875,True,1.8495,Latency Anomaly
2024-12-21 05:25:00,3.066454,True,1.8495,Latency Anomaly
2024-12-21 05:30:00,3.0695066,True,1.8495,Latency Anomaly
2024-12-21 05:35:00,3.084028,True,1.8495,Latency Anomaly
2024-12-21 05:40:00,3.0919223,True,1.8495,Latency Anomaly
2024-12-21 05:45:00,3.1016366,True,1.8495,Latency Anomaly
2024-12-21 05:50:00,3.1148548,True,1.8495,Latency Anomaly
2024-12-21 05:55:00,3.1304214,True,1.8495,Latency Anomaly
2024-12-21 06:00:00,3.131149,True,1.8495,Latency Anomaly
2024-12-21 06:05:00,3.1193144,True,1.8495,Latency Anomaly
2024-12-21 06:10:00,3.1069636,True,1.8495,Latency Anomaly
2024-12-21 06:15:00,3.111674,True,1.8495,Latency Anomaly
2024-12-21 06:20:00,3.1065211,True,1.8495,Latency Anomaly
2024-12-21 06:25:00,3.1019776,True,1.8495,Latency Anomaly
2024-12-21 06:30:00,3.0889177,True,1.8495,Latency Anomaly
2024-12-21 06:35:00,3.0893035,True,1.8495,Latency Anomaly
2024-12-21 06:40:00,3.07304,True,1.8495,Latency Anomaly
2024-12-21 06:45:00,3.068621,True,1.8495,Latency Anomaly
2024-12-21 06:50:00,3.0584934,True,1.8495,Latency Anomaly
2024-12-21 06:55:00,3.0708525,True,1.8495,Latency Anomaly
2024-12-21 07:00:00,3.0586853,True,1.8495,Latency Anomaly
2024-12-21 07:05:00,3.030619,True,1.8495,Latency Anomaly
2024-12-21 07:10:00,3.0184245,True,1.8495,Latency Anomaly
2024-12-21 07:15:00,2.989594,True,1.8495,Latency Anomaly
2024-12-21 07:20:00,2.9695873,True,1.8495,Latency Anomaly
2024-12-21 07:25:00,2.9428873,True,1.8495,Latency Anomaly
2024-12-21 07:30:00,2.8947499,True,1.8495,Latency Anomaly
2024-12-21 07:35:00,2.8739924,True,1.8495,Latency Anomaly
2024-12-21 07:40:00,2.85487,True,1.8495,Latency Anomaly
2024-12-21 07:45:00,2.8590589,True,1.8495,Latency Anomaly
2024-12-21 07:50:00,2.793818,True,1.8495,Latency Anomaly
2024-12-21 07:55:00,2.782836,True,1.8495,Latency Anomaly
2024-12-21 08:00:00,2.757978,True,1.8495,Latency Anomaly
2024-12-21 08:05:00,2.7449582,True,1.8495,Latency Anomaly
2024-12-21 08:10:00,2.7345738,True,1.8495,Latency Anomaly
2024-12-21 08:15:00,2.6780086,True,1.8495,Latency Anomaly
2024-12-21 08:20:00,2.669871,True,1.8495,Latency Anomaly
2024-12-21 08:25:00,2.6662276,True,1.8495,Latency Anomaly
2024-12-21 08:30:00,2.5570357,True,1.8495,Latency Anomaly
2024-12-21 08:35:00,2.4989767,True,1.8495,Latency Anomaly
2024-12-21 08:40:00,2.4430091,True,1.8495,Latency Anomaly
2024-12-21 08:45:00,2.4045353,True,1.8495,Latency Anomaly
2024-12-21 08:50:00,2.3585415,True,1.8495,Latency Anomaly
2024-12-21 08:55:00,2.2786193,True,1.8495,Latency Anomaly
2024-12-21 09:00:00,2.2251596,True,1.8495,Latency Anomaly
2024-12-21 09:05:00,2.206495,True,1.8495,Latency Anomaly
2024-12-21 09:10:00,2.1976092,True,1.8495,Latency Anomaly
2024-12-21 09:15:00,2.1771433,True,1.8495,Latency Anomaly
2024-12-21 09:20:00,2.1247802,True,1.8495,Latency Anomaly
2024-12-21 09:25:00,2.0001779,True,1.8495,Latency Anomaly
2024-12-21 09:30:00,1.9803202,True,1.8495,Latency Anomaly
2024-12-21 09:35:00,1.9513499,True,1.8495,Latency Anomaly
2024-12-21 09:40:00,1.9223595,True,1.8495,Latency Anomaly
2024-12-21 09:45:00,1.9135494,True,1.8495,Latency Anomaly
2024-12-21 09:50:00,1.882691,True,1.8495,Latency Anomaly
2024-12-21 09:55:00,1.8528981,True,1.8495,Latency Anomaly
2024-12-21 10:00:00,1.8525991,True,1.8495,Latency Anomaly
2024-12-21 10:05:00,1.8503844,True,1.8495,Latency Anomaly
2024-12-21 10:10:00,1.8538811,True,1.8495,Latency Anomaly
2024-12-21 10:15:00,1.8574084,True,1.8495,Latency Anomaly
2024-12-22 00:30:00,1.8621926,True,1.8495,Latency Anomaly
2024-12-22 00:35:00,1.8767649,True,1.8495,Latency Anomaly
2024-12-22 00:40:00,1.8807392,True,1.8495,Latency Anomaly
2024-12-22 00:45:00,1.9190344,True,1.8495,Latency Anomaly
2024-12-22 00:50:00,1.968698,True,1.8495,Latency Anomaly
2024-12-22 00:55:00,2.0094552,True,1.8495,Latency Anomaly
2024-12-22 01:00:00,2.0333202,True,1.8495,Latency Anomaly
2024-12-22 01:05:00,2.0627966,True,1.8495,Latency Anomaly
2024-12-22 01:10:00,2.0919797,True,1.8495,Latency Anomaly
2024-12-22 01:15:00,2.1112857,True,1.8495,Latency Anomaly
2024-12-22 01:20:00,2.1238773,True,1.8495,Latency Anomaly
2024-12-22 01:25:00,2.1311967,True,1.8495,Latency Anomaly
2024-12-22 01:30:00,2.1791987,True,1.8495,Latency Anomaly
2024-12-22 01:35:00,2.2471857,True,1.8495,Latency Anomaly
2024-12-22 01:40:00,2.3052695,True,1.8495,Latency Anomaly
2024-12-22 01:45:00,2.3178053,True,1.8495,Latency Anomaly
2024-12-22 01:50:00,2.3486536,True,1.8495,Latency Anomaly
2024-12-22 01:55:00,2.426516,True,1.8495,Latency Anomaly
2024-12-22 02:00:00,2.4555452,True,1.8495,Latency Anomaly
2024-12-22 02:05:00,2.4872296,True,1.8495,Latency Anomaly
2024-12-22 02:10:00,2.5136452,True,1.8495,Latency Anomaly
2024-12-22 02:15:00,2.6153255,True,1.8495,Latency Anomaly
2024-12-22 02:20:00,2.691336,True,1.8495,Latency Anomaly
2024-12-22 02:25:00,2.755731,True,1.8495,Latency Anomaly
2024-12-22 02:30:00,2.8114343,True,1.8495,Latency Anomaly
2024-12-22 02:35:00,2.84125,True,1.8495,Latency Anomaly
2024-12-22 02:40:00,2.8628502,True,1.8495,Latency Anomaly
2024-12-22 02:45:00,2.9272013,True,1.8495,Latency Anomaly
2024-12-22 02:50:00,2.9521685,True,1.8495,Latency Anomaly
2024-12-22 02:55:00,3.024213,True,1.8495,Latency Anomaly
2024-12-22 03:00:00,3.0444574,True,1.8495,Latency Anomaly
2024-12-22 03:05:00,3.0626152,True,1.8495,Latency Anomaly
2024-12-22 03:10:00,3.0722203,True,1.8495,Latency Anomaly
2024-12-22 03:15:00,3.079094,True,1.8495,Latency Anomaly
2024-12-22 03:20:00,3.1318521,True,1.8495,Latency Anomaly
2024-12-22 03:25:00,3.13556,True,1.8495,Latency Anomaly
2024-12-22 03:30:00,3.1539965,True,1.8495,Latency Anomaly
2024-12-22 03:35:00,3.151204,True,1.8495,Latency Anomaly
2024-12-22 03:40:00,3.2702844,True,1.8495,Latency Anomaly
2024-12-22 03:45:00,3.2878113,True,1.8495,Latency Anomaly
2024-12-22 03:50:00,3.3507867,True,1.8495,Latency Anomaly
2024-12-22 03:55:00,3.3602896,True,1.8495,Latency Anomaly
2024-12-22 04:00:00,3.364266,True,1.8495,Latency Anomaly
2024-12-22 04:05:00,3.4016123,True,1.8495,Latency Anomaly
2024-12-22 04:10:00,3.4085531,True,1.8495,Latency Anomaly
2024-12-22 04:15:00,3.4182858,True,1.8495,Latency Anomaly
2024-12-22 04:20:00,3.4375982,True,1.8495,Latency Anomaly
2024-12-22 04:25:00,3.4614124,True,1.8495,Latency Anomaly
2024-12-22 04:30:00,3.4568455,True,1.8495,Latency Anomaly
2024-12-22 04:35:00,3.4556532,True,1.8495,Latency Anomaly
2024-12-22 04:40:00,3.4671052,True,1.8495,Latency Anomaly
2024-12-22 04:45:00,3.4700432,True,1.8495,Latency Anomaly
2024-12-22 04:50:00,3.4797058,True,1.8495,Latency Anomaly
2024-12-22 04:55:00,3.495676,True,1.8495,Latency Anomaly
2024-12-22 05:00:00,3.4996302,True,1.8495,Latency Anomaly
2024-12-22 05:05:00,3.5021172,True,1.8495,Latency Anomaly
2024-12-22 05:10:00,3.5082436,True,1.8495,Latency Anomaly
2024-12-22 05:15:00,3.5104127,True,1.8495,Latency Anomaly
2024-12-22 05:20:00,3.5046968,True,1.8495,Latency Anomaly
2024-12-22 05:25:00,3.5075305,True,1.8495,Latency Anomaly
2024-12-22 05:30:00,3.5025861,True,1.8495,Latency Anomaly
2024-12-22 05:35:00,3.5097537,True,1.8495,Latency Anomaly
2024-12-22 05:40:00,3.5084414,True,1.8495,Latency Anomaly
2024-12-22 05:45:00,3.4925,True,1.8495,Latency Anomaly
2024-12-22 05:50:00,3.5064175,True,1.8495,Latency Anomaly
2024-12-22 05:55:00,3.5181115,True,1.8495,Latency Anomaly
2024-12-22 06:00:00,3.4712586,True,1.8495,Latency Anomaly
2024-12-22 06:05:00,3.4584954,True,1.8495,Latency Anomaly
2024-12-22 06:10:00,3.4544816,True,1.8495,Latency Anomaly
2024-12-22 06:15:00,3.4535387,True,1.8495,Latency Anomaly
2024-12-22 06:20:00,3.4315968,True,1.8495,Latency Anomaly
2024-12-22 06:25:00,3.3908072,True,1.8495,Latency Anomaly
2024-12-22 06:30:00,3.37211,True,1.8495,Latency Anomaly
2024-12-22 06:35:00,3.3646116,True,1.8495,Latency Anomaly
2024-12-22 06:40:00,3.3588014,True,1.8495,Latency Anomaly
2024-12-22 06:45:00,3.3183188,True,1.8495,Latency Anomaly
2024-12-22 06:50:00,3.2777665,True,1.8495,Latency Anomaly
2024-12-22 06:55:00,3.234122,True,1.8495,Latency Anomaly
2024-12-22 07:00:00,3.207962,True,1.8495,Latency Anomaly
2024-12-22 07:05:00,3.1880434,True,1.8495,Latency Anomaly
2024-12-22 07:10:00,3.1667743,True,1.8495,Latency Anomaly
2024-12-22 07:15:00,3.1529083,True,1.8495,Latency Anomaly
2024-12-22 07:20:00,3.139375,True,1.8495,Latency Anomaly
2024-12-22 07:25:00,3.1319408,True,1.8495,Latency Anomaly
2024-12-22 07:30:00,3.081287,True,1.8495,Latency Anomaly
2024-12-22 07:35:00,3.017967,True,1.8495,Latency Anomaly
2024-12-22 07:40:00,2.966224,True,1.8495,Latency Anomaly
2024-12-22 07:45:00,2.9559278,True,1.8495,Latency Anomaly
2024-12-22 07:50:00,2.928533,True,1.8495,Latency Anomaly
2024-12-22 07:55:00,2.862694,True,1.8495,Latency Anomaly
2024-12-22 08:00:00,2.8409936,True,1.8495,Latency Anomaly
2024-12-22 08:05:00,2.8157945,True,1.8495,Latency Anomaly
2024-12-22 08:10:00,2.792912,True,1.8495,Latency Anomaly
2024-12-22 08:15:00,2.6919837,True,1.8495,Latency Anomaly
2024-12-22 08:20:00,2.6267586,True,1.8495,Latency Anomaly
2024-12-22 08:25:00,2.567611,True,1.8495,Latency Anomaly
2024-12-22 08:30:00,2.5235806,True,1.8495,Latency Anomaly
2024-12-22 08:35:00,2.50248,True,1.8495,Latency Anomaly
2024-12-22 08:40:00,2.4722795,True,1.8495,Latency Anomaly
2024-12-22 08:45:00,2.414211,True,1.8495,Latency Anomaly
2024-12-22 08:50:00,2.3944974,True,1.8495,Latency Anomaly
2024-12-22 08:55:00,2.3358316,True,1.8495,Latency Anomaly
2024-12-22 09:00:00,2.320504,True,1.8495,Latency Anomaly
2024-12-22 09:05:00,2.2930822,True,1.8495,Latency Anomaly
2024-12-22 09:10:00,2.278005,True,1.8495,Latency Anomaly
2024-12-22 09:15:00,2.2585335,True,1.8495,Latency Anomaly
2024-12-22 09:20:00,2.2098987,True,1.8495,Latency Anomaly
2024-12-22 09:25:00,2.1923857,True,1.8495,Latency Anomaly
2024-12-22 09:30:00,2.1826851,True,1.8495,Latency Anomaly
2024-12-22 09:35:00,2.1732814,True,1.8495,Latency Anomaly
2024-12-22 09:40:00,2.0569322,True,1.8495,Latency Anomaly
2024-12-22 09:45:00,2.0399752,True,1.8495,Latency Anomaly
2024-12-22 09:50:00,1.9773352,True,1.8495,Latency Anomaly
2024-12-22 09:55:00,1.9606329,True,1.8495,Latency Anomaly
2024-12-22 10:00:00,1.930366,True,1.8495,Latency Anomaly
2024-12-22 10:05:00,1.891466,True,1.8495,Latency Anomaly
2024-12-22 10:10:00,1.8728834,True,1.8495,Latency Anomaly
2024-12-22 10:15:00,1.8660898,True,1.8495,Latency Anomaly
2024-12-23 00:25:00,1.8560916,True,1.8495,Latency Anomaly
2024-12-23 00:30:00,1.8612783,True,1.8495,Latency Anomaly
2024-12-23 00:35:00,1.8660963,True,1.8495,Latency Anomaly
2024-12-23 00:40:00,1.8937649,True,1.8495,Latency Anomaly
2024-12-23 00:45:00,1.9038278,True,1.8495,Latency Anomaly
2024-12-23 00:50:00,1.9122206,True,1.8495,Latency Anomaly
2024-12-23 00:55:00,1.9156624,True,1.8495,Latency Anomaly
2024-12-23 01:00:00,1.9325125,True,1.8495,Latency Anomaly
2024-12-23 01:05:00,1.9549125,True,1.8495,Latency Anomaly
2024-12-23 01:10:00,1.9600708,True,1.8495,Latency Anomaly
2024-12-23 01:15:00,1.9664199,True,1.8495,Latency Anomaly
2024-12-23 01:20:00,1.9860817,True,1.8495,Latency Anomaly
2024-12-23 01:25:00,2.002321,True,1.8495,Latency Anomaly
2024-12-23 01:30:00,2.0165098,True,1.8495,Latency Anomaly
2024-12-23 01:35:00,2.027162,True,1.8495,Latency Anomaly
2024-12-23 01:40:00,2.0379305,True,1.8495,Latency Anomaly
2024-12-23 01:45:00,2.0543232,True,1.8495,Latency Anomaly
2024-12-23 01:50:00,2.0621178,True,1.8495,Latency Anomaly
2024-12-23 01:55:00,2.1257458,True,1.8495,Latency Anomaly
2024-12-23 02:00:00,2.140054,True,1.8495,Latency Anomaly
2024-12-23 02:05:00,2.1510377,True,1.8495,Latency Anomaly
2024-12-23 02:10:00,2.1885228,True,1.8495,Latency Anomaly
2024-12-23 02:15:00,2.1989112,True,1.8495,Latency Anomaly
2024-12-23 02:20:00,2.2493804,True,1.8495,Latency Anomaly
2024-12-23 02:25:00,2.2911305,True,1.8495,Latency Anomaly
2024-12-23 02:30:00,2.3239834,True,1.8495,Latency Anomaly
2024-12-23 02:35:00,2.349341,True,1.8495,Latency Anomaly
2024-12-23 02:40:00,2.3891473,True,1.8495,Latency Anomaly
2024-12-23 02:45:00,2.395131,True,1.8495,Latency Anomaly
2024-12-23 02:50:00,2.4440312,True,1.8495,Latency Anomaly
2024-12-23 02:55:00,2.4944286,True,1.8495,Latency Anomaly
2024-12-23 03:00:00,2.493445,True,1.8495,Latency Anomaly
2024-12-23 03:05:00,2.5014477,True,1.8495,Latency Anomaly
2024-12-23 03:10:00,2.517874,True,1.8495,Latency Anomaly
2024-12-23 03:15:00,2.529233,True,1.8495,Latency Anomaly
2024-12-23 03:20:00,2.5320957,True,1.8495,Latency Anomaly
2024-12-23 03:25:00,2.531238,True,1.8495,Latency Anomaly
2024-12-23 03:30:00,2.5767896,True,1.8495,Latency Anomaly
2024-12-23 03:35:00,2.6254377,True,1.8495,Latency Anomaly
2024-12-23 03:40:00,2.6380634,True,1.8495,Latency Anomaly
2024-12-23 03:45:00,2.6651404,True,1.8495,Latency Anomaly
2024-12-23 03:50:00,2.686799,True,1.8495,Latency Anomaly
2024-12-23 03:55:00,2.7288344,True,1.8495,Latency Anomaly
2024-12-23 04:00:00,2.7414584,True,1.8495,Latency Anomaly
2024-12-23 04:05:00,2.7539148,True,1.8495,Latency Anomaly
2024-12-23 04:10:00,2.742435,True,1.8495,Latency Anomaly
2024-12-23 04:15:00,2.7403014,True,1.8495,Latency Anomaly
2024-12-23 04:20:00,2.722191,True,1.8495,Latency Anomaly
2024-12-23 04:25:00,2.725737,True,1.8495,Latency Anomaly
2024-12-23 04:30:00,2.7402616,True,1.8495,Latency Anomaly
2024-12-23 04:35:00,2.7328718,True,1.8495,Latency Anomaly
2024-12-23 04:40:00,2.726034,True,1.8495,Latency Anomaly
2024-12-23 04:45:00,2.7066743,True,1.8495,Latency Anomaly
2024-12-23 04:50:00,2.6989486,True,1.8495,Latency Anomaly
2024-12-23 04:55:00,2.6873143,True,1.8495,Latency Anomaly
2024-12-23 05:00:00,2.6906185,True,1.8495,Latency Anomaly
2024-12-23 05:05:00,2.6770723,True,1.8495,Latency Anomaly
2024-12-23 05:10:00,2.679888,True,1.8495,Latency Anomaly
2024-12-23 05:15:00,2.6579685,True,1.8495,Latency Anomaly
2024-12-23 05:20:00,2.6723957,True,1.8495,Latency Anomaly
2024-12-23 05:25:00,2.6612158,True,1.8495,Latency Anomaly
2024-12-23 05:30:00,2.6683278,True,1.8495,Latency Anomaly
2024-12-23 05:35:00,2.6451423,True,1.8495,Latency Anomaly
2024-12-23 05:40:00,2.6560547,True,1.8495,Latency Anomaly
2024-12-23 05:45:00,2.6451876,True,1.8495,Latency Anomaly
2024-12-23 05:50:00,2.6466534,True,1.8495,Latency Anomaly
2024-12-23 05:55:00,2.6183984,True,1.8495,Latency Anomaly
2024-12-23 06:00:00,2.6156344,True,1.8495,Latency Anomaly
2024-12-23 06:05:00,2.600482,True,1.8495,Latency Anomaly
2024-12-23 06:10:00,2.6000845,True,1.8495,Latency Anomaly
2024-12-23 06:15:00,2.5696065,True,1.8495,Latency Anomaly
2024-12-23 06:20:00,2.560635,True,1.8495,Latency Anomaly
2024-12-23 06:25:00,2.5465207,True,1.8495,Latency Anomaly
2024-12-23 06:30:00,2.5471845,True,1.8495,Latency Anomaly
2024-12-23 06:35:00,2.5391784,True,1.8495,Latency Anomaly
2024-12-23 06:40:00,2.5209286,True,1.8495,Latency Anomaly
2024-12-23 06:45:00,2.5143282,True,1.8495,Latency Anomaly
2024-12-23 06:50:00,2.5063944,True,1.8495,Latency Anomaly
2024-12-23 06:55:00,2.499639,True,1.8495,Latency Anomaly
2024-12-23 07:00:00,2.4876122,True,1.8495,Latency Anomaly
2024-12-23 07:05:00,2.4606059,True,1.8495,Latency Anomaly
2024-12-23 07:10:00,2.451235,True,1.8495,Latency Anomaly
2024-12-23 07:15:00,2.4484854,True,1.8495,Latency Anomaly
2024-12-23 07:20:00,2.4267793,True,1.8495,Latency Anomaly
2024-12-23 07:25:00,2.4226837,True,1.8495,Latency Anomaly
2024-12-23 07:30:00,2.417872,True,1.8495,Latency Anomaly
2024-12-23 07:35:00,2.4050624,True,1.8495,Latency Anomaly
2024-12-23 07:40:00,2.4037318,True,1.8495,Latency Anomaly
2024-12-23 07:45:00,2.3831756,True,1.8495,Latency Anomaly
2024-12-23 07:50:00,2.3772278,True,1.8495,Latency Anomaly
2024-12-23 07:55:00,2.31333,True,1.8495,Latency Anomaly
2024-12-23 08:00:00,2.290712,True,1.8495,Latency Anomaly
2024-12-23 08:05:00,2.279537,True,1.8495,Latency Anomaly
2024-12-23 08:10:00,2.252981,True,1.8495,Latency Anomaly
2024-12-23 08:15:00,2.2391417,True,1.8495,Latency Anomaly
2024-12-23 08:20:00,2.1746213,True,1.8495,Latency Anomaly
2024-12-23 08:25:00,2.1317098,True,1.8495,Latency Anomaly
2024-12-23 08:30:00,2.0996404,True,1.8495,Latency Anomaly
2024-12-23 08:35:00,2.0679119,True,1.8495,Latency Anomaly
2024-12-23 08:40:00,2.0262783,True,1.8495,Latency Anomaly
2024-12-23 08:45:00,2.004611,True,1.8495,Latency Anomaly
2024-12-23 08:50:00,1.9518725,True,1.8495,Latency Anomaly
2024-12-23 08:55:00,1.9053386,True,1.8495,Latency Anomaly
2024-12-23 09:00:00,1.9050874,True,1.8495,Latency Anomaly
2024-12-23 09:05:00,1.8998487,True,1.8495,Latency Anomaly
2024-12-23 09:10:00,1.8808701,True,1.8495,Latency Anomaly
2024-12-23 09:15:00,1.8661523,True,1.8495,Latency Anomaly
2024-12-23 09:20:00,1.8633395,True,1.8495,Latency Anomaly
2024-12-23 12:50:00,1.8527416,True,1.8495,Latency Anomaly
2024-12-23 12:55:00,1.8681337,True,1.8495,Latency Anomaly
2024-12-23 13:00:00,1.8823751,True,1.8495,Latency Anomaly
2024-12-23 13:05:00,1.9079303,True,1.8495,Latency Anomaly
2024-12-23 13:10:00,1.9230111,True,1.8495,Latency Anomaly
2024-12-23 13:15:00,1.9396538,True,1.8495,Latency Anomaly
2024-12-23 13:20:00,1.9487407,True,1.8495,Latency Anomaly
2024-12-23 13:25:00,1.9597566,True,1.8495,Latency Anomaly
2024-12-23 13:30:00,1.9688998,True,1.8495,Latency Anomaly
2024-12-23 13:35:00,1.9820912,True,1.8495,Latency Anomaly
2024-12-23 13:40:00,1.9916675,True,1.8495,Latency Anomaly
2024-12-23 13:45:00,2.0110261,True,1.8495,Latency Anomaly
2024-12-23 13:50:00,2.038407,True,1.8495,Latency Anomaly
2024-12-23 13:55:00,2.0542681,True,1.8495,Latency Anomaly
2024-12-23 14:00:00,2.0702624,True,1.8495,Latency Anomaly
2024-12-23 14:05:00,2.0919437,True,1.8495,Latency Anomaly
2024-12-23 14:10:00,2.1008315,True,1.8495,Latency Anomaly
2024-12-23 14:15:00,2.1173592,True,1.8495,Latency Anomaly
2024-12-23 14:20:00,2.1384842,True,1.8495,Latency Anomaly
2024-12-23 14:25:00,2.1585906,True,1.8495,Latency Anomaly
2024-12-23 14:30:00,2.1766372,True,1.8495,Latency Anomaly
2024-12-23 14:35:00,2.1972387,True,1.8495,Latency Anomaly
2024-12-23 14:40:00,2.2225661,True,1.8495,Latency Anomaly
2024-12-23 14:45:00,2.2499344,True,1.8495,Latency Anomaly
2024-12-23 14:50:00,2.2710478,True,1.8495,Latency Anomaly
2024-12-23 14:55:00,2.28467,True,1.8495,Latency Anomaly
2024-12-23 15:00:00,2.2989604,True,1.8495,Latency Anomaly
2024-12-23 15:05:00,2.3135722,True,1.8495,Latency Anomaly
2024-12-23 15:10:00,2.3272743,True,1.8495,Latency Anomaly
2024-12-23 15:15:00,2.3409805,True,1.8495,Latency Anomaly
2024-12-23 15:20:00,2.3533406,True,1.8495,Latency Anomaly
2024-12-23 15:25:00,2.3823273,True,1.8495,Latency Anomaly
2024-12-23 15:30:00,2.3877375,True,1.8495,Latency Anomaly
2024-12-23 15:35:00,2.3932698,True,1.8495,Latency Anomaly
2024-12-23 15:40:00,2.4109807,True,1.8495,Latency Anomaly
2024-12-23 15:45:00,2.4251149,True,1.8495,Latency Anomaly
2024-12-23 15:50:00,2.4386294,True,1.8495,Latency Anomaly
2024-12-23 15:55:00,2.4500365,True,1.8495,Latency Anomaly
2024-12-23 16:00:00,2.4546175,True,1.8495,Latency Anomaly
2024-12-23 16:05:00,2.4584956,True,1.8495,Latency Anomaly
2024-12-23 16:10:00,2.4642606,True,1.8495,Latency Anomaly
2024-12-23 16:15:00,2.4771442,True,1.8495,Latency Anomaly
2024-12-23 16:20:00,2.4774926,True,1.8495,Latency Anomaly
2024-12-23 16:25:00,2.4849255,True,1.8495,Latency Anomaly
2024-12-23 16:30:00,2.485386,True,1.8495,Latency Anomaly
2024-12-23 16:35:00,2.5003622,True,1.8495,Latency Anomaly
2024-12-23 16:40:00,2.5131493,True,1.8495,Latency Anomaly
2024-12-23 16:45:00,2.508556,True,1.8495,Latency Anomaly
2024-12-23 16:50:00,2.517018,True,1.8495,Latency Anomaly
2024-12-23 16:55:00,2.5227187,True,1.8495,Latency Anomaly
2024-12-23 17:00:00,2.5276606,True,1.8495,Latency Anomaly
2024-12-23 17:05:00,2.521065,True,1.8495,Latency Anomaly
2024-12-23 17:10:00,2.516497,True,1.8495,Latency Anomaly
2024-12-23 17:15:00,2.5121279,True,1.8495,Latency Anomaly
2024-12-23 17:20:00,2.5153382,True,1.8495,Latency Anomaly
2024-12-23 17:25:00,2.5084088,True,1.8495,Latency Anomaly
2024-12-23 17:30:00,2.5072842,True,1.8495,Latency Anomaly
2024-12-23 17:35:00,2.4965506,True,1.8495,Latency Anomaly
2024-12-23 17:40:00,2.4959066,True,1.8495,Latency Anomaly
2024-12-23 17:45:00,2.497706,True,1.8495,Latency Anomaly
2024-12-23 17:50:00,2.491856,True,1.8495,Latency Anomaly
2024-12-23 17:55:00,2.4947422,True,1.8495,Latency Anomaly
2024-12-23 18:00:00,2.4939501,True,1.8495,Latency Anomaly
2024-12-23 18:05:00,2.4860032,True,1.8495,Latency Anomaly
2024-12-23 18:10:00,2.4742532,True,1.8495,Latency Anomaly
2024-12-23 18:15:00,2.4728587,True,1.8495,Latency Anomaly
2024-12-23 18:20:00,2.470948,True,1.8495,Latency Anomaly
2024-12-23 18:25:00,2.4573433,True,1.8495,Latency Anomaly
2024-12-23 18:30:00,2.4513378,True,1.8495,Latency Anomaly
2024-12-23 18:35:00,2.4447095,True,1.8495,Latency Anomaly
2024-12-23 18:40:00,2.439782,True,1.8495,Latency Anomaly
2024-12-23 18:45:00,2.4344778,True,1.8495,Latency Anomaly
2024-12-23 18:50:00,2.424088,True,1.8495,Latency Anomaly
2024-12-23 18:55:00,2.4118085,True,1.8495,Latency Anomaly
2024-12-23 19:00:00,2.3977199,True,1.8495,Latency Anomaly
2024-12-23 19:05:00,2.3759623,True,1.8495,Latency Anomaly
2024-12-23 19:10:00,2.373345,True,1.8495,Latency Anomaly
2024-12-23 19:15:00,2.3573282,True,1.8495,Latency Anomaly
2024-12-23 19:20:00,2.3529546,True,1.8495,Latency Anomaly
2024-12-23 19:25:00,2.3315449,True,1.8495,Latency Anomaly
2024-12-23 19:30:00,2.3264651,True,1.8495,Latency Anomaly
2024-12-23 19:35:00,2.3097146,True,1.8495,Latency Anomaly
2024-12-23 19:40:00,2.299081,True,1.8495,Latency Anomaly
2024-12-23 19:45:00,2.2860436,True,1.8495,Latency Anomaly
2024-12-23 19:50:00,2.2572954,True,1.8495,Latency Anomaly
2024-12-23 19:55:00,2.2460725,True,1.8495,Latency Anomaly
2024-12-23 20:00:00,2.2316236,True,1.8495,Latency Anomaly
2024-12-23 20:05:00,2.2139142,True,1.8495,Latency Anomaly
2024-12-23 20:10:00,2.1971996,True,1.8495,Latency Anomaly
2024-12-23 20:15:00,2.1828945,True,1.8495,Latency Anomaly
2024-12-23 20:20:00,2.1553886,True,1.8495,Latency Anomaly
2024-12-23 20:25:00,2.1413958,True,1.8495,Latency Anomaly
2024-12-23 20:30:00,2.1294086,True,1.8495,Latency Anomaly
2024-12-23 20:35:00,2.1074145,True,1.8495,Latency Anomaly
2024-12-23 20:40:00,2.0845976,True,1.8495,Latency Anomaly
2024-12-23 20:45:00,2.0644107,True,1.8495,Latency Anomaly
2024-12-23 20:50:00,2.049199,True,1.8495,Latency Anomaly
2024-12-23 20:55:00,2.038993,True,1.8495,Latency Anomaly
2024-12-23 21:00:00,2.0166938,True,1.8495,Latency Anomaly
2024-12-23 21:05:00,1.9959161,True,1.8495,Latency Anomaly
2024-12-23 21:10:00,1.9808191,True,1.8495,Latency Anomaly
2024-12-23 21:15:00,1.9591551,True,1.8495,Latency Anomaly
2024-12-23 21:20:00,1.9374231,True,1.8495,Latency Anomaly
2024-12-23 21:25:00,1.9114172,True,1.8495,Latency Anomaly
2024-12-23 21:30:00,1.8980749,True,1.8495,Latency Anomaly
2024-12-23 21:35:00,1.8901404,True,1.8495,Latency Anomaly
2024-12-23 21:40:00,1.8677189,True,1.8495,Latency Anomaly
2024-12-24 01:50:00,1.8647135,True,1.8495,Latency Anomaly
2024-12-24 01:55:00,1.8762766,True,1.8495,Latency Anomaly
2024-12-24 02:00:00,1.8895613,True,1.8495,Latency Anomaly
2024-12-24 02:05:00,1.9098095,True,1.8495,Latency Anomaly
2024-12-24 02:10:00,1.9182438,True,1.8495,Latency Anomaly
2024-12-24 02:15:00,1.953977,True,1.8495,Latency Anomaly
2024-12-24 02:20:00,1.9902358,True,1.8495,Latency Anomaly
2024-12-24 02:25:00,2.0002694,True,1.8495,Latency Anomaly
2024-12-24 02:30:00,2.030652,True,1.8495,Latency Anomaly
2024-12-24 02:35:00,2.0516596,True,1.8495,Latency Anomaly
2024-12-24 02:40:00,2.0819333,True,1.8495,Latency Anomaly
2024-12-24 02:45:00,2.079277,True,1.8495,Latency Anomaly
2024-12-24 02:50:00,2.135183,True,1.8495,Latency Anomaly
2024-12-24 02:55:00,2.1731298,True,1.8495,Latency Anomaly
2024-12-24 03:00:00,2.1895914,True,1.8495,Latency Anomaly
2024-12-24 03:05:00,2.2107732,True,1.8495,Latency Anomaly
2024-12-24 03:10:00,2.2218556,True,1.8495,Latency Anomaly
2024-12-24 03:15:00,2.2501311,True,1.8495,Latency Anomaly
2024-12-24 03:20:00,2.266288,True,1.8495,Latency Anomaly
2024-12-24 03:25:00,2.2854688,True,1.8495,Latency Anomaly
2024-12-24 03:30:00,2.3055775,True,1.8495,Latency Anomaly
2024-12-24 03:35:00,2.3221,True,1.8495,Latency Anomaly
2024-12-24 03:40:00,2.348284,True,1.8495,Latency Anomaly
2024-12-24 03:45:00,2.3644109,True,1.8495,Latency Anomaly
2024-12-24 03:50:00,2.3632982,True,1.8495,Latency Anomaly
2024-12-24 03:55:00,2.3996186,True,1.8495,Latency Anomaly
2024-12-24 04:00:00,2.415997,True,1.8495,Latency Anomaly
2024-12-24 04:05:00,2.4265122,True,1.8495,Latency Anomaly
2024-12-24 04:10:00,2.4516497,True,1.8495,Latency Anomaly
2024-12-24 04:15:00,2.4651282,True,1.8495,Latency Anomaly
2024-12-24 04:20:00,2.4821575,True,1.8495,Latency Anomaly
2024-12-24 04:25:00,2.4790766,True,1.8495,Latency Anomaly
2024-12-24 04:30:00,2.4887931,True,1.8495,Latency Anomaly
2024-12-24 04:35:00,2.4972103,True,1.8495,Latency Anomaly
2024-12-24 04:40:00,2.503581,True,1.8495,Latency Anomaly
2024-12-24 04:45:00,2.5155892,True,1.8495,Latency Anomaly
2024-12-24 04:50:00,2.5191662,True,1.8495,Latency Anomaly
2024-12-24 04:55:00,2.5247028,True,1.8495,Latency Anomaly
2024-12-24 05:00:00,2.5168657,True,1.8495,Latency Anomaly
2024-12-24 05:05:00,2.5238018,True,1.8495,Latency Anomaly
2024-12-24 05:10:00,2.518726,True,1.8495,Latency Anomaly
2024-12-24 05:15:00,2.5292451,True,1.8495,Latency Anomaly
2024-12-24 05:20:00,2.5263026,True,1.8495,Latency Anomaly
2024-12-24 05:25:00,2.5403895,True,1.8495,Latency Anomaly
2024-12-24 05:30:00,2.5490353,True,1.8495,Latency Anomaly
2024-12-24 05:35:00,2.5427363,True,1.8495,Latency Anomaly
2024-12-24 05:40:00,2.5472257,True,1.8495,Latency Anomaly
2024-12-24 05:45:00,2.5577013,True,1.8495,Latency Anomaly
2024-12-24 05:50:00,2.567117,True,1.8495,Latency Anomaly
2024-12-24 05:55:00,2.5651815,True,1.8495,Latency Anomaly
2024-12-24 06:00:00,2.550577,True,1.8495,Latency Anomaly
2024-12-24 06:05:00,2.5422814,True,1.8495,Latency Anomaly
2024-12-24 06:10:00,2.5310562,True,1.8495,Latency Anomaly
2024-12-24 06:15:00,2.5283904,True,1.8495,Latency Anomaly
2024-12-24 06:20:00,2.527137,True,1.8495,Latency Anomaly
2024-12-24 06:25:00,2.5263722,True,1.8495,Latency Anomaly
2024-12-24 06:30:00,2.5088038,True,1.8495,Latency Anomaly
2024-12-24 06:35:00,2.504073,True,1.8495,Latency Anomaly
2024-12-24 06:40:00,2.504933,True,1.8495,Latency Anomaly
2024-12-24 06:45:00,2.4945197,True,1.8495,Latency Anomaly
2024-12-24 06:50:00,2.4795632,True,1.8495,Latency Anomaly
2024-12-24 06:55:00,2.4685702,True,1.8495,Latency Anomaly
2024-12-24 07:00:00,2.4131763,True,1.8495,Latency Anomaly
2024-12-24 07:05:00,2.4019687,True,1.8495,Latency Anomaly
2024-12-24 07:10:00,2.3797145,True,1.8495,Latency Anomaly
2024-12-24 07:15:00,2.354324,True,1.8495,Latency Anomaly
2024-12-24 07:20:00,2.3210738,True,1.8495,Latency Anomaly
2024-12-24 07:25:00,2.2983804,True,1.8495,Latency Anomaly
2024-12-24 07:30:00,2.2840092,True,1.8495,Latency Anomaly
2024-12-24 07:35:00,2.2640018,True,1.8495,Latency Anomaly
2024-12-24 07:40:00,2.2638204,True,1.8495,Latency Anomaly
2024-12-24 07:45:00,2.2696955,True,1.8495,Latency Anomaly
2024-12-24 07:50:00,2.2590067,True,1.8495,Latency Anomaly
2024-12-24 07:55:00,2.25014,True,1.8495,Latency Anomaly
2024-12-24 08:00:00,2.235223,True,1.8495,Latency Anomaly
2024-12-24 08:05:00,2.2113893,True,1.8495,Latency Anomaly
2024-12-24 08:10:00,2.2032518,True,1.8495,Latency Anomaly
2024-12-24 08:15:00,2.1718602,True,1.8495,Latency Anomaly
2024-12-24 08:20:00,2.1431935,True,1.8495,Latency Anomaly
2024-12-24 08:25:00,2.1254258,True,1.8495,Latency Anomaly
2024-12-24 08:30:00,2.0943487,True,1.8495,Latency Anomaly
2024-12-24 08:35:00,2.0720637,True,1.8495,Latency Anomaly
2024-12-24 08:40:00,2.044752,True,1.8495,Latency Anomaly
2024-12-24 08:45:00,2.0463169,True,1.8495,Latency Anomaly
2024-12-24 08:50:00,1.9956238,True,1.8495,Latency Anomaly
2024-12-24 08:55:00,1.9553329,True,1.8495,Latency Anomaly
2024-12-24 09:00:00,1.9438007,True,1.8495,Latency Anomaly
2024-12-24 09:05:00,1.9332753,True,1.8495,Latency Anomaly
2024-12-24 09:10:00,1.9243463,True,1.8495,Latency Anomaly
2024-12-24 09:15:00,1.906275,True,1.8495,Latency Anomaly
2024-12-24 09:20:00,1.8978716,True,1.8495,Latency Anomaly
2024-12-24 09:25:00,1.8838497,True,1.8495,Latency Anomaly
2024-12-24 09:30:00,1.8624399,True,1.8495,Latency Anomaly
2024-12-24 12:45:00,1.8514076,True,1.8495,Latency Anomaly
2024-12-24 12:50:00,1.879026,True,1.8495,Latency Anomaly
2024-12-24 12:55:00,1.8895241,True,1.8495,Latency Anomaly
2024-12-24 13:00:00,1.9070035,True,1.8495,Latency Anomaly
2024-12-24 13:05:00,1.9294226,True,1.8495,Latency Anomaly
2024-12-24 13:10:00,1.9513041,True,1.8495,Latency Anomaly
2024-12-24 13:15:00,1.9725398,True,1.8495,Latency Anomaly
2024-12-24 13:20:00,1.9949996,True,1.8495,Latency Anomaly
2024-12-24 13:25:00,2.0235004,True,1.8495,Latency Anomaly
2024-12-24 13:30:00,2.0369694,True,1.8495,Latency Anomaly
2024-12-24 13:35:00,2.0660372,True,1.8495,Latency Anomaly
2024-12-24 13:40:00,2.071721,True,1.8495,Latency Anomaly
2024-12-24 13:45:00,2.089338,True,1.8495,Latency Anomaly
2024-12-24 13:50:00,2.103883,True,1.8495,Latency Anomaly
2024-12-24 13:55:00,2.1098082,True,1.8495,Latency Anomaly
2024-12-24 14:00:00,2.1262426,True,1.8495,Latency Anomaly
2024-12-24 14:05:00,2.1460526,True,1.8495,Latency Anomaly
2024-12-24 14:10:00,2.1706142,True,1.8495,Latency Anomaly
2024-12-24 14:15:00,2.187286,True,1.8495,Latency Anomaly
2024-12-24 14:20:00,2.2112489,True,1.8495,Latency Anomaly
2024-12-24 14:25:00,2.241356,True,1.8495,Latency Anomaly
2024-12-24 14:30:00,2.252092,True,1.8495,Latency Anomaly
2024-12-24 14:35:00,2.2735853,True,1.8495,Latency Anomaly
2024-12-24 14:40:00,2.2924125,True,1.8495,Latency Anomaly
2024-12-24 14:45:00,2.3106055,True,1.8495,Latency Anomaly
2024-12-24 14:50:00,2.3258517,True,1.8495,Latency Anomaly
2024-12-24 14:55:00,2.3355787,True,1.8495,Latency Anomaly
2024-12-24 15:00:00,2.348533,True,1.8495,Latency Anomaly
2024-12-24 15:05:00,2.3528576,True,1.8495,Latency Anomaly
2024-12-24 15:10:00,2.3701909,True,1.8495,Latency Anomaly
2024-12-24 15:15:00,2.384913,True,1.8495,Latency Anomaly
2024-12-24 15:20:00,2.3969595,True,1.8495,Latency Anomaly
2024-12-24 15:25:00,2.4146929,True,1.8495,Latency Anomaly
2024-12-24 15:30:00,2.4225874,True,1.8495,Latency Anomaly
2024-12-24 15:35:00,2.4307034,True,1.8495,Latency Anomaly
2024-12-24 15:40:00,2.4405973,True,1.8495,Latency Anomaly
2024-12-24 15:45:00,2.4599183,True,1.8495,Latency Anomaly
2024-12-24 15:50:00,2.481027,True,1.8495,Latency Anomaly
2024-12-24 15:55:00,2.4958088,True,1.8495,Latency Anomaly
2024-12-24 16:00:00,2.503569,True,1.8495,Latency Anomaly
2024-12-24 16:05:00,2.50992,True,1.8495,Latency Anomaly
2024-12-24 16:10:00,2.52659,True,1.8495,Latency Anomaly
2024-12-24 16:15:00,2.5265386,True,1.8495,Latency Anomaly
2024-12-24 16:20:00,2.5426676,True,1.8495,Latency Anomaly
2024-12-24 16:25:00,2.5483685,True,1.8495,Latency Anomaly
2024-12-24 16:30:00,2.5564597,True,1.8495,Latency Anomaly
2024-12-24 16:35:00,2.5617845,True,1.8495,Latency Anomaly
2024-12-24 16:40:00,2.5673838,True,1.8495,Latency Anomaly
2024-12-24 16:45:00,2.5758517,True,1.8495,Latency Anomaly
2024-12-24 16:50:00,2.5861936,True,1.8495,Latency Anomaly
2024-12-24 16:55:00,2.590888,True,1.8495,Latency Anomaly
2024-12-24 17:00:00,2.5872638,True,1.8495,Latency Anomaly
2024-12-24 17:05:00,2.5823982,True,1.8495,Latency Anomaly
2024-12-24 17:10:00,2.5889544,True,1.8495,Latency Anomaly
2024-12-24 17:15:00,2.5851853,True,1.8495,Latency Anomaly
2024-12-24 17:20:00,2.585007,True,1.8495,Latency Anomaly
2024-12-24 17:25:00,2.5909963,True,1.8495,Latency Anomaly
2024-12-24 17:30:00,2.5912316,True,1.8495,Latency Anomaly
2024-12-24 17:35:00,2.598325,True,1.8495,Latency Anomaly
2024-12-24 17:40:00,2.6056514,True,1.8495,Latency Anomaly
2024-12-24 17:45:00,2.6020322,True,1.8495,Latency Anomaly
2024-12-24 17:50:00,2.6015828,True,1.8495,Latency Anomaly
2024-12-24 17:55:00,2.600925,True,1.8495,Latency Anomaly
2024-12-24 18:00:00,2.5985985,True,1.8495,Latency Anomaly
2024-12-24 18:05:00,2.588089,True,1.8495,Latency Anomaly
2024-12-24 18:10:00,2.5823157,True,1.8495,Latency Anomaly
2024-12-24 18:15:00,2.5767915,True,1.8495,Latency Anomaly
2024-12-24 18:20:00,2.5731447,True,1.8495,Latency Anomaly
2024-12-24 18:25:00,2.5624328,True,1.8495,Latency Anomaly
2024-12-24 18:30:00,2.554979,True,1.8495,Latency Anomaly
2024-12-24 18:35:00,2.5477457,True,1.8495,Latency Anomaly
2024-12-24 18:40:00,2.5453696,True,1.8495,Latency Anomaly
2024-12-24 18:45:00,2.5398564,True,1.8495,Latency Anomaly
2024-12-24 18:50:00,2.5240474,True,1.8495,Latency Anomaly
2024-12-24 18:55:00,2.5247045,True,1.8495,Latency Anomaly
2024-12-24 19:00:00,2.5148246,True,1.8495,Latency Anomaly
2024-12-24 19:05:00,2.4979334,True,1.8495,Latency Anomaly
2024-12-24 19:10:00,2.4817567,True,1.8495,Latency Anomaly
2024-12-24 19:15:00,2.465514,True,1.8495,Latency Anomaly
2024-12-24 19:20:00,2.4411333,True,1.8495,Latency Anomaly
2024-12-24 19:25:00,2.4197571,True,1.8495,Latency Anomaly
2024-12-24 19:30:00,2.4159684,True,1.8495,Latency Anomaly
2024-12-24 19:35:00,2.388918,True,1.8495,Latency Anomaly
2024-12-24 19:40:00,2.3712795,True,1.8495,Latency Anomaly
2024-12-24 19:45:00,2.3434558,True,1.8495,Latency Anomaly
2024-12-24 19:50:00,2.3294077,True,1.8495,Latency Anomaly
2024-12-24 19:55:00,2.3209293,True,1.8495,Latency Anomaly
2024-12-24 20:00:00,2.307034,True,1.8495,Latency Anomaly
2024-12-24 20:05:00,2.2902017,True,1.8495,Latency Anomaly
2024-12-24 20:10:00,2.265536,True,1.8495,Latency Anomaly
2024-12-24 20:15:00,2.2472289,True,1.8495,Latency Anomaly
2024-12-24 20:20:00,2.2240412,True,1.8495,Latency Anomaly
2024-12-24 20:25:00,2.2086403,True,1.8495,Latency Anomaly
2024-12-24 20:30:00,2.1950612,True,1.8495,Latency Anomaly
2024-12-24 20:35:00,2.1759562,True,1.8495,Latency Anomaly
2024-12-24 20:40:00,2.1560662,True,1.8495,Latency Anomaly
2024-12-24 20:45:00,2.130911,True,1.8495,Latency Anomaly
2024-12-24 20:50:00,2.1096494,True,1.8495,Latency Anomaly
2024-12-24 20:55:00,2.0962133,True,1.8495,Latency Anomaly
2024-12-24 21:00:00,2.0771496,True,1.8495,Latency Anomaly
2024-12-24 21:05:00,2.0712235,True,1.8495,Latency Anomaly
2024-12-24 21:10:00,2.0536628,True,1.8495,Latency Anomaly
2024-12-24 21:15:00,2.0336263,True,1.8495,Latency Anomaly
2024-12-24 21:20:00,2.0185463,True,1.8495,Latency Anomaly
2024-12-24 21:25:00,1.9932562,True,1.8495,Latency Anomaly
2024-12-24 21:30:00,1.9866807,True,1.8495,Latency Anomaly
2024-12-24 21:35:00,1.9791784,True,1.8495,Latency Anomaly
2024-12-24 21:40:00,1.9721471,True,1.8495,Latency Anomaly
2024-12-24 21:45:00,1.9651657,True,1.8495,Latency Anomaly
2024-12-24 21:50:00,1.9394311,True,1.8495,Latency Anomaly
2024-12-24 21:55:00,1.9299941,True,1.8495,Latency Anomaly
2024-12-24 22:00:00,1.9257289,True,1.8495,Latency Anomaly
2024-12-24 22:05:00,1.9093727,True,1.8495,Latency Anomaly
2024-12-24 22:10:00,1.8893737,True,1.8495,Latency Anomaly
2024-12-24 22:15:00,1.8910477,True,1.8495,Latency Anomaly
2024-12-24 22:20:00,1.8707062,True,1.8495,Latency Anomaly
2024-12-24 22:25:00,1.8615258,True,1.8495,Latency Anomaly
2024-12-24 22:30:00,1.8554298,True,1.8495,Latency Anomaly
2024-12-24 22:35:00,1.8518028,True,1.8495,Latency Anomaly
2024-12-25 01:20:00,1.8535411,True,1.8495,Latency Anomaly
2024-12-25 01:25:00,1.8653216,True,1.8495,Latency Anomaly
2024-12-25 01:30:00,1.8914366,True,1.8495,Latency Anomaly
2024-12-25 01:35:00,1.9121916,True,1.8495,Latency Anomaly
2024-12-25 01:40:00,1.9458911,True,1.8495,Latency Anomaly
2024-12-25 01:45:00,1.9631237,True,1.8495,Latency Anomaly
2024-12-25 01:50:00,1.9849457,True,1.8495,Latency Anomaly
2024-12-25 01:55:00,2.006024,True,1.8495,Latency Anomaly
2024-12-25 02:00:00,2.0192437,True,1.8495,Latency Anomaly
2024-12-25 02:05:00,2.0216343,True,1.8495,Latency Anomaly
2024-12-25 02:10:00,2.062093,True,1.8495,Latency Anomaly
2024-12-25 02:15:00,2.081893,True,1.8495,Latency Anomaly
2024-12-25 02:20:00,2.081354,True,1.8495,Latency Anomaly
2024-12-25 02:25:00,2.1171882,True,1.8495,Latency Anomaly
2024-12-25 02:30:00,2.1428297,True,1.8495,Latency Anomaly
2024-12-25 02:35:00,2.1949053,True,1.8495,Latency Anomaly
2024-12-25 02:40:00,2.2284782,True,1.8495,Latency Anomaly
2024-12-25 02:45:00,2.2797692,True,1.8495,Latency Anomaly
2024-12-25 02:50:00,2.3011663,True,1.8495,Latency Anomaly
2024-12-25 02:55:00,2.35623,True,1.8495,Latency Anomaly
2024-12-25 03:00:00,2.38182,True,1.8495,Latency Anomaly
2024-12-25 03:05:00,2.3898587,True,1.8495,Latency Anomaly
2024-12-25 03:10:00,2.4033241,True,1.8495,Latency Anomaly
2024-12-25 03:15:00,2.41519,True,1.8495,Latency Anomaly
2024-12-25 03:20:00,2.4776099,True,1.8495,Latency Anomaly
2024-12-25 03:25:00,2.517897,True,1.8495,Latency Anomaly
2024-12-25 03:30:00,2.5170722,True,1.8495,Latency Anomaly
2024-12-25 03:35:00,2.5238044,True,1.8495,Latency Anomaly
2024-12-25 03:40:00,2.5331964,True,1.8495,Latency Anomaly
2024-12-25 03:45:00,2.536185,True,1.8495,Latency Anomaly
2024-12-25 03:50:00,2.5481083,True,1.8495,Latency Anomaly
2024-12-25 03:55:00,2.5493245,True,1.8495,Latency Anomaly
2024-12-25 04:00:00,2.5445652,True,1.8495,Latency Anomaly
2024-12-25 04:05:00,2.5691607,True,1.8495,Latency Anomaly
2024-12-25 04:10:00,2.5719507,True,1.8495,Latency Anomaly
2024-12-25 04:15:00,2.5693111,True,1.8495,Latency Anomaly
2024-12-25 04:20:00,2.598464,True,1.8495,Latency Anomaly
2024-12-25 04:25:00,2.6496432,True,1.8495,Latency Anomaly
2024-12-25 04:30:00,2.644244,True,1.8495,Latency Anomaly
2024-12-25 04:35:00,2.6605709,True,1.8495,Latency Anomaly
2024-12-25 04:40:00,2.6840942,True,1.8495,Latency Anomaly
2024-12-25 04:45:00,2.6939282,True,1.8495,Latency Anomaly
2024-12-25 04:50:00,2.7060208,True,1.8495,Latency Anomaly
2024-12-25 04:55:00,2.7105412,True,1.8495,Latency Anomaly
2024-12-25 05:00:00,2.7253785,True,1.8495,Latency Anomaly
2024-12-25 05:05:00,2.725884,True,1.8495,Latency Anomaly
2024-12-25 05:10:00,2.7225966,True,1.8495,Latency Anomaly
2024-12-25 05:15:00,2.7279172,True,1.8495,Latency Anomaly
2024-12-25 05:20:00,2.7310162,True,1.8495,Latency Anomaly
2024-12-25 05:25:00,2.729682,True,1.8495,Latency Anomaly
2024-12-25 05:30:00,2.7316887,True,1.8495,Latency Anomaly
2024-12-25 05:35:00,2.749145,True,1.8495,Latency Anomaly
2024-12-25 05:40:00,2.748382,True,1.8495,Latency Anomaly
2024-12-25 05:45:00,2.758206,True,1.8495,Latency Anomaly
2024-12-25 05:50:00,2.7582383,True,1.8495,Latency Anomaly
2024-12-25 05:55:00,2.7686388,True,1.8495,Latency Anomaly
2024-12-25 06:00:00,2.751384,True,1.8495,Latency Anomaly
2024-12-25 06:05:00,2.747332,True,1.8495,Latency Anomaly
2024-12-25 06:10:00,2.730905,True,1.8495,Latency Anomaly
2024-12-25 06:15:00,2.7141109,True,1.8495,Latency Anomaly
2024-12-25 06:20:00,2.6727693,True,1.8495,Latency Anomaly
2024-12-25 06:25:00,2.6712904,True,1.8495,Latency Anomaly
2024-12-25 06:30:00,2.6561882,True,1.8495,Latency Anomaly
2024-12-25 06:35:00,2.6596553,True,1.8495,Latency Anomaly
2024-12-25 06:40:00,2.6599405,True,1.8495,Latency Anomaly
2024-12-25 06:45:00,2.6564567,True,1.8495,Latency Anomaly
2024-12-25 06:50:00,2.6470838,True,1.8495,Latency Anomaly
2024-12-25 06:55:00,2.6492193,True,1.8495,Latency Anomaly
2024-12-25 07:00:00,2.6410148,True,1.8495,Latency Anomaly
2024-12-25 07:05:00,2.6287277,True,1.8495,Latency Anomaly
2024-12-25 07:10:00,2.576825,True,1.8495,Latency Anomaly
2024-12-25 07:15:00,2.5467691,True,1.8495,Latency Anomaly
2024-12-25 07:20:00,2.5348384,True,1.8495,Latency Anomaly
2024-12-25 07:25:00,2.518549,True,1.8495,Latency Anomaly
2024-12-25 07:30:00,2.4854503,True,1.8495,Latency Anomaly
2024-12-25 07:35:00,2.4650965,True,1.8495,Latency Anomaly
2024-12-25 07:40:00,2.4310834,True,1.8495,Latency Anomaly
2024-12-25 07:45:00,2.416019,True,1.8495,Latency Anomaly
2024-12-25 07:50:00,2.3895354,True,1.8495,Latency Anomaly
2024-12-25 07:55:00,2.3714318,True,1.8495,Latency Anomaly
2024-12-25 08:00:00,2.3561702,True,1.8495,Latency Anomaly
2024-12-25 08:05:00,2.3513587,True,1.8495,Latency Anomaly
2024-12-25 08:10:00,2.319114,True,1.8495,Latency Anomaly
2024-12-25 08:15:00,2.2950509,True,1.8495,Latency Anomaly
2024-12-25 08:20:00,2.2885935,True,1.8495,Latency Anomaly
2024-12-25 08:25:00,2.2398937,True,1.8495,Latency Anomaly
2024-12-25 08:30:00,2.2133842,True,1.8495,Latency Anomaly
2024-12-25 08:35:00,2.1642041,True,1.8495,Latency Anomaly
2024-12-25 08:40:00,2.131784,True,1.8495,Latency Anomaly
2024-12-25 08:45:00,2.084072,True,1.8495,Latency Anomaly
2024-12-25 08:50:00,2.068228,True,1.8495,Latency Anomaly
2024-12-25 08:55:00,2.0168018,True,1.8495,Latency Anomaly
2024-12-25 09:00:00,1.9879628,True,1.8495,Latency Anomaly
2024-12-25 09:05:00,1.977875,True,1.8495,Latency Anomaly
2024-12-25 09:10:00,1.9656038,True,1.8495,Latency Anomaly
2024-12-25 09:15:00,1.9576172,True,1.8495,Latency Anomaly
2024-12-25 09:20:00,1.8928999,True,1.8495,Latency Anomaly
2024-12-25 09:25:00,1.861166,True,1.8495,Latency Anomaly
2024-12-25 09:30:00,1.8571453,True,1.8495,Latency Anomaly
2024-12-25 09:35:00,1.852567,True,1.8495,Latency Anomaly
2024-12-25 12:55:00,1.8495759,True,1.8495,Latency Anomaly
2024-12-25 13:00:00,1.866458,True,1.8495,Latency Anomaly
2024-12-25 13:05:00,1.8801717,True,1.8495,Latency Anomaly
2024-12-25 13:10:00,1.8941938,True,1.8495,Latency Anomaly
2024-12-25 13:15:00,1.9074092,True,1.8495,Latency Anomaly
2024-12-25 13:20:00,1.9226525,True,1.8495,Latency Anomaly
2024-12-25 13:25:00,1.9414154,True,1.8495,Latency Anomaly
2024-12-25 13:30:00,1.9486382,True,1.8495,Latency Anomaly
2024-12-25 13:35:00,1.968308,True,1.8495,Latency Anomaly
2024-12-25 13:40:00,1.9850055,True,1.8495,Latency Anomaly
2024-12-25 13:45:00,1.9951992,True,1.8495,Latency Anomaly
2024-12-25 13:50:00,2.0102077,True,1.8495,Latency Anomaly
2024-12-25 13:55:00,2.0221863,True,1.8495,Latency Anomaly
2024-12-25 14:00:00,2.0396423,True,1.8495,Latency Anomaly
2024-12-25 14:05:00,2.0583837,True,1.8495,Latency Anomaly
2024-12-25 14:10:00,2.0637693,True,1.8495,Latency Anomaly
2024-12-25 14:15:00,2.0873132,True,1.8495,Latency Anomaly
2024-12-25 14:20:00,2.1018786,True,1.8495,Latency Anomaly
2024-12-25 14:25:00,2.1164088,True,1.8495,Latency Anomaly
2024-12-25 14:30:00,2.1371279,True,1.8495,Latency Anomaly
2024-12-25 14:35:00,2.1449475,True,1.8495,Latency Anomaly
2024-12-25 14:40:00,2.1588993,True,1.8495,Latency Anomaly
2024-12-25 14:45:00,2.1796136,True,1.8495,Latency Anomaly
2024-12-25 14:50:00,2.189147,True,1.8495,Latency Anomaly
2024-12-25 14:55:00,2.1977322,True,1.8495,Latency Anomaly
2024-12-25 15:00:00,2.2198274,True,1.8495,Latency Anomaly
2024-12-25 15:05:00,2.2296488,True,1.8495,Latency Anomaly
2024-12-25 15:10:00,2.249746,True,1.8495,Latency Anomaly
2024-12-25 15:15:00,2.2618878,True,1.8495,Latency Anomaly
2024-12-25 15:20:00,2.2805517,True,1.8495,Latency Anomaly
2024-12-25 15:25:00,2.2969377,True,1.8495,Latency Anomaly
2024-12-25 15:30:00,2.3230443,True,1.8495,Latency Anomaly
2024-12-25 15:35:00,2.3380227,True,1.8495,Latency Anomaly
2024-12-25 15:40:00,2.3461273,True,1.8495,Latency Anomaly
2024-12-25 15:45:00,2.3650773,True,1.8495,Latency Anomaly
2024-12-25 15:50:00,2.3812816,True,1.8495,Latency Anomaly
2024-12-25 15:55:00,2.3981035,True,1.8495,Latency Anomaly
2024-12-25 16:00:00,2.4063535,True,1.8495,Latency Anomaly
2024-12-25 16:05:00,2.4179158,True,1.8495,Latency Anomaly
2024-12-25 16:10:00,2.4250174,True,1.8495,Latency Anomaly
2024-12-25 16:15:00,2.4344556,True,1.8495,Latency Anomaly
2024-12-25 16:20:00,2.4511955,True,1.8495,Latency Anomaly
2024-12-25 16:25:00,2.456752,True,1.8495,Latency Anomaly
2024-12-25 16:30:00,2.4605782,True,1.8495,Latency Anomaly
2024-12-25 16:35:00,2.474297,True,1.8495,Latency Anomaly
2024-12-25 16:40:00,2.4780083,True,1.8495,Latency Anomaly
2024-12-25 16:45:00,2.4895694,True,1.8495,Latency Anomaly
2024-12-25 16:50:00,2.4868476,True,1.8495,Latency Anomaly
2024-12-25 16:55:00,2.4962416,True,1.8495,Latency Anomaly
2024-12-25 17:00:00,2.487687,True,1.8495,Latency Anomaly
2024-12-25 17:05:00,2.486487,True,1.8495,Latency Anomaly
2024-12-25 17:10:00,2.48387,True,1.8495,Latency Anomaly
2024-12-25 17:15:00,2.4821131,True,1.8495,Latency Anomaly
2024-12-25 17:20:00,2.4820285,True,1.8495,Latency Anomaly
2024-12-25 17:25:00,2.4835644,True,1.8495,Latency Anomaly
2024-12-25 17:30:00,2.480917,True,1.8495,Latency Anomaly
2024-12-25 17:35:00,2.477653,True,1.8495,Latency Anomaly
2024-12-25 17:40:00,2.473609,True,1.8495,Latency Anomaly
2024-12-25 17:45:00,2.4724529,True,1.8495,Latency Anomaly
2024-12-25 17:50:00,2.4667568,True,1.8495,Latency Anomaly
2024-12-25 17:55:00,2.4714491,True,1.8495,Latency Anomaly
2024-12-25 18:00:00,2.462243,True,1.8495,Latency Anomaly
2024-12-25 18:05:00,2.452707,True,1.8495,Latency Anomaly
2024-12-25 18:10:00,2.4531064,True,1.8495,Latency Anomaly
2024-12-25 18:15:00,2.4399314,True,1.8495,Latency Anomaly
2024-12-25 18:20:00,2.4237685,True,1.8495,Latency Anomaly
2024-12-25 18:25:00,2.4293501,True,1.8495,Latency Anomaly
2024-12-25 18:30:00,2.418308,True,1.8495,Latency Anomaly
2024-12-25 18:35:00,2.4114654,True,1.8495,Latency Anomaly
2024-12-25 18:40:00,2.407486,True,1.8495,Latency Anomaly
2024-12-25 18:45:00,2.4009905,True,1.8495,Latency Anomaly
2024-12-25 18:50:00,2.3979166,True,1.8495,Latency Anomaly
2024-12-25 18:55:00,2.3909402,True,1.8495,Latency Anomaly
2024-12-25 19:00:00,2.3790953,True,1.8495,Latency Anomaly
2024-12-25 19:05:00,2.3716118,True,1.8495,Latency Anomaly
2024-12-25 19:10:00,2.3499513,True,1.8495,Latency Anomaly
2024-12-25 19:15:00,2.3396456,True,1.8495,Latency Anomaly
2024-12-25 19:20:00,2.3275356,True,1.8495,Latency Anomaly
2024-12-25 19:25:00,2.3113513,True,1.8495,Latency Anomaly
2024-12-25 19:30:00,2.3004186,True,1.8495,Latency Anomaly
2024-12-25 19:35:00,2.2838063,True,1.8495,Latency Anomaly
2024-12-25 19:40:00,2.2730231,True,1.8495,Latency Anomaly
2024-12-25 19:45:00,2.2660341,True,1.8495,Latency Anomaly
2024-12-25 19:50:00,2.2484658,True,1.8495,Latency Anomaly
2024-12-25 19:55:00,2.2362862,True,1.8495,Latency Anomaly
2024-12-25 20:00:00,2.2300277,True,1.8495,Latency Anomaly
2024-12-25 20:05:00,2.2143717,True,1.8495,Latency Anomaly
2024-12-25 20:10:00,2.1989048,True,1.8495,Latency Anomaly
2024-12-25 20:15:00,2.1822567,True,1.8495,Latency Anomaly
2024-12-25 20:20:00,2.1718538,True,1.8495,Latency Anomaly
2024-12-25 20:25:00,2.159957,True,1.8495,Latency Anomaly
2024-12-25 20:30:00,2.140055,True,1.8495,Latency Anomaly
2024-12-25 20:35:00,2.130661,True,1.8495,Latency Anomaly
2024-12-25 20:40:00,2.119449,True,1.8495,Latency Anomaly
2024-12-25 20:45:00,2.101882,True,1.8495,Latency Anomaly
2024-12-25 20:50:00,2.0876346,True,1.8495,Latency Anomaly
2024-12-25 20:55:00,2.0760303,True,1.8495,Latency Anomaly
2024-12-25 21:00:00,2.0611181,True,1.8495,Latency Anomaly
2024-12-25 21:05:00,2.0554607,True,1.8495,Latency Anomaly
2024-12-25 21:10:00,2.0351171,True,1.8495,Latency Anomaly
2024-12-25 21:15:00,2.0232677,True,1.8495,Latency Anomaly
2024-12-25 21:20:00,2.0027478,True,1.8495,Latency Anomaly
2024-12-25 21:25:00,1.9836452,True,1.8495,Latency Anomaly
2024-12-25 21:30:00,1.9613334,True,1.8495,Latency Anomaly
2024-12-25 21:35:00,1.9386573,True,1.8495,Latency Anomaly
2024-12-25 21:40:00,1.9362961,True,1.8495,Latency Anomaly
2024-12-25 21:45:00,1.919279,True,1.8495,Latency Anomaly
2024-12-25 21:50:00,1.8979006,True,1.8495,Latency Anomaly
2024-12-25 21:55:00,1.8902558,True,1.8495,Latency Anomaly
2024-12-25 22:00:00,1.8861185,True,1.8495,Latency Anomaly
2024-12-25 22:05:00,1.8844163,True,1.8495,Latency Anomaly
2024-12-25 22:10:00,1.8703755,True,1.8495,Latency Anomaly
2024-12-25 22:15:00,1.8559042,True,1.8495,Latency Anomaly
