timestamp,reconstruction_error,inferred_type_multi
2024-10-27 05:55:00,2.8596861,Other Anomaly
2024-10-27 06:00:00,2.8479323,Other Anomaly
2024-10-27 06:05:00,2.8362083,Other Anomaly
2024-10-27 06:10:00,2.8343527,Other Anomaly
2024-10-27 06:15:00,2.806411,Other Anomaly
2024-10-27 06:20:00,2.8025327,Other Anomaly
2024-10-27 06:25:00,2.8046677,Other Anomaly
2024-10-27 06:30:00,2.7672136,Other Anomaly
2024-10-27 06:35:00,2.759675,Other Anomaly
2024-10-27 06:40:00,2.7346961,Other Anomaly
2024-10-27 06:45:00,2.71869,Other Anomaly
2024-10-27 06:50:00,2.7087617,Other Anomaly
2024-10-27 06:55:00,2.6940513,Other Anomaly
2024-10-27 07:00:00,2.6807535,Other Anomaly
2024-10-27 07:05:00,2.637446,Other Anomaly
2024-10-27 07:10:00,2.5965142,Other Anomaly
2024-10-27 07:15:00,2.5768137,Other Anomaly
2024-10-27 07:20:00,2.5669765,Other Anomaly
2024-10-27 07:25:00,2.5449214,Other Anomaly
2024-10-27 07:30:00,2.5092232,Other Anomaly
2024-10-27 07:35:00,2.5017662,Other Anomaly
2024-10-27 07:40:00,2.494956,Other Anomaly
2024-10-27 07:45:00,2.4823341,Other Anomaly
2024-10-27 07:50:00,2.461758,Other Anomaly
2024-10-27 07:55:00,2.4416552,Other Anomaly
2024-10-27 08:00:00,2.374378,Other Anomaly
2024-10-27 08:05:00,2.3333902,Other Anomaly
2024-10-27 08:10:00,2.31257,Other Anomaly
2024-10-27 08:15:00,2.2484074,Other Anomaly
2024-10-27 08:20:00,2.2314246,Other Anomaly
2024-10-27 08:25:00,2.078581,Other Anomaly
2024-10-27 08:30:00,2.0507414,Other Anomaly
2024-10-27 08:35:00,2.0310717,Other Anomaly
2024-10-27 08:40:00,1.9921486,Other Anomaly
2024-10-27 08:45:00,1.9565918,Other Anomaly
2024-10-27 08:50:00,1.9244509,Other Anomaly
2024-10-27 08:55:00,1.9095737,Other Anomaly
2024-10-27 09:00:00,1.8650534,Other Anomaly
2024-10-28 02:25:00,1.8697878,Other Anomaly
2024-10-28 02:30:00,1.9518772,Other Anomaly
2024-10-28 02:35:00,1.957524,Other Anomaly
2024-10-28 02:40:00,1.9656488,Other Anomaly
2024-10-28 02:45:00,1.9766033,Other Anomaly
2024-10-28 02:50:00,1.9889712,Other Anomaly
2024-10-28 02:55:00,2.03467,Other Anomaly
2024-10-28 03:00:00,2.0862672,Other Anomaly
2024-10-28 03:05:00,2.1192372,Other Anomaly
2024-10-28 03:10:00,2.1279578,Other Anomaly
2024-10-28 03:15:00,2.152195,Other Anomaly
2024-10-28 03:20:00,2.174671,Other Anomaly
2024-10-28 03:25:00,2.1760147,Other Anomaly
2024-10-28 03:30:00,2.1892095,Other Anomaly
2024-10-28 03:35:00,2.2039664,Other Anomaly
2024-10-28 03:40:00,2.1962433,Other Anomaly
2024-10-28 03:45:00,2.2042148,Other Anomaly
2024-10-28 03:50:00,2.220625,Other Anomaly
2024-10-28 03:55:00,2.2117217,Other Anomaly
2024-10-28 04:00:00,2.2020175,Other Anomaly
2024-10-28 04:05:00,2.1996183,Other Anomaly
2024-10-28 04:10:00,2.2129996,Other Anomaly
2024-10-28 04:15:00,2.2243352,Other Anomaly
2024-10-28 04:20:00,2.2513404,Other Anomaly
2024-10-28 04:25:00,2.2697136,Other Anomaly
2024-10-28 04:30:00,2.293287,Other Anomaly
2024-10-28 04:35:00,2.3106298,Other Anomaly
2024-10-28 04:40:00,2.309082,Other Anomaly
2024-10-28 04:45:00,2.3089492,Other Anomaly
2024-10-28 04:50:00,2.3089938,Other Anomaly
2024-10-28 04:55:00,2.307873,Other Anomaly
2024-10-28 05:00:00,2.2962976,Other Anomaly
2024-10-28 05:05:00,2.2903101,Other Anomaly
2024-10-28 05:10:00,2.2906926,Other Anomaly
2024-10-28 05:15:00,2.286124,Other Anomaly
2024-10-28 05:20:00,2.2933605,Other Anomaly
2024-10-28 05:25:00,2.275357,Other Anomaly
2024-10-28 05:30:00,2.2790387,Other Anomaly
2024-10-28 05:35:00,2.2762146,Other Anomaly
2024-10-28 05:40:00,2.279299,Other Anomaly
2024-10-28 05:45:00,2.2796512,Other Anomaly
2024-10-28 05:50:00,2.2856305,Other Anomaly
2024-10-28 05:55:00,2.2955945,Other Anomaly
2024-10-28 06:00:00,2.2850776,Other Anomaly
2024-10-28 06:05:00,2.2869186,Other Anomaly
2024-10-28 06:10:00,2.2506065,Other Anomaly
2024-10-28 06:15:00,2.2428145,Other Anomaly
2024-10-28 06:20:00,2.2251852,Other Anomaly
2024-10-28 06:25:00,2.2146149,Other Anomaly
2024-10-28 06:30:00,2.20252,Other Anomaly
2024-10-28 06:35:00,2.1978197,Other Anomaly
2024-10-28 06:40:00,2.190154,Other Anomaly
2024-10-28 06:45:00,2.1748307,Other Anomaly
2024-10-28 06:50:00,2.168419,Other Anomaly
2024-10-28 06:55:00,2.1551275,Other Anomaly
2024-10-28 07:00:00,2.1407394,Other Anomaly
2024-10-28 07:05:00,2.0847065,Other Anomaly
2024-10-28 07:10:00,2.0654013,Other Anomaly
2024-10-28 07:15:00,2.0478683,Other Anomaly
2024-10-28 07:20:00,2.0215793,Other Anomaly
2024-10-28 07:25:00,1.9805756,Other Anomaly
2024-10-28 07:30:00,1.9635315,Other Anomaly
2024-10-28 07:35:00,1.9473573,Other Anomaly
2024-10-28 07:40:00,1.9250805,Other Anomaly
2024-10-28 07:45:00,1.902045,Other Anomaly
2024-10-28 07:50:00,1.8767166,Other Anomaly
2024-10-28 07:55:00,1.8509805,Other Anomaly
2024-10-28 16:15:00,1.8509634,Other Anomaly
2024-10-28 16:20:00,1.8536295,Other Anomaly
2024-10-28 16:25:00,1.8585516,Other Anomaly
2024-10-28 16:30:00,1.8746883,Other Anomaly
2024-10-28 16:35:00,1.8780732,Other Anomaly
2024-10-28 16:40:00,1.8846967,Other Anomaly
2024-10-28 16:45:00,1.8919548,Other Anomaly
2024-10-28 16:50:00,1.9002652,Other Anomaly
2024-10-28 16:55:00,1.9031097,Other Anomaly
2024-10-28 17:00:00,1.9024127,Other Anomaly
2024-10-28 17:05:00,1.8999643,Other Anomaly
2024-10-28 17:10:00,1.9050738,Other Anomaly
2024-10-28 17:15:00,1.9015538,Other Anomaly
2024-10-28 17:20:00,1.9043102,Other Anomaly
2024-10-28 17:25:00,1.9084827,Other Anomaly
2024-10-28 17:30:00,1.9072019,Other Anomaly
2024-10-28 17:35:00,1.9077935,Other Anomaly
2024-10-28 17:40:00,1.9087459,Other Anomaly
2024-10-28 17:45:00,1.9071683,Other Anomaly
2024-10-28 17:50:00,1.9068965,Other Anomaly
2024-10-28 17:55:00,1.9025645,Other Anomaly
2024-10-28 18:00:00,1.8998002,Other Anomaly
2024-10-28 18:05:00,1.8978733,Other Anomaly
2024-10-28 18:10:00,1.8930515,Other Anomaly
2024-10-28 18:15:00,1.8863993,Other Anomaly
2024-10-28 18:20:00,1.880387,Other Anomaly
2024-10-28 18:25:00,1.8740535,Other Anomaly
2024-10-28 18:30:00,1.8737283,Other Anomaly
2024-10-28 18:35:00,1.8630087,Other Anomaly
2024-10-28 18:40:00,1.8567647,Other Anomaly
2024-10-28 18:45:00,1.8542266,Other Anomaly
2024-10-29 03:45:00,1.8531522,Other Anomaly
2024-10-29 03:50:00,1.8835009,Other Anomaly
2024-10-29 03:55:00,1.8914485,Other Anomaly
2024-10-29 04:00:00,1.9098574,Other Anomaly
2024-10-29 04:05:00,1.9112056,Other Anomaly
2024-10-29 04:10:00,1.905029,Other Anomaly
2024-10-29 04:15:00,1.9098204,Other Anomaly
2024-10-29 04:20:00,1.9171934,Other Anomaly
2024-10-29 04:25:00,1.9171157,Other Anomaly
2024-10-29 04:30:00,1.9307388,Other Anomaly
2024-10-29 04:35:00,1.9365199,Other Anomaly
2024-10-29 04:40:00,1.9410336,Other Anomaly
2024-10-29 04:45:00,1.9513613,Other Anomaly
2024-10-29 04:50:00,1.9537297,Other Anomaly
2024-10-29 04:55:00,1.9537102,Other Anomaly
2024-10-29 05:00:00,1.952189,Other Anomaly
2024-10-29 05:05:00,1.9554361,Other Anomaly
2024-10-29 05:10:00,1.9470568,Other Anomaly
2024-10-29 05:15:00,1.9501392,Other Anomaly
2024-10-29 05:20:00,1.9488617,Other Anomaly
2024-10-29 05:25:00,1.9290867,Other Anomaly
2024-10-29 05:30:00,1.923264,Other Anomaly
2024-10-29 05:35:00,1.9179288,Other Anomaly
2024-10-29 05:40:00,1.9229845,Other Anomaly
2024-10-29 05:45:00,1.9110034,Other Anomaly
2024-10-29 05:50:00,1.9187732,Other Anomaly
2024-10-29 05:55:00,1.9175503,Other Anomaly
2024-10-29 06:00:00,1.9199246,Other Anomaly
2024-10-29 06:05:00,1.9088458,Other Anomaly
2024-10-29 06:10:00,1.8934613,Other Anomaly
2024-10-29 06:15:00,1.8763872,Other Anomaly
2024-10-29 06:20:00,1.8685842,Other Anomaly
2024-10-29 06:25:00,1.8552809,Other Anomaly
2024-10-29 15:55:00,1.8533885,Other Anomaly
2024-10-29 16:00:00,1.8539933,Other Anomaly
2024-10-29 16:05:00,1.854046,Other Anomaly
2024-10-29 16:10:00,1.8607877,Other Anomaly
2024-10-29 16:15:00,1.8566791,Other Anomaly
2024-10-29 16:20:00,1.8662978,Other Anomaly
2024-10-29 16:25:00,1.8765928,Other Anomaly
2024-10-29 16:30:00,1.8835171,Other Anomaly
2024-10-29 16:35:00,1.8896959,Other Anomaly
2024-10-29 16:40:00,1.8922224,Other Anomaly
2024-10-29 16:45:00,1.89976,Other Anomaly
2024-10-29 16:50:00,1.9287822,Other Anomaly
2024-10-29 16:55:00,1.9341985,Other Anomaly
2024-10-29 17:00:00,1.9193867,Other Anomaly
2024-10-29 17:05:00,1.9215733,Other Anomaly
2024-10-29 17:10:00,1.9253635,Other Anomaly
2024-10-29 17:15:00,1.929178,Other Anomaly
2024-10-29 17:20:00,1.932932,Other Anomaly
2024-10-29 17:25:00,1.9453459,Other Anomaly
2024-10-29 17:30:00,1.942728,Other Anomaly
2024-10-29 17:35:00,1.9433393,Other Anomaly
2024-10-29 17:40:00,1.9420396,Other Anomaly
2024-10-29 17:45:00,1.9452488,Other Anomaly
2024-10-29 17:50:00,1.9373968,Other Anomaly
2024-10-29 17:55:00,1.9350919,Other Anomaly
2024-10-29 18:00:00,1.9205903,Other Anomaly
2024-10-29 18:05:00,1.9164582,Other Anomaly
2024-10-29 18:10:00,1.9180377,Other Anomaly
2024-10-29 18:15:00,1.9092145,Other Anomaly
2024-10-29 18:20:00,1.8984052,Other Anomaly
2024-10-29 18:25:00,1.8803518,Other Anomaly
2024-10-29 18:30:00,1.8736281,Other Anomaly
2024-10-29 18:35:00,1.8704528,Other Anomaly
2024-10-29 18:40:00,1.8639812,Other Anomaly
2024-10-30 03:10:00,1.8563566,Other Anomaly
2024-10-30 03:15:00,1.8685616,Other Anomaly
2024-10-30 03:20:00,1.9140052,Other Anomaly
2024-10-30 03:25:00,1.9233495,Other Anomaly
2024-10-30 03:30:00,1.9442599,Other Anomaly
2024-10-30 03:35:00,1.9636738,Other Anomaly
2024-10-30 03:40:00,1.9798149,Other Anomaly
2024-10-30 03:45:00,1.9877464,Other Anomaly
2024-10-30 03:50:00,2.0076182,Other Anomaly
2024-10-30 03:55:00,2.0165615,Other Anomaly
2024-10-30 04:00:00,2.026176,Other Anomaly
2024-10-30 04:05:00,2.0388439,Other Anomaly
2024-10-30 04:10:00,2.0493531,Other Anomaly
2024-10-30 04:15:00,2.0684555,Other Anomaly
2024-10-30 04:20:00,2.0837786,Other Anomaly
2024-10-30 04:25:00,2.0868943,Other Anomaly
2024-10-30 04:30:00,2.1019988,Other Anomaly
2024-10-30 04:35:00,2.0896697,Other Anomaly
2024-10-30 04:40:00,2.0898247,Other Anomaly
2024-10-30 04:45:00,2.1082006,Other Anomaly
2024-10-30 04:50:00,2.1212294,Other Anomaly
2024-10-30 04:55:00,2.1372566,Other Anomaly
2024-10-30 05:00:00,2.1302705,Other Anomaly
2024-10-30 05:05:00,2.126314,Other Anomaly
2024-10-30 05:10:00,2.1238432,Other Anomaly
2024-10-30 05:15:00,2.126087,Other Anomaly
2024-10-30 05:20:00,2.1269548,Other Anomaly
2024-10-30 05:25:00,2.1274312,Other Anomaly
2024-10-30 05:30:00,2.1375167,Other Anomaly
2024-10-30 05:35:00,2.1355321,Other Anomaly
2024-10-30 05:40:00,2.130989,Other Anomaly
2024-10-30 05:45:00,2.1452405,Other Anomaly
2024-10-30 05:50:00,2.1505823,Other Anomaly
2024-10-30 05:55:00,2.1529064,Other Anomaly
2024-10-30 06:00:00,2.14263,Other Anomaly
2024-10-30 06:05:00,2.132963,Other Anomaly
2024-10-30 06:10:00,2.109752,Other Anomaly
2024-10-30 06:15:00,2.10812,Other Anomaly
2024-10-30 06:20:00,2.102532,Other Anomaly
2024-10-30 06:25:00,2.0951781,Other Anomaly
2024-10-30 06:30:00,2.0877671,Other Anomaly
2024-10-30 06:35:00,2.092234,Other Anomaly
2024-10-30 06:40:00,2.0954225,Other Anomaly
2024-10-30 06:45:00,2.0988202,Other Anomaly
2024-10-30 06:50:00,2.093644,Other Anomaly
2024-10-30 06:55:00,2.078218,Other Anomaly
2024-10-30 07:00:00,2.0321302,Other Anomaly
2024-10-30 07:05:00,2.016317,Other Anomaly
2024-10-30 07:10:00,1.9859862,Other Anomaly
2024-10-30 07:15:00,1.959455,Other Anomaly
2024-10-30 07:20:00,1.9482315,Other Anomaly
2024-10-30 07:25:00,1.9361506,Other Anomaly
2024-10-30 07:30:00,1.9133416,Other Anomaly
2024-10-30 07:35:00,1.9118575,Other Anomaly
2024-10-30 15:50:00,1.8595449,Other Anomaly
2024-10-30 15:55:00,1.8767909,Other Anomaly
2024-10-30 16:00:00,1.8786124,Other Anomaly
2024-10-30 16:05:00,1.8867546,Other Anomaly
2024-10-30 16:10:00,1.8916327,Other Anomaly
2024-10-30 16:15:00,1.9005561,Other Anomaly
2024-10-30 16:20:00,1.9097463,Other Anomaly
2024-10-30 16:25:00,1.9233545,Other Anomaly
2024-10-30 16:30:00,1.923759,Other Anomaly
2024-10-30 16:35:00,1.9355679,Other Anomaly
2024-10-30 16:40:00,1.927731,Other Anomaly
2024-10-30 16:45:00,1.9381676,Other Anomaly
2024-10-30 16:50:00,1.9458935,Other Anomaly
2024-10-30 16:55:00,1.9521496,Other Anomaly
2024-10-30 17:00:00,1.952742,Other Anomaly
2024-10-30 17:05:00,1.956367,Other Anomaly
2024-10-30 17:10:00,1.954145,Other Anomaly
2024-10-30 17:15:00,1.9524959,Other Anomaly
2024-10-30 17:20:00,1.9518595,Other Anomaly
2024-10-30 17:25:00,1.9599949,Other Anomaly
2024-10-30 17:30:00,1.9523841,Other Anomaly
2024-10-30 17:35:00,1.9529226,Other Anomaly
2024-10-30 17:40:00,1.9515941,Other Anomaly
2024-10-30 17:45:00,1.9528391,Other Anomaly
2024-10-30 17:50:00,1.9489359,Other Anomaly
2024-10-30 17:55:00,1.945327,Other Anomaly
2024-10-30 18:00:00,1.9433749,Other Anomaly
2024-10-30 18:05:00,1.930263,Other Anomaly
2024-10-30 18:10:00,1.9195861,Other Anomaly
2024-10-30 18:15:00,1.919259,Other Anomaly
2024-10-30 18:20:00,1.911448,Other Anomaly
2024-10-30 18:25:00,1.9048012,Other Anomaly
2024-10-30 18:30:00,1.894977,Other Anomaly
2024-10-30 18:35:00,1.8874005,Other Anomaly
2024-10-30 18:40:00,1.8835007,Other Anomaly
2024-10-30 18:45:00,1.873906,Other Anomaly
2024-10-30 18:50:00,1.8659604,Other Anomaly
2024-10-30 18:55:00,1.8546621,Other Anomaly
2024-10-31 03:35:00,1.8529695,Other Anomaly
2024-10-31 03:40:00,1.8641773,Other Anomaly
2024-10-31 03:45:00,1.918518,Other Anomaly
2024-10-31 03:50:00,1.9363679,Other Anomaly
2024-10-31 03:55:00,1.955219,Other Anomaly
2024-10-31 04:00:00,1.9539937,Other Anomaly
2024-10-31 04:05:00,1.9597455,Other Anomaly
2024-10-31 04:10:00,1.959334,Other Anomaly
2024-10-31 04:15:00,1.9548508,Other Anomaly
2024-10-31 04:20:00,1.960029,Other Anomaly
2024-10-31 04:25:00,1.9638706,Other Anomaly
2024-10-31 04:30:00,1.9838561,Other Anomaly
2024-10-31 04:35:00,1.9926722,Other Anomaly
2024-10-31 04:40:00,2.0019925,Other Anomaly
2024-10-31 04:45:00,2.0246534,Other Anomaly
2024-10-31 04:50:00,2.0256228,Other Anomaly
2024-10-31 04:55:00,2.053206,Other Anomaly
2024-10-31 05:00:00,2.0571191,Other Anomaly
2024-10-31 05:05:00,2.0629785,Other Anomaly
2024-10-31 05:10:00,2.0562007,Other Anomaly
2024-10-31 05:15:00,2.056611,Other Anomaly
2024-10-31 05:20:00,2.0451822,Other Anomaly
2024-10-31 05:25:00,2.0500498,Other Anomaly
2024-10-31 05:30:00,2.0477269,Other Anomaly
2024-10-31 05:35:00,2.045165,Other Anomaly
2024-10-31 05:40:00,2.0615296,Other Anomaly
2024-10-31 05:45:00,2.060937,Other Anomaly
2024-10-31 05:50:00,2.0527527,Other Anomaly
2024-10-31 05:55:00,2.0595396,Other Anomaly
2024-10-31 06:00:00,2.0418112,Other Anomaly
2024-10-31 06:05:00,2.0271528,Other Anomaly
2024-10-31 06:10:00,2.022923,Other Anomaly
2024-10-31 06:15:00,2.002216,Other Anomaly
2024-10-31 06:20:00,1.9925487,Other Anomaly
2024-10-31 06:25:00,1.988458,Other Anomaly
2024-10-31 06:30:00,1.983114,Other Anomaly
2024-10-31 06:35:00,1.9769751,Other Anomaly
2024-10-31 06:40:00,1.9814699,Other Anomaly
2024-10-31 06:45:00,1.964918,Other Anomaly
2024-10-31 06:50:00,1.9507967,Other Anomaly
2024-10-31 06:55:00,1.9405044,Other Anomaly
2024-10-31 07:00:00,1.9152141,Other Anomaly
2024-10-31 07:05:00,1.9023203,Other Anomaly
2024-10-31 07:10:00,1.8807783,Other Anomaly
2024-10-31 07:15:00,1.8694435,Other Anomaly
2024-10-31 07:20:00,1.8560944,Other Anomaly
2024-10-31 15:40:00,1.8519027,Other Anomaly
2024-10-31 15:45:00,1.8653508,Other Anomaly
2024-10-31 15:50:00,1.8796773,Other Anomaly
2024-10-31 15:55:00,1.8840133,Other Anomaly
2024-10-31 16:00:00,1.8995944,Other Anomaly
2024-10-31 16:05:00,1.9073584,Other Anomaly
2024-10-31 16:10:00,1.9161534,Other Anomaly
2024-10-31 16:15:00,1.9233332,Other Anomaly
2024-10-31 16:20:00,1.920382,Other Anomaly
2024-10-31 16:25:00,1.9303775,Other Anomaly
2024-10-31 16:30:00,1.9400012,Other Anomaly
2024-10-31 16:35:00,1.9484663,Other Anomaly
2024-10-31 16:40:00,1.9487118,Other Anomaly
2024-10-31 16:45:00,1.9575175,Other Anomaly
2024-10-31 16:50:00,1.9535944,Other Anomaly
2024-10-31 16:55:00,1.965391,Other Anomaly
2024-10-31 17:00:00,1.9611859,Other Anomaly
2024-10-31 17:05:00,1.948809,Other Anomaly
2024-10-31 17:10:00,1.9473947,Other Anomaly
2024-10-31 17:15:00,1.9533838,Other Anomaly
2024-10-31 17:20:00,1.9540304,Other Anomaly
2024-10-31 17:25:00,1.961322,Other Anomaly
2024-10-31 17:30:00,1.9639666,Other Anomaly
2024-10-31 17:35:00,1.9643725,Other Anomaly
2024-10-31 17:40:00,1.9626417,Other Anomaly
2024-10-31 17:45:00,1.9657444,Other Anomaly
2024-10-31 17:50:00,1.9647496,Other Anomaly
2024-10-31 17:55:00,1.9546899,Other Anomaly
2024-10-31 18:00:00,1.9483613,Other Anomaly
2024-10-31 18:05:00,1.9459125,Other Anomaly
2024-10-31 18:10:00,1.9371873,Other Anomaly
2024-10-31 18:15:00,1.9234614,Other Anomaly
2024-10-31 18:20:00,1.9099671,Other Anomaly
2024-10-31 18:25:00,1.9072357,Other Anomaly
2024-10-31 18:30:00,1.9020102,Other Anomaly
2024-10-31 18:35:00,1.8969622,Other Anomaly
2024-10-31 18:40:00,1.885759,Other Anomaly
2024-10-31 18:45:00,1.8809929,Other Anomaly
2024-10-31 18:50:00,1.8753396,Other Anomaly
2024-10-31 18:55:00,1.866694,Other Anomaly
2024-10-31 19:00:00,1.8517736,Other Anomaly
2024-11-01 02:25:00,9.399192,Token/Cost Anomaly
2024-11-01 02:30:00,9.406115,Token/Cost Anomaly
2024-11-01 02:35:00,9.434685,Token/Cost Anomaly
2024-11-01 02:40:00,9.4548435,Token/Cost Anomaly
2024-11-01 02:45:00,9.51487,Token/Cost Anomaly
2024-11-01 02:50:00,9.531855,Token/Cost Anomaly
2024-11-01 02:55:00,9.551407,Token/Cost Anomaly
2024-11-01 03:00:00,9.58144,Token/Cost Anomaly
2024-11-01 03:05:00,9.596096,Token/Cost Anomaly
2024-11-01 03:10:00,9.608489,Token/Cost Anomaly
2024-11-01 03:15:00,9.636657,Token/Cost Anomaly
2024-11-01 03:20:00,9.651918,Token/Cost Anomaly
2024-11-01 03:25:00,9.661143,Token/Cost Anomaly
2024-11-01 03:30:00,9.671271,Token/Cost Anomaly
2024-11-01 03:35:00,9.676581,Token/Cost Anomaly
2024-11-01 03:40:00,9.703671,Token/Cost Anomaly
2024-11-01 03:45:00,9.7868,Token/Cost Anomaly
2024-11-01 03:50:00,9.84568,Token/Cost Anomaly
2024-11-01 03:55:00,9.849065,Token/Cost Anomaly
2024-11-01 04:00:00,9.858206,Token/Cost Anomaly
2024-11-01 04:05:00,11.356285,Token/Cost Anomaly
2024-11-01 04:10:00,11.377266,Token/Cost Anomaly
2024-11-01 04:15:00,11.379571,Token/Cost Anomaly
2024-11-01 04:20:00,11.37735,Token/Cost Anomaly
2024-11-01 04:25:00,11.386894,Token/Cost Anomaly
2024-11-01 04:30:00,11.397178,Token/Cost Anomaly
2024-11-01 04:35:00,11.401119,Token/Cost Anomaly
2024-11-01 04:40:00,11.410859,Token/Cost Anomaly
2024-11-01 04:45:00,11.410625,Token/Cost Anomaly
2024-11-01 04:50:00,11.420997,Token/Cost Anomaly
2024-11-01 04:55:00,11.408951,Token/Cost Anomaly
2024-11-01 05:00:00,11.409492,Token/Cost Anomaly
2024-11-01 05:05:00,11.402463,Token/Cost Anomaly
2024-11-01 05:10:00,11.40026,Token/Cost Anomaly
2024-11-01 05:15:00,11.401034,Token/Cost Anomaly
2024-11-01 05:20:00,11.396763,Token/Cost Anomaly
2024-11-01 05:25:00,11.4063225,Token/Cost Anomaly
2024-11-01 05:30:00,11.416219,Token/Cost Anomaly
2024-11-01 05:35:00,11.409744,Token/Cost Anomaly
2024-11-01 05:40:00,11.407714,Token/Cost Anomaly
2024-11-01 05:45:00,11.406588,Token/Cost Anomaly
2024-11-01 05:50:00,11.391549,Token/Cost Anomaly
2024-11-01 05:55:00,11.390502,Token/Cost Anomaly
2024-11-01 06:00:00,11.376547,Token/Cost Anomaly
2024-11-01 06:05:00,11.365247,Token/Cost Anomaly
2024-11-01 06:10:00,11.34927,Token/Cost Anomaly
2024-11-01 06:15:00,11.335447,Token/Cost Anomaly
2024-11-01 06:20:00,11.339748,Token/Cost Anomaly
2024-11-01 06:25:00,11.306414,Token/Cost Anomaly
2024-11-01 06:30:00,11.301178,Token/Cost Anomaly
2024-11-01 06:35:00,11.286057,Token/Cost Anomaly
2024-11-01 06:40:00,11.283273,Token/Cost Anomaly
2024-11-01 06:45:00,11.258185,Token/Cost Anomaly
2024-11-01 06:50:00,11.249615,Token/Cost Anomaly
2024-11-01 06:55:00,11.235046,Token/Cost Anomaly
2024-11-01 07:00:00,11.195715,Token/Cost Anomaly
2024-11-01 07:05:00,11.185637,Token/Cost Anomaly
2024-11-01 07:10:00,11.172537,Token/Cost Anomaly
2024-11-01 07:15:00,11.163284,Token/Cost Anomaly
2024-11-01 07:20:00,11.147193,Token/Cost Anomaly
2024-11-01 07:25:00,11.121995,Token/Cost Anomaly
2024-11-01 07:30:00,11.07543,Token/Cost Anomaly
2024-11-01 07:35:00,11.064814,Token/Cost Anomaly
2024-11-01 07:40:00,11.060286,Token/Cost Anomaly
2024-11-01 07:45:00,11.052365,Token/Cost Anomaly
2024-11-01 07:50:00,11.027184,Token/Cost Anomaly
2024-11-01 07:55:00,10.99542,Token/Cost Anomaly
2024-11-01 08:00:00,10.970905,Token/Cost Anomaly
2024-11-01 08:05:00,10.913184,Token/Cost Anomaly
2024-11-01 08:10:00,10.871413,Token/Cost Anomaly
2024-11-01 08:15:00,10.857802,Token/Cost Anomaly
2024-11-01 08:20:00,10.840945,Token/Cost Anomaly
2024-11-01 08:25:00,3.0811296,Token/Cost Anomaly
2024-11-01 08:30:00,3.0821567,Token/Cost Anomaly
2024-11-01 08:35:00,3.0612757,Token/Cost Anomaly
2024-11-01 08:40:00,3.0432363,Token/Cost Anomaly
2024-11-01 08:45:00,2.9837768,Token/Cost Anomaly
2024-11-01 08:50:00,2.9661453,Token/Cost Anomaly
2024-11-01 08:55:00,2.945837,Token/Cost Anomaly
2024-11-01 09:00:00,2.9126945,Token/Cost Anomaly
2024-11-01 09:05:00,2.8971622,Token/Cost Anomaly
2024-11-01 09:10:00,2.8839695,Token/Cost Anomaly
2024-11-01 09:15:00,2.8558605,Token/Cost Anomaly
2024-11-01 09:20:00,2.8455012,Token/Cost Anomaly
2024-11-01 09:25:00,2.8392248,Token/Cost Anomaly
2024-11-01 09:30:00,2.8317158,Token/Cost Anomaly
2024-11-01 09:35:00,2.8222919,Token/Cost Anomaly
2024-11-01 09:40:00,2.8103461,Token/Cost Anomaly
2024-11-01 09:45:00,2.7275498,Token/Cost Anomaly
2024-11-01 09:50:00,2.6761682,Token/Cost Anomaly
2024-11-01 09:55:00,2.6678264,Token/Cost Anomaly
2024-11-01 10:00:00,2.6740012,Token/Cost Anomaly
2024-11-01 15:40:00,1.8507702,Other Anomaly
2024-11-01 15:45:00,1.8648007,Other Anomaly
2024-11-01 15:50:00,1.8753349,Other Anomaly
2024-11-01 15:55:00,1.8857276,Other Anomaly
2024-11-01 16:00:00,1.8924338,Other Anomaly
2024-11-01 16:05:00,1.9055878,Other Anomaly
2024-11-01 16:10:00,1.9104978,Other Anomaly
2024-11-01 16:15:00,1.9187123,Other Anomaly
2024-11-01 16:20:00,1.9240314,Other Anomaly
2024-11-01 16:25:00,1.9345069,Other Anomaly
2024-11-01 16:30:00,1.9418925,Other Anomaly
2024-11-01 16:35:00,1.9575177,Other Anomaly
2024-11-01 16:40:00,1.9694672,Other Anomaly
2024-11-01 16:45:00,1.9708917,Other Anomaly
2024-11-01 16:50:00,1.9794756,Other Anomaly
2024-11-01 16:55:00,1.9722533,Other Anomaly
2024-11-01 17:00:00,1.97033,Other Anomaly
2024-11-01 17:05:00,1.9697862,Other Anomaly
2024-11-01 17:10:00,1.9670805,Other Anomaly
2024-11-01 17:15:00,1.9556838,Other Anomaly
2024-11-01 17:20:00,1.9556983,Other Anomaly
2024-11-01 17:25:00,1.9607033,Other Anomaly
2024-11-01 17:30:00,1.9594433,Other Anomaly
2024-11-01 17:35:00,1.9470352,Other Anomaly
2024-11-01 17:40:00,1.9491974,Other Anomaly
2024-11-01 17:45:00,1.9383233,Other Anomaly
2024-11-01 17:50:00,1.940904,Other Anomaly
2024-11-01 17:55:00,1.937321,Other Anomaly
2024-11-01 18:00:00,1.9341595,Other Anomaly
2024-11-01 18:05:00,1.9192234,Other Anomaly
2024-11-01 18:10:00,1.9118192,Other Anomaly
2024-11-01 18:15:00,1.9052444,Other Anomaly
2024-11-01 18:20:00,1.9034245,Other Anomaly
2024-11-01 18:25:00,1.9004242,Other Anomaly
2024-11-01 18:30:00,1.8902032,Other Anomaly
2024-11-01 18:35:00,1.8925657,Other Anomaly
2024-11-01 18:40:00,1.8864555,Other Anomaly
2024-11-01 18:45:00,1.8737807,Other Anomaly
2024-11-01 18:50:00,1.8634338,Other Anomaly
2024-11-01 18:55:00,1.8514606,Other Anomaly
2024-11-02 02:10:00,1.8881427,Other Anomaly
2024-11-02 02:15:00,1.9158119,Other Anomaly
2024-11-02 02:20:00,1.9477795,Other Anomaly
2024-11-02 02:25:00,1.9639975,Other Anomaly
2024-11-02 02:30:00,2.013982,Other Anomaly
2024-11-02 02:35:00,2.033408,Other Anomaly
2024-11-02 02:40:00,2.0639696,Other Anomaly
2024-11-02 02:45:00,2.0813992,Other Anomaly
2024-11-02 02:50:00,2.171504,Other Anomaly
2024-11-02 02:55:00,2.2042742,Other Anomaly
2024-11-02 03:00:00,2.2428133,Other Anomaly
2024-11-02 03:05:00,2.324152,Other Anomaly
2024-11-02 03:10:00,2.353254,Other Anomaly
2024-11-02 03:15:00,2.3742638,Other Anomaly
2024-11-02 03:20:00,2.3968399,Other Anomaly
2024-11-02 03:25:00,2.3974426,Other Anomaly
2024-11-02 03:30:00,2.4424415,Other Anomaly
2024-11-02 03:35:00,2.4635944,Other Anomaly
2024-11-02 03:40:00,2.5466888,Other Anomaly
2024-11-02 03:45:00,2.565326,Other Anomaly
2024-11-02 03:50:00,2.6058483,Other Anomaly
2024-11-02 03:55:00,2.6561487,Other Anomaly
2024-11-02 04:00:00,2.681897,Other Anomaly
2024-11-02 04:05:00,2.689447,Other Anomaly
2024-11-02 04:10:00,2.7313535,Other Anomaly
2024-11-02 04:15:00,2.739835,Other Anomaly
2024-11-02 04:20:00,2.7537687,Other Anomaly
2024-11-02 04:25:00,2.7991302,Other Anomaly
2024-11-02 04:30:00,2.80785,Other Anomaly
2024-11-02 04:35:00,2.8127792,Other Anomaly
2024-11-02 04:40:00,2.8557136,Other Anomaly
2024-11-02 04:45:00,2.8761933,Other Anomaly
2024-11-02 04:50:00,2.8982153,Other Anomaly
2024-11-02 04:55:00,2.9526796,Other Anomaly
2024-11-02 05:00:00,2.960852,Other Anomaly
2024-11-02 05:05:00,2.9525168,Other Anomaly
2024-11-02 05:10:00,2.953268,Other Anomaly
2024-11-02 05:15:00,2.9564288,Other Anomaly
2024-11-02 05:20:00,2.9784904,Other Anomaly
2024-11-02 05:25:00,2.9868755,Other Anomaly
2024-11-02 05:30:00,2.9907093,Other Anomaly
2024-11-02 05:35:00,3.0068727,Other Anomaly
2024-11-02 05:40:00,3.0191877,Other Anomaly
2024-11-02 05:45:00,3.0070333,Other Anomaly
2024-11-02 05:50:00,3.0062878,Other Anomaly
2024-11-02 05:55:00,3.0115912,Other Anomaly
2024-11-02 06:00:00,3.0106084,Other Anomaly
2024-11-02 06:05:00,3.0041146,Other Anomaly
2024-11-02 06:10:00,2.99635,Other Anomaly
2024-11-02 06:15:00,2.985358,Other Anomaly
2024-11-02 06:20:00,2.9617572,Other Anomaly
2024-11-02 06:25:00,2.9533963,Other Anomaly
2024-11-02 06:30:00,2.971005,Other Anomaly
2024-11-02 06:35:00,2.9612432,Other Anomaly
2024-11-02 06:40:00,2.9497354,Other Anomaly
2024-11-02 06:45:00,2.9283082,Other Anomaly
2024-11-02 06:50:00,2.9079556,Other Anomaly
2024-11-02 06:55:00,2.8866017,Other Anomaly
2024-11-02 07:00:00,2.8700516,Other Anomaly
2024-11-02 07:05:00,2.858926,Other Anomaly
2024-11-02 07:10:00,2.8412206,Other Anomaly
2024-11-02 07:15:00,2.8303626,Other Anomaly
2024-11-02 07:20:00,2.6567986,Other Anomaly
2024-11-02 07:25:00,2.6047292,Other Anomaly
2024-11-02 07:30:00,2.5976846,Other Anomaly
2024-11-02 07:35:00,2.5876899,Other Anomaly
2024-11-02 07:40:00,2.542518,Other Anomaly
2024-11-02 07:45:00,2.531903,Other Anomaly
2024-11-02 07:50:00,2.5134919,Other Anomaly
2024-11-02 07:55:00,2.4505877,Other Anomaly
2024-11-02 08:00:00,2.4239001,Other Anomaly
2024-11-02 08:05:00,2.3972812,Other Anomaly
2024-11-02 08:10:00,2.3512635,Other Anomaly
2024-11-02 08:15:00,2.3323808,Other Anomaly
2024-11-02 08:20:00,2.304683,Other Anomaly
2024-11-02 08:25:00,2.2841918,Other Anomaly
2024-11-02 08:30:00,2.231782,Other Anomaly
2024-11-02 08:35:00,2.2162688,Other Anomaly
2024-11-02 08:40:00,2.1891656,Other Anomaly
2024-11-02 08:45:00,2.173234,Other Anomaly
2024-11-02 08:50:00,2.0833824,Other Anomaly
2024-11-02 08:55:00,2.0474594,Other Anomaly
2024-11-02 09:00:00,2.0150476,Other Anomaly
2024-11-02 09:05:00,1.9330492,Other Anomaly
2024-11-02 09:10:00,1.9011613,Other Anomaly
2024-11-02 09:15:00,1.8738614,Other Anomaly
2024-11-02 09:20:00,1.8562858,Other Anomaly
2024-11-03 02:00:00,1.8755536,Other Anomaly
2024-11-03 02:05:00,1.9235001,Other Anomaly
2024-11-03 02:10:00,2.0781636,Other Anomaly
2024-11-03 02:15:00,2.0961423,Other Anomaly
2024-11-03 02:20:00,2.1044736,Other Anomaly
2024-11-03 02:25:00,2.1336296,Other Anomaly
2024-11-03 02:30:00,2.165949,Other Anomaly
2024-11-03 02:35:00,2.200968,Other Anomaly
2024-11-03 02:40:00,2.2437515,Other Anomaly
2024-11-03 02:45:00,2.2639952,Other Anomaly
2024-11-03 02:50:00,2.2846396,Other Anomaly
2024-11-03 02:55:00,2.3097796,Other Anomaly
2024-11-03 03:00:00,2.3433702,Other Anomaly
2024-11-03 03:05:00,2.3926406,Other Anomaly
2024-11-03 03:10:00,2.41354,Other Anomaly
2024-11-03 03:15:00,2.4261434,Other Anomaly
2024-11-03 03:20:00,2.4611304,Other Anomaly
2024-11-03 03:25:00,2.4870133,Other Anomaly
2024-11-03 03:30:00,2.535808,Other Anomaly
2024-11-03 03:35:00,2.600056,Other Anomaly
2024-11-03 03:40:00,2.6305637,Other Anomaly
2024-11-03 03:45:00,2.6465418,Other Anomaly
2024-11-03 03:50:00,2.6774268,Other Anomaly
2024-11-03 03:55:00,2.736678,Other Anomaly
2024-11-03 04:00:00,2.7457354,Other Anomaly
2024-11-03 04:05:00,2.7357645,Other Anomaly
2024-11-03 04:10:00,2.7438884,Other Anomaly
2024-11-03 04:15:00,2.75101,Other Anomaly
2024-11-03 04:20:00,2.7325234,Other Anomaly
2024-11-03 04:25:00,2.7461221,Other Anomaly
2024-11-03 04:30:00,2.7829225,Other Anomaly
2024-11-03 04:35:00,2.7943897,Other Anomaly
2024-11-03 04:40:00,2.8099384,Other Anomaly
2024-11-03 04:45:00,2.84518,Other Anomaly
2024-11-03 04:50:00,2.86442,Other Anomaly
2024-11-03 04:55:00,2.8675199,Other Anomaly
2024-11-03 05:00:00,2.8726149,Other Anomaly
2024-11-03 05:05:00,2.8691626,Other Anomaly
2024-11-03 05:10:00,2.8725932,Other Anomaly
2024-11-03 05:15:00,2.8625526,Other Anomaly
2024-11-03 05:20:00,2.8503141,Other Anomaly
2024-11-03 05:25:00,2.8498762,Other Anomaly
2024-11-03 05:30:00,2.847636,Other Anomaly
2024-11-03 05:35:00,2.8382006,Other Anomaly
2024-11-03 05:40:00,2.8398366,Other Anomaly
2024-11-03 05:45:00,2.8431602,Other Anomaly
2024-11-03 05:50:00,2.8155513,Other Anomaly
2024-11-03 05:55:00,2.8098705,Other Anomaly
2024-11-03 06:00:00,2.7870545,Other Anomaly
2024-11-03 06:05:00,2.7804487,Other Anomaly
2024-11-03 06:10:00,2.7766678,Other Anomaly
2024-11-03 06:15:00,2.7688122,Other Anomaly
2024-11-03 06:20:00,2.7603254,Other Anomaly
2024-11-03 06:25:00,2.748884,Other Anomaly
2024-11-03 06:30:00,2.7280707,Other Anomaly
2024-11-03 06:35:00,2.7182093,Other Anomaly
2024-11-03 06:40:00,2.7190933,Other Anomaly
2024-11-03 06:45:00,2.6998463,Other Anomaly
2024-11-03 06:50:00,2.6703482,Other Anomaly
2024-11-03 06:55:00,2.6605234,Other Anomaly
2024-11-03 07:00:00,2.6483207,Other Anomaly
2024-11-03 07:05:00,2.605048,Other Anomaly
2024-11-03 07:10:00,2.5499716,Other Anomaly
2024-11-03 07:15:00,2.5525484,Other Anomaly
2024-11-03 07:20:00,2.5385578,Other Anomaly
2024-11-03 07:25:00,2.5199287,Other Anomaly
2024-11-03 07:30:00,2.5151186,Other Anomaly
2024-11-03 07:35:00,2.5106955,Other Anomaly
2024-11-03 07:40:00,2.5088074,Other Anomaly
2024-11-03 07:45:00,2.4764023,Other Anomaly
2024-11-03 07:50:00,2.4247842,Other Anomaly
2024-11-03 07:55:00,2.4007092,Other Anomaly
2024-11-03 08:00:00,2.3730774,Other Anomaly
2024-11-03 08:05:00,2.3242168,Other Anomaly
2024-11-03 08:10:00,2.1720755,Other Anomaly
2024-11-03 08:15:00,2.1560614,Other Anomaly
2024-11-03 08:20:00,2.1454306,Other Anomaly
2024-11-03 08:25:00,2.1139596,Other Anomaly
2024-11-03 08:30:00,2.0797613,Other Anomaly
2024-11-03 08:35:00,2.0521677,Other Anomaly
2024-11-03 08:40:00,2.0082314,Other Anomaly
2024-11-03 08:45:00,1.9848855,Other Anomaly
2024-11-03 08:50:00,1.9582865,Other Anomaly
2024-11-03 08:55:00,1.9333482,Other Anomaly
2024-11-03 09:00:00,1.902073,Other Anomaly
2024-11-04 02:30:00,1.8543493,Other Anomaly
2024-11-04 02:35:00,1.8539612,Other Anomaly
2024-11-04 02:40:00,1.8719914,Other Anomaly
2024-11-04 02:45:00,1.9014053,Other Anomaly
2024-11-04 02:50:00,1.9150397,Other Anomaly
2024-11-04 02:55:00,1.9239287,Other Anomaly
2024-11-04 03:00:00,1.9395059,Other Anomaly
2024-11-04 03:05:00,1.9565783,Other Anomaly
2024-11-04 03:10:00,1.9971865,Other Anomaly
2024-11-04 03:15:00,2.0328238,Other Anomaly
2024-11-04 03:20:00,2.0422733,Other Anomaly
2024-11-04 03:25:00,2.0530353,Other Anomaly
2024-11-04 03:30:00,2.052037,Other Anomaly
2024-11-04 03:35:00,2.067958,Other Anomaly
2024-11-04 03:40:00,2.0743222,Other Anomaly
2024-11-04 03:45:00,2.0902236,Other Anomaly
2024-11-04 03:50:00,2.087074,Other Anomaly
2024-11-04 03:55:00,2.0875702,Other Anomaly
2024-11-04 04:00:00,2.0901086,Other Anomaly
2024-11-04 04:05:00,2.0779028,Other Anomaly
2024-11-04 04:10:00,2.0985782,Other Anomaly
2024-11-04 04:15:00,2.1001954,Other Anomaly
2024-11-04 04:20:00,2.0897264,Other Anomaly
2024-11-04 04:25:00,2.0935762,Other Anomaly
2024-11-04 04:30:00,2.1141841,Other Anomaly
2024-11-04 04:35:00,2.1369689,Other Anomaly
2024-11-04 04:40:00,2.1400063,Other Anomaly
2024-11-04 04:45:00,2.1446855,Other Anomaly
2024-11-04 04:50:00,2.1640418,Other Anomaly
2024-11-04 04:55:00,2.1741838,Other Anomaly
2024-11-04 05:00:00,2.1709373,Other Anomaly
2024-11-04 05:05:00,2.1538854,Other Anomaly
2024-11-04 05:10:00,2.1307821,Other Anomaly
2024-11-04 05:15:00,2.1242616,Other Anomaly
2024-11-04 05:20:00,2.1326826,Other Anomaly
2024-11-04 05:25:00,2.121543,Other Anomaly
2024-11-04 05:30:00,2.1171174,Other Anomaly
2024-11-04 05:35:00,2.1044996,Other Anomaly
2024-11-04 05:40:00,2.0914793,Other Anomaly
2024-11-04 05:45:00,2.102887,Other Anomaly
2024-11-04 05:50:00,2.1020453,Other Anomaly
2024-11-04 05:55:00,2.0955732,Other Anomaly
2024-11-04 06:00:00,2.065925,Other Anomaly
2024-11-04 06:05:00,2.0544949,Other Anomaly
2024-11-04 06:10:00,2.051842,Other Anomaly
2024-11-04 06:15:00,2.0370355,Other Anomaly
2024-11-04 06:20:00,2.0362806,Other Anomaly
2024-11-04 06:25:00,2.0118845,Other Anomaly
2024-11-04 06:30:00,2.0090513,Other Anomaly
2024-11-04 06:35:00,2.015303,Other Anomaly
2024-11-04 06:40:00,2.010954,Other Anomaly
2024-11-04 06:45:00,1.9902916,Other Anomaly
2024-11-04 06:50:00,1.9751967,Other Anomaly
2024-11-04 06:55:00,1.9742,Other Anomaly
2024-11-04 07:00:00,1.9614279,Other Anomaly
2024-11-04 07:05:00,1.9346538,Other Anomaly
2024-11-04 07:10:00,1.895587,Other Anomaly
2024-11-04 07:15:00,1.8683118,Other Anomaly
2024-11-04 07:20:00,1.8569441,Other Anomaly
2024-11-04 07:25:00,1.8499861,Other Anomaly
2024-11-04 15:30:00,1.8689213,Other Anomaly
2024-11-04 15:35:00,1.8780693,Other Anomaly
2024-11-04 15:40:00,1.8905741,Other Anomaly
2024-11-04 15:45:00,1.90632,Other Anomaly
2024-11-04 15:50:00,1.917332,Other Anomaly
2024-11-04 15:55:00,1.9340109,Other Anomaly
2024-11-04 16:00:00,1.9443063,Other Anomaly
2024-11-04 16:05:00,1.9558904,Other Anomaly
2024-11-04 16:10:00,1.9691314,Other Anomaly
2024-11-04 16:15:00,1.9739587,Other Anomaly
2024-11-04 16:20:00,1.9746405,Other Anomaly
2024-11-04 16:25:00,1.983482,Other Anomaly
2024-11-04 16:30:00,1.9950824,Other Anomaly
2024-11-04 16:35:00,2.0117688,Other Anomaly
2024-11-04 16:40:00,2.0209358,Other Anomaly
2024-11-04 16:45:00,2.0297446,Other Anomaly
2024-11-04 16:50:00,2.0378184,Other Anomaly
2024-11-04 16:55:00,2.0400305,Other Anomaly
2024-11-04 17:00:00,2.0236275,Other Anomaly
2024-11-04 17:05:00,2.0279648,Other Anomaly
2024-11-04 17:10:00,2.0301611,Other Anomaly
2024-11-04 17:15:00,2.0292013,Other Anomaly
2024-11-04 17:20:00,2.0309918,Other Anomaly
2024-11-04 17:25:00,2.0334291,Other Anomaly
2024-11-04 17:30:00,2.0275981,Other Anomaly
2024-11-04 17:35:00,2.0264075,Other Anomaly
2024-11-04 17:40:00,2.0276737,Other Anomaly
2024-11-04 17:45:00,2.0311196,Other Anomaly
2024-11-04 17:50:00,2.0357206,Other Anomaly
2024-11-04 17:55:00,2.0300052,Other Anomaly
2024-11-04 18:00:00,2.0203862,Other Anomaly
2024-11-04 18:05:00,2.0053594,Other Anomaly
2024-11-04 18:10:00,2.0013776,Other Anomaly
2024-11-04 18:15:00,1.9973391,Other Anomaly
2024-11-04 18:20:00,1.9845791,Other Anomaly
2024-11-04 18:25:00,1.9768083,Other Anomaly
2024-11-04 18:30:00,1.9652126,Other Anomaly
2024-11-04 18:35:00,1.9591892,Other Anomaly
2024-11-04 18:40:00,1.9544246,Other Anomaly
2024-11-04 18:45:00,1.9469228,Other Anomaly
2024-11-04 18:50:00,1.9381343,Other Anomaly
2024-11-04 18:55:00,1.9306592,Other Anomaly
2024-11-04 19:00:00,1.9154035,Other Anomaly
2024-11-04 19:05:00,1.8960711,Other Anomaly
2024-11-04 19:10:00,1.8869678,Other Anomaly
2024-11-04 19:15:00,1.8758633,Other Anomaly
2024-11-04 19:20:00,1.8669893,Other Anomaly
2024-11-04 19:25:00,1.8510565,Other Anomaly
2024-11-05 03:20:00,1.8821435,Other Anomaly
2024-11-05 03:25:00,1.897589,Other Anomaly
2024-11-05 03:30:00,1.935747,Other Anomaly
2024-11-05 03:35:00,1.948863,Other Anomaly
2024-11-05 03:40:00,1.9589083,Other Anomaly
2024-11-05 03:45:00,1.963563,Other Anomaly
2024-11-05 03:50:00,1.9812206,Other Anomaly
2024-11-05 03:55:00,1.9886663,Other Anomaly
2024-11-05 04:00:00,2.0154002,Other Anomaly
2024-11-05 04:05:00,2.0164948,Other Anomaly
2024-11-05 04:10:00,2.0253372,Other Anomaly
2024-11-05 04:15:00,2.056213,Other Anomaly
2024-11-05 04:20:00,2.0622463,Other Anomaly
2024-11-05 04:25:00,2.0624514,Other Anomaly
2024-11-05 04:30:00,2.064761,Other Anomaly
2024-11-05 04:35:00,2.089898,Other Anomaly
2024-11-05 04:40:00,2.0998476,Other Anomaly
2024-11-05 04:45:00,2.1244364,Other Anomaly
2024-11-05 04:50:00,2.1364472,Other Anomaly
2024-11-05 04:55:00,2.1375322,Other Anomaly
2024-11-05 05:00:00,2.1392813,Other Anomaly
2024-11-05 05:05:00,2.1468837,Other Anomaly
2024-11-05 05:10:00,2.13531,Other Anomaly
2024-11-05 05:15:00,2.1295483,Other Anomaly
2024-11-05 05:20:00,2.1398842,Other Anomaly
2024-11-05 05:25:00,2.1316454,Other Anomaly
2024-11-05 05:30:00,2.1535192,Other Anomaly
2024-11-05 05:35:00,2.1386578,Other Anomaly
2024-11-05 05:40:00,2.1392171,Other Anomaly
2024-11-05 05:45:00,2.15926,Other Anomaly
2024-11-05 05:50:00,2.155747,Other Anomaly
2024-11-05 05:55:00,2.1508374,Other Anomaly
2024-11-05 06:00:00,2.135474,Other Anomaly
2024-11-05 06:05:00,2.126188,Other Anomaly
2024-11-05 06:10:00,2.122489,Other Anomaly
2024-11-05 06:15:00,2.114637,Other Anomaly
2024-11-05 06:20:00,2.1006455,Other Anomaly
2024-11-05 06:25:00,2.091489,Other Anomaly
2024-11-05 06:30:00,2.0751333,Other Anomaly
2024-11-05 06:35:00,2.0773425,Other Anomaly
2024-11-05 06:40:00,2.0455418,Other Anomaly
2024-11-05 06:45:00,2.040693,Other Anomaly
2024-11-05 06:50:00,2.0237777,Other Anomaly
2024-11-05 06:55:00,2.0126388,Other Anomaly
2024-11-05 07:00:00,1.9983252,Other Anomaly
2024-11-05 07:05:00,1.9780723,Other Anomaly
2024-11-05 07:10:00,1.9641455,Other Anomaly
2024-11-05 07:15:00,1.9578981,Other Anomaly
2024-11-05 07:20:00,1.9362755,Other Anomaly
2024-11-05 07:25:00,1.9520276,Other Anomaly
2024-11-05 07:30:00,1.9460661,Other Anomaly
2024-11-05 07:35:00,1.9358584,Other Anomaly
2024-11-05 07:40:00,1.9272914,Other Anomaly
2024-11-05 07:45:00,1.9113731,Other Anomaly
2024-11-05 07:50:00,1.8827883,Other Anomaly
2024-11-05 07:55:00,1.8593639,Other Anomaly
2024-11-05 15:30:00,1.862359,Other Anomaly
2024-11-05 15:35:00,1.8720524,Other Anomaly
2024-11-05 15:40:00,1.8831568,Other Anomaly
2024-11-05 15:45:00,1.8857018,Other Anomaly
2024-11-05 15:50:00,1.8973008,Other Anomaly
2024-11-05 15:55:00,1.9120822,Other Anomaly
2024-11-05 16:00:00,1.9200944,Other Anomaly
2024-11-05 16:05:00,1.9368278,Other Anomaly
2024-11-05 16:10:00,1.9433795,Other Anomaly
2024-11-05 16:15:00,1.9526851,Other Anomaly
2024-11-05 16:20:00,1.962964,Other Anomaly
2024-11-05 16:25:00,1.9673395,Other Anomaly
2024-11-05 16:30:00,1.9720765,Other Anomaly
2024-11-05 16:35:00,1.9808396,Other Anomaly
2024-11-05 16:40:00,1.9826818,Other Anomaly
2024-11-05 16:45:00,1.988207,Other Anomaly
2024-11-05 16:50:00,1.9922782,Other Anomaly
2024-11-05 16:55:00,1.9947793,Other Anomaly
2024-11-05 17:00:00,1.9999967,Other Anomaly
2024-11-05 17:05:00,2.0005016,Other Anomaly
2024-11-05 17:10:00,1.9954202,Other Anomaly
2024-11-05 17:15:00,1.9910799,Other Anomaly
2024-11-05 17:20:00,1.9921257,Other Anomaly
2024-11-05 17:25:00,1.9930606,Other Anomaly
2024-11-05 17:30:00,1.9936529,Other Anomaly
2024-11-05 17:35:00,1.9975029,Other Anomaly
2024-11-05 17:40:00,1.9917146,Other Anomaly
2024-11-05 17:45:00,1.9887115,Other Anomaly
2024-11-05 17:50:00,1.9852595,Other Anomaly
2024-11-05 17:55:00,1.9844581,Other Anomaly
2024-11-05 18:00:00,1.9800813,Other Anomaly
2024-11-05 18:05:00,1.9710572,Other Anomaly
2024-11-05 18:10:00,1.9614277,Other Anomaly
2024-11-05 18:15:00,1.9540354,Other Anomaly
2024-11-05 18:20:00,1.9424442,Other Anomaly
2024-11-05 18:25:00,1.9380031,Other Anomaly
2024-11-05 18:30:00,1.9349953,Other Anomaly
2024-11-05 18:35:00,1.9265387,Other Anomaly
2024-11-05 18:40:00,1.9112649,Other Anomaly
2024-11-05 18:45:00,1.9065711,Other Anomaly
2024-11-05 18:50:00,1.8983654,Other Anomaly
2024-11-05 18:55:00,1.8891623,Other Anomaly
2024-11-05 19:00:00,1.8748391,Other Anomaly
2024-11-05 19:05:00,1.861578,Other Anomaly
2024-11-06 03:10:00,1.8517079,Other Anomaly
2024-11-06 03:15:00,1.857514,Other Anomaly
2024-11-06 03:20:00,1.8715174,Other Anomaly
2024-11-06 03:25:00,1.8786024,Other Anomaly
2024-11-06 03:30:00,1.8868436,Other Anomaly
2024-11-06 03:35:00,1.921463,Other Anomaly
2024-11-06 03:40:00,1.9678568,Other Anomaly
2024-11-06 03:45:00,1.9908947,Other Anomaly
2024-11-06 03:50:00,2.0249486,Other Anomaly
2024-11-06 03:55:00,2.0385613,Other Anomaly
2024-11-06 04:00:00,2.0376186,Other Anomaly
2024-11-06 04:05:00,2.04744,Other Anomaly
2024-11-06 04:10:00,2.0654142,Other Anomaly
2024-11-06 04:15:00,2.0979924,Other Anomaly
2024-11-06 04:20:00,2.0984662,Other Anomaly
2024-11-06 04:25:00,2.1043985,Other Anomaly
2024-11-06 04:30:00,2.1249402,Other Anomaly
2024-11-06 04:35:00,2.132394,Other Anomaly
2024-11-06 04:40:00,2.1357057,Other Anomaly
2024-11-06 04:45:00,2.1293583,Other Anomaly
2024-11-06 04:50:00,2.125097,Other Anomaly
2024-11-06 04:55:00,2.1137154,Other Anomaly
2024-11-06 05:00:00,2.116513,Other Anomaly
2024-11-06 05:05:00,2.1091838,Other Anomaly
2024-11-06 05:10:00,2.09915,Other Anomaly
2024-11-06 05:15:00,2.100404,Other Anomaly
2024-11-06 05:20:00,2.1134992,Other Anomaly
2024-11-06 05:25:00,2.1303387,Other Anomaly
2024-11-06 05:30:00,2.1353176,Other Anomaly
2024-11-06 05:35:00,2.141357,Other Anomaly
2024-11-06 05:40:00,2.1424878,Other Anomaly
2024-11-06 05:45:00,2.1470373,Other Anomaly
2024-11-06 05:50:00,2.1486712,Other Anomaly
2024-11-06 05:55:00,2.1544971,Other Anomaly
2024-11-06 06:00:00,2.1450326,Other Anomaly
2024-11-06 06:05:00,2.1496668,Other Anomaly
2024-11-06 06:10:00,2.1531148,Other Anomaly
2024-11-06 06:15:00,2.153748,Other Anomaly
2024-11-06 06:20:00,2.152286,Other Anomaly
2024-11-06 06:25:00,2.134476,Other Anomaly
2024-11-06 06:30:00,2.1423254,Other Anomaly
2024-11-06 06:35:00,2.1256776,Other Anomaly
2024-11-06 06:40:00,2.115628,Other Anomaly
2024-11-06 06:45:00,2.1014962,Other Anomaly
2024-11-06 06:50:00,2.0948887,Other Anomaly
2024-11-06 06:55:00,2.0818799,Other Anomaly
2024-11-06 07:00:00,2.0553432,Other Anomaly
2024-11-06 07:05:00,2.0026698,Other Anomaly
2024-11-06 07:10:00,1.974945,Other Anomaly
2024-11-06 07:15:00,1.954758,Other Anomaly
2024-11-06 07:20:00,1.9325486,Other Anomaly
2024-11-06 07:25:00,1.9172022,Other Anomaly
2024-11-06 07:30:00,1.9072444,Other Anomaly
2024-11-06 07:35:00,1.8922749,Other Anomaly
2024-11-06 07:40:00,1.8679738,Other Anomaly
2024-11-06 07:45:00,1.8548737,Other Anomaly
2024-11-06 15:55:00,1.8581696,Other Anomaly
2024-11-06 16:00:00,1.859084,Other Anomaly
2024-11-06 16:05:00,1.8633003,Other Anomaly
2024-11-06 16:10:00,1.8745369,Other Anomaly
2024-11-06 16:15:00,1.8804909,Other Anomaly
2024-11-06 16:20:00,1.8874182,Other Anomaly
2024-11-06 16:25:00,1.8844709,Other Anomaly
2024-11-06 16:30:00,1.8972542,Other Anomaly
2024-11-06 16:35:00,1.9054073,Other Anomaly
2024-11-06 16:40:00,1.9154818,Other Anomaly
2024-11-06 16:45:00,1.9124821,Other Anomaly
2024-11-06 16:50:00,1.9245967,Other Anomaly
2024-11-06 16:55:00,1.9302257,Other Anomaly
2024-11-06 17:00:00,1.935644,Other Anomaly
2024-11-06 17:05:00,1.9411747,Other Anomaly
2024-11-06 17:10:00,1.9501321,Other Anomaly
2024-11-06 17:15:00,1.9478232,Other Anomaly
2024-11-06 17:20:00,1.9408453,Other Anomaly
2024-11-06 17:25:00,1.9385474,Other Anomaly
2024-11-06 17:30:00,1.9394151,Other Anomaly
2024-11-06 17:35:00,1.936993,Other Anomaly
2024-11-06 17:40:00,1.9403065,Other Anomaly
2024-11-06 17:45:00,1.9450517,Other Anomaly
2024-11-06 17:50:00,1.941162,Other Anomaly
2024-11-06 17:55:00,1.9534482,Other Anomaly
2024-11-06 18:00:00,1.9417622,Other Anomaly
2024-11-06 18:05:00,1.9321128,Other Anomaly
2024-11-06 18:10:00,1.9311974,Other Anomaly
2024-11-06 18:15:00,1.9262482,Other Anomaly
2024-11-06 18:20:00,1.9199775,Other Anomaly
2024-11-06 18:25:00,1.9169574,Other Anomaly
2024-11-06 18:30:00,1.9079934,Other Anomaly
2024-11-06 18:35:00,1.8998803,Other Anomaly
2024-11-06 18:40:00,1.9001901,Other Anomaly
2024-11-06 18:45:00,1.894449,Other Anomaly
2024-11-06 18:50:00,1.8843348,Other Anomaly
2024-11-06 18:55:00,1.8802975,Other Anomaly
2024-11-06 19:00:00,1.8681322,Other Anomaly
2024-11-06 19:05:00,1.8563254,Other Anomaly
2024-11-07 03:10:00,1.8507855,Other Anomaly
2024-11-07 03:15:00,1.8922131,Other Anomaly
2024-11-07 03:20:00,1.9076241,Other Anomaly
2024-11-07 03:25:00,1.9189185,Other Anomaly
2024-11-07 03:30:00,1.9395516,Other Anomaly
2024-11-07 03:35:00,1.9754184,Other Anomaly
2024-11-07 03:40:00,1.9898049,Other Anomaly
2024-11-07 03:45:00,2.0053473,Other Anomaly
2024-11-07 03:50:00,2.0218787,Other Anomaly
2024-11-07 03:55:00,2.0507321,Other Anomaly
2024-11-07 04:00:00,2.0661626,Other Anomaly
2024-11-07 04:05:00,2.0892255,Other Anomaly
2024-11-07 04:10:00,2.1031456,Other Anomaly
2024-11-07 04:15:00,2.1183798,Other Anomaly
2024-11-07 04:20:00,2.132954,Other Anomaly
2024-11-07 04:25:00,2.1358426,Other Anomaly
2024-11-07 04:30:00,2.1457834,Other Anomaly
2024-11-07 04:35:00,2.1508772,Other Anomaly
2024-11-07 04:40:00,2.1576505,Other Anomaly
2024-11-07 04:45:00,2.1683369,Other Anomaly
2024-11-07 04:50:00,2.183818,Other Anomaly
2024-11-07 04:55:00,2.1879363,Other Anomaly
2024-11-07 05:00:00,2.1884377,Other Anomaly
2024-11-07 05:05:00,2.190358,Other Anomaly
2024-11-07 05:10:00,2.196488,Other Anomaly
2024-11-07 05:15:00,2.2026186,Other Anomaly
2024-11-07 05:20:00,2.195877,Other Anomaly
2024-11-07 05:25:00,2.206163,Other Anomaly
2024-11-07 05:30:00,2.2097008,Other Anomaly
2024-11-07 05:35:00,2.2123837,Other Anomaly
2024-11-07 05:40:00,2.2074215,Other Anomaly
2024-11-07 05:45:00,2.2084508,Other Anomaly
2024-11-07 05:50:00,2.2116334,Other Anomaly
2024-11-07 05:55:00,2.211404,Other Anomaly
2024-11-07 06:00:00,2.1912231,Other Anomaly
2024-11-07 06:05:00,2.1843548,Other Anomaly
2024-11-07 06:10:00,2.1531298,Other Anomaly
2024-11-07 06:15:00,2.1409006,Other Anomaly
2024-11-07 06:20:00,2.1324213,Other Anomaly
2024-11-07 06:25:00,2.1276555,Other Anomaly
2024-11-07 06:30:00,2.125949,Other Anomaly
2024-11-07 06:35:00,2.1231484,Other Anomaly
2024-11-07 06:40:00,2.130604,Other Anomaly
2024-11-07 06:45:00,2.12185,Other Anomaly
2024-11-07 06:50:00,2.129985,Other Anomaly
2024-11-07 06:55:00,2.1286356,Other Anomaly
2024-11-07 07:00:00,2.110719,Other Anomaly
2024-11-07 07:05:00,2.1025465,Other Anomaly
2024-11-07 07:10:00,2.0953283,Other Anomaly
2024-11-07 07:15:00,2.0680277,Other Anomaly
2024-11-07 07:20:00,2.0574758,Other Anomaly
2024-11-07 07:25:00,2.026863,Other Anomaly
2024-11-07 07:30:00,1.9938864,Other Anomaly
2024-11-07 07:35:00,1.9708148,Other Anomaly
2024-11-07 07:40:00,1.8962742,Other Anomaly
2024-11-07 07:45:00,1.8637154,Other Anomaly
2024-11-07 07:50:00,1.8527471,Other Anomaly
2024-11-07 15:50:00,1.8623685,Other Anomaly
2024-11-07 15:55:00,1.8793213,Other Anomaly
2024-11-07 16:00:00,1.8800842,Other Anomaly
2024-11-07 16:05:00,1.8913156,Other Anomaly
2024-11-07 16:10:00,1.8974879,Other Anomaly
2024-11-07 16:15:00,1.9034519,Other Anomaly
2024-11-07 16:20:00,1.9097635,Other Anomaly
2024-11-07 16:25:00,1.9173245,Other Anomaly
2024-11-07 16:30:00,1.927405,Other Anomaly
2024-11-07 16:35:00,1.9570037,Other Anomaly
2024-11-07 16:40:00,1.961748,Other Anomaly
2024-11-07 16:45:00,1.9681618,Other Anomaly
2024-11-07 16:50:00,1.9745814,Other Anomaly
2024-11-07 16:55:00,1.9799495,Other Anomaly
2024-11-07 17:00:00,1.9843826,Other Anomaly
2024-11-07 17:05:00,1.98337,Other Anomaly
2024-11-07 17:10:00,1.9792843,Other Anomaly
2024-11-07 17:15:00,1.9836429,Other Anomaly
2024-11-07 17:20:00,1.988973,Other Anomaly
2024-11-07 17:25:00,1.9804833,Other Anomaly
2024-11-07 17:30:00,1.9748762,Other Anomaly
2024-11-07 17:35:00,1.9683886,Other Anomaly
2024-11-07 17:40:00,1.9643786,Other Anomaly
2024-11-07 17:45:00,1.9728457,Other Anomaly
2024-11-07 17:50:00,1.9831278,Other Anomaly
2024-11-07 17:55:00,1.9814391,Other Anomaly
2024-11-07 18:00:00,1.9769244,Other Anomaly
2024-11-07 18:05:00,1.9560972,Other Anomaly
2024-11-07 18:10:00,1.9499831,Other Anomaly
2024-11-07 18:15:00,1.9443647,Other Anomaly
2024-11-07 18:20:00,1.9398199,Other Anomaly
2024-11-07 18:25:00,1.927783,Other Anomaly
2024-11-07 18:30:00,1.9307343,Other Anomaly
2024-11-07 18:35:00,1.939135,Other Anomaly
2024-11-07 18:40:00,1.9313052,Other Anomaly
2024-11-07 18:45:00,1.9289249,Other Anomaly
2024-11-07 18:50:00,1.9289416,Other Anomaly
2024-11-07 18:55:00,1.9321108,Other Anomaly
2024-11-07 19:00:00,1.9142345,Other Anomaly
2024-11-07 19:05:00,1.9042263,Other Anomaly
2024-11-07 19:10:00,1.8855441,Other Anomaly
2024-11-07 19:15:00,1.8869597,Other Anomaly
2024-11-07 19:20:00,1.8726022,Other Anomaly
2024-11-07 19:25:00,1.8606479,Other Anomaly
2024-11-07 19:30:00,1.8500888,Other Anomaly
2024-11-08 03:05:00,1.8629373,Other Anomaly
2024-11-08 03:10:00,1.8832626,Other Anomaly
2024-11-08 03:15:00,1.9023037,Other Anomaly
2024-11-08 03:20:00,1.9416624,Other Anomaly
2024-11-08 03:25:00,1.9557776,Other Anomaly
2024-11-08 03:30:00,1.9915869,Other Anomaly
2024-11-08 03:35:00,2.004019,Other Anomaly
2024-11-08 03:40:00,2.0109513,Other Anomaly
2024-11-08 03:45:00,2.051412,Other Anomaly
2024-11-08 03:50:00,2.0512152,Other Anomaly
2024-11-08 03:55:00,2.0626395,Other Anomaly
2024-11-08 04:00:00,2.0685208,Other Anomaly
2024-11-08 04:05:00,2.0785732,Other Anomaly
2024-11-08 04:10:00,2.0839102,Other Anomaly
2024-11-08 04:15:00,2.087432,Other Anomaly
2024-11-08 04:20:00,2.1168365,Other Anomaly
2024-11-08 04:25:00,2.1397536,Other Anomaly
2024-11-08 04:30:00,2.14297,Other Anomaly
2024-11-08 04:35:00,2.1567533,Other Anomaly
2024-11-08 04:40:00,2.1577106,Other Anomaly
2024-11-08 04:45:00,2.1650667,Other Anomaly
2024-11-08 04:50:00,2.1760068,Other Anomaly
2024-11-08 04:55:00,2.1817725,Other Anomaly
2024-11-08 05:00:00,2.1746824,Other Anomaly
2024-11-08 05:05:00,2.1738155,Other Anomaly
2024-11-08 05:10:00,2.1735468,Other Anomaly
2024-11-08 05:15:00,2.1768274,Other Anomaly
2024-11-08 05:20:00,2.187655,Other Anomaly
2024-11-08 05:25:00,2.166772,Other Anomaly
2024-11-08 05:30:00,2.1609626,Other Anomaly
2024-11-08 05:35:00,2.165328,Other Anomaly
2024-11-08 05:40:00,2.1644576,Other Anomaly
2024-11-08 05:45:00,2.1644173,Other Anomaly
2024-11-08 05:50:00,2.1701922,Other Anomaly
2024-11-08 05:55:00,2.1643896,Other Anomaly
2024-11-08 06:00:00,2.1459384,Other Anomaly
2024-11-08 06:05:00,2.1339653,Other Anomaly
2024-11-08 06:10:00,2.1211488,Other Anomaly
2024-11-08 06:15:00,2.0981295,Other Anomaly
2024-11-08 06:20:00,2.0949857,Other Anomaly
2024-11-08 06:25:00,2.0900123,Other Anomaly
2024-11-08 06:30:00,2.0725188,Other Anomaly
2024-11-08 06:35:00,2.0448456,Other Anomaly
2024-11-08 06:40:00,2.0421739,Other Anomaly
2024-11-08 06:45:00,2.042494,Other Anomaly
2024-11-08 06:50:00,2.0382688,Other Anomaly
2024-11-08 06:55:00,2.0226958,Other Anomaly
2024-11-08 07:00:00,2.0095398,Other Anomaly
2024-11-08 07:05:00,2.0065584,Other Anomaly
2024-11-08 07:10:00,1.9963458,Other Anomaly
2024-11-08 07:15:00,1.969012,Other Anomaly
2024-11-08 07:20:00,1.9535818,Other Anomaly
2024-11-08 07:25:00,1.9400287,Other Anomaly
2024-11-08 07:30:00,1.9216161,Other Anomaly
2024-11-08 07:35:00,1.9077687,Other Anomaly
2024-11-08 07:40:00,1.877135,Other Anomaly
2024-11-08 07:45:00,1.8689506,Other Anomaly
2024-11-08 08:00:00,32.973167,Latency Anomaly
2024-11-08 08:05:00,65.032005,Latency Anomaly
2024-11-08 08:10:00,96.09096,Latency Anomaly
2024-11-08 08:15:00,129.26765,Latency Anomaly
2024-11-08 08:20:00,159.87325,Latency Anomaly
2024-11-08 08:25:00,192.0126,Latency Anomaly
2024-11-08 08:30:00,224.08618,Latency Anomaly
2024-11-08 08:35:00,255.5558,Latency Anomaly
2024-11-08 08:40:00,286.70728,Latency Anomaly
2024-11-08 08:45:00,319.37445,Latency Anomaly
2024-11-08 08:50:00,350.08435,Latency Anomaly
2024-11-08 08:55:00,382.4219,Latency Anomaly
2024-11-08 09:00:00,413.4666,Latency Anomaly
2024-11-08 09:05:00,443.2575,Latency Anomaly
2024-11-08 09:10:00,475.9073,Latency Anomaly
2024-11-08 09:15:00,506.68427,Latency Anomaly
2024-11-08 09:20:00,537.5043,Latency Anomaly
2024-11-08 09:25:00,568.73145,Latency Anomaly
2024-11-08 09:30:00,600.36597,Latency Anomaly
2024-11-08 09:35:00,632.1408,Latency Anomaly
2024-11-08 09:40:00,663.8273,Latency Anomaly
2024-11-08 09:45:00,694.64734,Latency Anomaly
2024-11-08 09:50:00,727.1936,Latency Anomaly
2024-11-08 09:55:00,758.23883,Latency Anomaly
2024-11-08 10:00:00,790.17706,Latency Anomaly
2024-11-08 10:05:00,823.4227,Latency Anomaly
2024-11-08 10:10:00,854.8088,Latency Anomaly
2024-11-08 10:15:00,885.5366,Latency Anomaly
2024-11-08 10:20:00,916.51514,Latency Anomaly
2024-11-08 10:25:00,947.6523,Latency Anomaly
2024-11-08 10:30:00,978.00214,Latency Anomaly
2024-11-08 10:35:00,1008.18695,Latency Anomaly
2024-11-08 10:40:00,1038.7015,Latency Anomaly
2024-11-08 10:45:00,1069.0377,Latency Anomaly
2024-11-08 10:50:00,1101.3256,Latency Anomaly
2024-11-08 10:55:00,1133.6332,Latency Anomaly
2024-11-08 11:00:00,1165.6445,Latency Anomaly
2024-11-08 11:05:00,1196.7963,Latency Anomaly
2024-11-08 11:10:00,1228.8293,Latency Anomaly
2024-11-08 11:15:00,1260.1144,Latency Anomaly
2024-11-08 11:20:00,1291.1515,Latency Anomaly
2024-11-08 11:25:00,1322.8967,Latency Anomaly
2024-11-08 11:30:00,1354.9158,Latency Anomaly
2024-11-08 11:35:00,1385.4008,Latency Anomaly
2024-11-08 11:40:00,1415.3131,Latency Anomaly
2024-11-08 11:45:00,1448.0305,Latency Anomaly
2024-11-08 11:50:00,1479.6296,Latency Anomaly
2024-11-08 11:55:00,1509.9478,Latency Anomaly
2024-11-08 12:00:00,1510.3406,Latency Anomaly
2024-11-08 12:05:00,1510.4845,Latency Anomaly
2024-11-08 12:10:00,1510.5372,Latency Anomaly
2024-11-08 12:15:00,1510.5731,Latency Anomaly
2024-11-08 12:20:00,1510.6157,Latency Anomaly
2024-11-08 12:25:00,1510.6625,Latency Anomaly
2024-11-08 12:30:00,1510.6998,Latency Anomaly
2024-11-08 12:35:00,1510.776,Latency Anomaly
2024-11-08 12:40:00,1510.832,Latency Anomaly
2024-11-08 12:45:00,1510.888,Latency Anomaly
2024-11-08 12:50:00,1510.9419,Latency Anomaly
2024-11-08 12:55:00,1511.0024,Latency Anomaly
2024-11-08 13:00:00,1511.0679,Latency Anomaly
2024-11-08 13:05:00,1511.0969,Latency Anomaly
2024-11-08 13:10:00,1511.1095,Latency Anomaly
2024-11-08 13:15:00,1511.1364,Latency Anomaly
2024-11-08 13:20:00,1511.155,Latency Anomaly
2024-11-08 13:25:00,1511.2169,Latency Anomaly
2024-11-08 13:30:00,1511.2463,Latency Anomaly
2024-11-08 13:35:00,1511.2849,Latency Anomaly
2024-11-08 13:40:00,1511.2994,Latency Anomaly
2024-11-08 13:45:00,1511.3387,Latency Anomaly
2024-11-08 13:50:00,1511.3617,Latency Anomaly
2024-11-08 13:55:00,1511.3771,Latency Anomaly
2024-11-08 14:00:00,1480.224,Latency Anomaly
2024-11-08 14:05:00,1448.1223,Latency Anomaly
2024-11-08 14:10:00,1416.9923,Latency Anomaly
2024-11-08 14:15:00,1383.7897,Latency Anomaly
2024-11-08 14:20:00,1353.1267,Latency Anomaly
2024-11-08 14:25:00,1320.9436,Latency Anomaly
2024-11-08 14:30:00,1288.8705,Latency Anomaly
2024-11-08 14:35:00,1257.3925,Latency Anomaly
2024-11-08 14:40:00,1226.2283,Latency Anomaly
2024-11-08 14:45:00,1193.5258,Latency Anomaly
2024-11-08 14:50:00,1162.789,Latency Anomaly
2024-11-08 14:55:00,1130.4104,Latency Anomaly
2024-11-08 15:00:00,1099.3376,Latency Anomaly
2024-11-08 15:05:00,1069.5482,Latency Anomaly
2024-11-08 15:10:00,1036.8634,Latency Anomaly
2024-11-08 15:15:00,1006.0576,Latency Anomaly
2024-11-08 15:20:00,975.17993,Latency Anomaly
2024-11-08 15:25:00,943.9414,Latency Anomaly
2024-11-08 15:30:00,912.25507,Latency Anomaly
2024-11-08 15:35:00,880.4578,Latency Anomaly
2024-11-08 15:40:00,848.73193,Latency Anomaly
2024-11-08 15:45:00,817.8635,Latency Anomaly
2024-11-08 15:50:00,785.30383,Latency Anomaly
2024-11-08 15:55:00,754.242,Latency Anomaly
2024-11-08 16:00:00,722.2993,Latency Anomaly
2024-11-08 16:05:00,688.9877,Latency Anomaly
2024-11-08 16:10:00,657.5949,Latency Anomaly
2024-11-08 16:15:00,626.83844,Latency Anomaly
2024-11-08 16:20:00,595.79504,Latency Anomaly
2024-11-08 16:25:00,564.6339,Latency Anomaly
2024-11-08 16:30:00,534.2878,Latency Anomaly
2024-11-08 16:35:00,504.0795,Latency Anomaly
2024-11-08 16:40:00,473.5496,Latency Anomaly
2024-11-08 16:45:00,443.1965,Latency Anomaly
2024-11-08 16:50:00,410.91388,Latency Anomaly
2024-11-08 16:55:00,378.55795,Latency Anomaly
2024-11-08 17:00:00,346.5565,Latency Anomaly
2024-11-08 17:05:00,315.38382,Latency Anomaly
2024-11-08 17:10:00,283.36673,Latency Anomaly
2024-11-08 17:15:00,252.0461,Latency Anomaly
2024-11-08 17:20:00,220.96048,Latency Anomaly
2024-11-08 17:25:00,189.19647,Latency Anomaly
2024-11-08 17:30:00,157.11409,Latency Anomaly
2024-11-08 17:35:00,126.64382,Latency Anomaly
2024-11-08 17:40:00,96.70779,Latency Anomaly
2024-11-08 17:45:00,63.992023,Latency Anomaly
2024-11-08 17:50:00,32.333298,Latency Anomaly
2024-11-08 17:55:00,2.0090132,Other Anomaly
2024-11-08 18:00:00,1.9942119,Other Anomaly
2024-11-08 18:05:00,1.9816437,Other Anomaly
2024-11-08 18:10:00,1.9793816,Other Anomaly
2024-11-08 18:15:00,1.9737962,Other Anomaly
2024-11-08 18:20:00,1.9578836,Other Anomaly
2024-11-08 18:25:00,1.9485639,Other Anomaly
2024-11-08 18:30:00,1.9435567,Other Anomaly
2024-11-08 18:35:00,1.9335234,Other Anomaly
2024-11-08 18:40:00,1.929294,Other Anomaly
2024-11-08 18:45:00,1.9155198,Other Anomaly
2024-11-08 18:50:00,1.9077389,Other Anomaly
2024-11-08 18:55:00,1.8953934,Other Anomaly
2024-11-08 19:00:00,1.8768628,Other Anomaly
2024-11-08 19:05:00,1.8709245,Other Anomaly
2024-11-08 19:10:00,1.8596182,Other Anomaly
2024-11-09 02:15:00,1.8788139,Other Anomaly
2024-11-09 02:20:00,1.9150788,Other Anomaly
2024-11-09 02:25:00,1.9418969,Other Anomaly
2024-11-09 02:30:00,2.0241902,Other Anomaly
2024-11-09 02:35:00,2.0561686,Other Anomaly
2024-11-09 02:40:00,2.086338,Other Anomaly
2024-11-09 02:45:00,2.1055236,Other Anomaly
2024-11-09 02:50:00,2.133408,Other Anomaly
2024-11-09 02:55:00,2.206057,Other Anomaly
2024-11-09 03:00:00,2.2337584,Other Anomaly
2024-11-09 03:05:00,2.254172,Other Anomaly
2024-11-09 03:10:00,2.318653,Other Anomaly
2024-11-09 03:15:00,2.345722,Other Anomaly
2024-11-09 03:20:00,2.3987236,Other Anomaly
2024-11-09 03:25:00,2.4361837,Other Anomaly
2024-11-09 03:30:00,2.451407,Other Anomaly
2024-11-09 03:35:00,2.5235655,Other Anomaly
2024-11-09 03:40:00,2.5422347,Other Anomaly
2024-11-09 03:45:00,2.5815566,Other Anomaly
2024-11-09 03:50:00,2.6141906,Other Anomaly
2024-11-09 03:55:00,2.640163,Other Anomaly
2024-11-09 04:00:00,2.644017,Other Anomaly
2024-11-09 04:05:00,2.6646676,Other Anomaly
2024-11-09 04:10:00,2.6835845,Other Anomaly
2024-11-09 04:15:00,2.6854231,Other Anomaly
2024-11-09 04:20:00,2.6975756,Other Anomaly
2024-11-09 04:25:00,2.708863,Other Anomaly
2024-11-09 04:30:00,2.7241411,Other Anomaly
2024-11-09 04:35:00,2.7482386,Other Anomaly
2024-11-09 04:40:00,2.7703888,Other Anomaly
2024-11-09 04:45:00,2.7885864,Other Anomaly
2024-11-09 04:50:00,2.79972,Other Anomaly
2024-11-09 04:55:00,2.8057382,Other Anomaly
2024-11-09 05:00:00,2.8142464,Other Anomaly
2024-11-09 05:05:00,2.8093655,Other Anomaly
2024-11-09 05:10:00,2.8143094,Other Anomaly
2024-11-09 05:15:00,2.8233256,Other Anomaly
2024-11-09 05:20:00,2.8329902,Other Anomaly
2024-11-09 05:25:00,2.8128164,Other Anomaly
2024-11-09 05:30:00,2.805635,Other Anomaly
2024-11-09 05:35:00,2.8097568,Other Anomaly
2024-11-09 05:40:00,2.8094895,Other Anomaly
2024-11-09 05:45:00,2.8087337,Other Anomaly
2024-11-09 05:50:00,2.8062885,Other Anomaly
2024-11-09 05:55:00,2.8038545,Other Anomaly
2024-11-09 06:00:00,2.7974792,Other Anomaly
2024-11-09 06:05:00,2.8014476,Other Anomaly
2024-11-09 06:10:00,2.7960405,Other Anomaly
2024-11-09 06:15:00,2.7673528,Other Anomaly
2024-11-09 06:20:00,2.7516139,Other Anomaly
2024-11-09 06:25:00,2.7417698,Other Anomaly
2024-11-09 06:30:00,2.7400923,Other Anomaly
2024-11-09 06:35:00,2.7339067,Other Anomaly
2024-11-09 06:40:00,2.70381,Other Anomaly
2024-11-09 06:45:00,2.701389,Other Anomaly
2024-11-09 06:50:00,2.6993039,Other Anomaly
2024-11-09 06:55:00,2.6806977,Other Anomaly
2024-11-09 07:00:00,2.6611226,Other Anomaly
2024-11-09 07:05:00,2.651227,Other Anomaly
2024-11-09 07:10:00,2.6362262,Other Anomaly
2024-11-09 07:15:00,2.632397,Other Anomaly
2024-11-09 07:20:00,2.5782733,Other Anomaly
2024-11-09 07:25:00,2.5524704,Other Anomaly
2024-11-09 07:30:00,2.451714,Other Anomaly
2024-11-09 07:35:00,2.4420068,Other Anomaly
2024-11-09 07:40:00,2.427955,Other Anomaly
2024-11-09 07:45:00,2.3928292,Other Anomaly
2024-11-09 07:50:00,2.375467,Other Anomaly
2024-11-09 07:55:00,2.3543181,Other Anomaly
2024-11-09 08:00:00,2.323459,Other Anomaly
2024-11-09 08:05:00,2.3039012,Other Anomaly
2024-11-09 08:10:00,2.2194278,Other Anomaly
2024-11-09 08:15:00,2.1845305,Other Anomaly
2024-11-09 08:20:00,2.1544714,Other Anomaly
2024-11-09 08:25:00,2.1271875,Other Anomaly
2024-11-09 08:30:00,2.043489,Other Anomaly
2024-11-09 08:35:00,2.0151684,Other Anomaly
2024-11-09 08:40:00,1.9829898,Other Anomaly
2024-11-09 08:45:00,1.9650332,Other Anomaly
2024-11-09 08:50:00,1.9345673,Other Anomaly
2024-11-09 08:55:00,1.8627417,Other Anomaly
2024-11-10 01:20:00,1.8660699,Other Anomaly
2024-11-10 01:25:00,1.951075,Other Anomaly
2024-11-10 01:30:00,1.9644856,Other Anomaly
2024-11-10 01:35:00,1.9686176,Other Anomaly
2024-11-10 01:40:00,1.9938825,Other Anomaly
2024-11-10 01:45:00,2.0253303,Other Anomaly
2024-11-10 01:50:00,2.0464935,Other Anomaly
2024-11-10 01:55:00,2.0907083,Other Anomaly
2024-11-10 02:00:00,2.121636,Other Anomaly
2024-11-10 02:05:00,2.1768682,Other Anomaly
2024-11-10 02:10:00,2.1974456,Other Anomaly
2024-11-10 02:15:00,2.246642,Other Anomaly
2024-11-10 02:20:00,2.2920048,Other Anomaly
2024-11-10 02:25:00,2.304189,Other Anomaly
2024-11-10 02:30:00,2.3234155,Other Anomaly
2024-11-10 02:35:00,2.3449917,Other Anomaly
2024-11-10 02:40:00,2.4162886,Other Anomaly
2024-11-10 02:45:00,2.4428957,Other Anomaly
2024-11-10 02:50:00,2.4501686,Other Anomaly
2024-11-10 02:55:00,2.4657145,Other Anomaly
2024-11-10 03:00:00,2.5001135,Other Anomaly
2024-11-10 03:05:00,2.5127733,Other Anomaly
2024-11-10 03:10:00,2.533602,Other Anomaly
2024-11-10 03:15:00,2.5632043,Other Anomaly
2024-11-10 03:20:00,2.587447,Other Anomaly
2024-11-10 03:25:00,2.5971212,Other Anomaly
2024-11-10 03:30:00,2.6411583,Other Anomaly
2024-11-10 03:35:00,2.6583452,Other Anomaly
2024-11-10 03:40:00,2.7435038,Other Anomaly
2024-11-10 03:45:00,2.780322,Other Anomaly
2024-11-10 03:50:00,2.8015862,Other Anomaly
2024-11-10 03:55:00,2.8184116,Other Anomaly
2024-11-10 04:00:00,2.8375773,Other Anomaly
2024-11-10 04:05:00,2.8747847,Other Anomaly
2024-11-10 04:10:00,2.8996322,Other Anomaly
2024-11-10 04:15:00,2.8985987,Other Anomaly
2024-11-10 04:20:00,2.8987558,Other Anomaly
2024-11-10 04:25:00,2.906233,Other Anomaly
2024-11-10 04:30:00,2.9256024,Other Anomaly
2024-11-10 04:35:00,2.9749346,Other Anomaly
2024-11-10 04:40:00,2.9733825,Other Anomaly
2024-11-10 04:45:00,2.9746351,Other Anomaly
2024-11-10 04:50:00,2.994408,Other Anomaly
2024-11-10 04:55:00,3.0008104,Other Anomaly
2024-11-10 05:00:00,2.9852467,Other Anomaly
2024-11-10 05:05:00,2.9838703,Other Anomaly
2024-11-10 05:10:00,2.983577,Other Anomaly
2024-11-10 05:15:00,2.9873257,Other Anomaly
2024-11-10 05:20:00,2.9673104,Other Anomaly
2024-11-10 05:25:00,2.9571764,Other Anomaly
2024-11-10 05:30:00,2.9513764,Other Anomaly
2024-11-10 05:35:00,2.9626894,Other Anomaly
2024-11-10 05:40:00,2.9554007,Other Anomaly
2024-11-10 05:45:00,2.9565217,Other Anomaly
2024-11-10 05:50:00,2.9215434,Other Anomaly
2024-11-10 05:55:00,2.908711,Other Anomaly
2024-11-10 06:00:00,2.8785105,Other Anomaly
2024-11-10 06:05:00,2.8505006,Other Anomaly
2024-11-10 06:10:00,2.8329747,Other Anomaly
2024-11-10 06:15:00,2.7848914,Other Anomaly
2024-11-10 06:20:00,2.7691367,Other Anomaly
2024-11-10 06:25:00,2.772508,Other Anomaly
2024-11-10 06:30:00,2.7583075,Other Anomaly
2024-11-10 06:35:00,2.7410493,Other Anomaly
2024-11-10 06:40:00,2.7298386,Other Anomaly
2024-11-10 06:45:00,2.7238426,Other Anomaly
2024-11-10 06:50:00,2.7263913,Other Anomaly
2024-11-10 06:55:00,2.6892014,Other Anomaly
2024-11-10 07:00:00,2.686608,Other Anomaly
2024-11-10 07:05:00,2.67196,Other Anomaly
2024-11-10 07:10:00,2.6297379,Other Anomaly
2024-11-10 07:15:00,2.614254,Other Anomaly
2024-11-10 07:20:00,2.536519,Other Anomaly
2024-11-10 07:25:00,2.4570637,Other Anomaly
2024-11-10 07:30:00,2.4488358,Other Anomaly
2024-11-10 07:35:00,2.4297366,Other Anomaly
2024-11-10 07:40:00,2.405445,Other Anomaly
2024-11-10 07:45:00,2.3747501,Other Anomaly
2024-11-10 07:50:00,2.363775,Other Anomaly
2024-11-10 07:55:00,2.3190215,Other Anomaly
2024-11-10 08:00:00,2.2929447,Other Anomaly
2024-11-10 08:05:00,2.2384105,Other Anomaly
2024-11-10 08:10:00,2.222423,Other Anomaly
2024-11-10 08:15:00,2.1723335,Other Anomaly
2024-11-10 08:20:00,2.127083,Other Anomaly
2024-11-10 08:25:00,2.1103,Other Anomaly
2024-11-10 08:30:00,2.0838566,Other Anomaly
2024-11-10 08:35:00,2.0694177,Other Anomaly
2024-11-10 08:40:00,1.9948637,Other Anomaly
2024-11-10 08:45:00,1.9747937,Other Anomaly
2024-11-10 08:50:00,1.9653975,Other Anomaly
2024-11-10 08:55:00,1.9428349,Other Anomaly
2024-11-10 09:00:00,1.9025193,Other Anomaly
2024-11-10 09:05:00,1.8726531,Other Anomaly
2024-11-10 09:10:00,1.8558025,Other Anomaly
2024-11-11 02:20:00,1.8498745,Other Anomaly
2024-11-11 02:25:00,1.8740567,Other Anomaly
2024-11-11 02:30:00,1.9423338,Other Anomaly
2024-11-11 02:35:00,1.965203,Other Anomaly
2024-11-11 02:40:00,1.993081,Other Anomaly
2024-11-11 02:45:00,2.027557,Other Anomaly
2024-11-11 02:50:00,2.0587943,Other Anomaly
2024-11-11 02:55:00,2.075749,Other Anomaly
2024-11-11 03:00:00,2.1255736,Other Anomaly
2024-11-11 03:05:00,2.1253252,Other Anomaly
2024-11-11 03:10:00,2.145938,Other Anomaly
2024-11-11 03:15:00,2.1576848,Other Anomaly
2024-11-11 03:20:00,2.1844406,Other Anomaly
2024-11-11 03:25:00,2.2066052,Other Anomaly
2024-11-11 03:30:00,2.227288,Other Anomaly
2024-11-11 03:35:00,2.251801,Other Anomaly
2024-11-11 03:40:00,2.2758083,Other Anomaly
2024-11-11 03:45:00,2.2815797,Other Anomaly
2024-11-11 03:50:00,2.302,Other Anomaly
2024-11-11 03:55:00,2.335138,Other Anomaly
2024-11-11 04:00:00,2.340303,Other Anomaly
2024-11-11 04:05:00,2.3557727,Other Anomaly
2024-11-11 04:10:00,2.3628187,Other Anomaly
2024-11-11 04:15:00,2.3605745,Other Anomaly
2024-11-11 04:20:00,2.368221,Other Anomaly
2024-11-11 04:25:00,2.365916,Other Anomaly
2024-11-11 04:30:00,2.3700829,Other Anomaly
2024-11-11 04:35:00,2.3691282,Other Anomaly
2024-11-11 04:40:00,2.3767962,Other Anomaly
2024-11-11 04:45:00,2.392159,Other Anomaly
2024-11-11 04:50:00,2.4086118,Other Anomaly
2024-11-11 04:55:00,2.4063637,Other Anomaly
2024-11-11 05:00:00,2.4006684,Other Anomaly
2024-11-11 05:05:00,2.4002557,Other Anomaly
2024-11-11 05:10:00,2.3954587,Other Anomaly
2024-11-11 05:15:00,2.3887177,Other Anomaly
2024-11-11 05:20:00,2.3789625,Other Anomaly
2024-11-11 05:25:00,2.359936,Other Anomaly
2024-11-11 05:30:00,2.360647,Other Anomaly
2024-11-11 05:35:00,2.3486097,Other Anomaly
2024-11-11 05:40:00,2.3331802,Other Anomaly
2024-11-11 05:45:00,2.3222375,Other Anomaly
2024-11-11 05:50:00,2.3200326,Other Anomaly
2024-11-11 05:55:00,2.3124824,Other Anomaly
2024-11-11 06:00:00,2.3023453,Other Anomaly
2024-11-11 06:05:00,2.2963831,Other Anomaly
2024-11-11 06:10:00,2.2938726,Other Anomaly
2024-11-11 06:15:00,2.2719526,Other Anomaly
2024-11-11 06:20:00,2.2815044,Other Anomaly
2024-11-11 06:25:00,2.2583613,Other Anomaly
2024-11-11 06:30:00,2.2496414,Other Anomaly
2024-11-11 06:35:00,2.2350833,Other Anomaly
2024-11-11 06:40:00,2.2284553,Other Anomaly
2024-11-11 06:45:00,2.2246335,Other Anomaly
2024-11-11 06:50:00,2.2153723,Other Anomaly
2024-11-11 06:55:00,2.206398,Other Anomaly
2024-11-11 07:00:00,2.1676655,Other Anomaly
2024-11-11 07:05:00,2.1643336,Other Anomaly
2024-11-11 07:10:00,2.1486309,Other Anomaly
2024-11-11 07:15:00,2.1342576,Other Anomaly
2024-11-11 07:20:00,2.1158123,Other Anomaly
2024-11-11 07:25:00,2.1069803,Other Anomaly
2024-11-11 07:30:00,2.0636213,Other Anomaly
2024-11-11 07:35:00,2.0452313,Other Anomaly
2024-11-11 07:40:00,2.0110025,Other Anomaly
2024-11-11 07:45:00,2.0036714,Other Anomaly
2024-11-11 07:50:00,1.9911393,Other Anomaly
2024-11-11 07:55:00,1.9748057,Other Anomaly
2024-11-11 08:00:00,1.9423,Other Anomaly
2024-11-11 08:05:00,1.9316709,Other Anomaly
2024-11-11 08:10:00,1.9423767,Other Anomaly
2024-11-11 08:15:00,1.8671639,Other Anomaly
2024-11-11 15:40:00,1.8517363,Other Anomaly
2024-11-11 15:45:00,1.86358,Other Anomaly
2024-11-11 15:50:00,1.8867382,Other Anomaly
2024-11-11 15:55:00,1.9025193,Other Anomaly
2024-11-11 16:00:00,1.906431,Other Anomaly
2024-11-11 16:05:00,1.9238693,Other Anomaly
2024-11-11 16:10:00,1.9337358,Other Anomaly
2024-11-11 16:15:00,1.9375099,Other Anomaly
2024-11-11 16:20:00,1.9524748,Other Anomaly
2024-11-11 16:25:00,1.9595044,Other Anomaly
2024-11-11 16:30:00,1.9702324,Other Anomaly
2024-11-11 16:35:00,1.9809425,Other Anomaly
2024-11-11 16:40:00,1.9929447,Other Anomaly
2024-11-11 16:45:00,2.0002365,Other Anomaly
2024-11-11 16:50:00,2.0081291,Other Anomaly
2024-11-11 16:55:00,2.0114236,Other Anomaly
2024-11-11 17:00:00,2.0136337,Other Anomaly
2024-11-11 17:05:00,2.0104756,Other Anomaly
2024-11-11 17:10:00,2.01126,Other Anomaly
2024-11-11 17:15:00,2.014268,Other Anomaly
2024-11-11 17:20:00,2.0214374,Other Anomaly
2024-11-11 17:25:00,2.0277135,Other Anomaly
2024-11-11 17:30:00,2.0311701,Other Anomaly
2024-11-11 17:35:00,2.0345955,Other Anomaly
2024-11-11 17:40:00,2.041407,Other Anomaly
2024-11-11 17:45:00,2.0453963,Other Anomaly
2024-11-11 17:50:00,2.0481222,Other Anomaly
2024-11-11 17:55:00,2.0411234,Other Anomaly
2024-11-11 18:00:00,2.0310752,Other Anomaly
2024-11-11 18:05:00,2.0204442,Other Anomaly
2024-11-11 18:10:00,2.0138147,Other Anomaly
2024-11-11 18:15:00,2.0065618,Other Anomaly
2024-11-11 18:20:00,1.9909948,Other Anomaly
2024-11-11 18:25:00,1.9761806,Other Anomaly
2024-11-11 18:30:00,1.963796,Other Anomaly
2024-11-11 18:35:00,1.9615653,Other Anomaly
2024-11-11 18:40:00,1.9501818,Other Anomaly
2024-11-11 18:45:00,1.9442623,Other Anomaly
2024-11-11 18:50:00,1.9339592,Other Anomaly
2024-11-11 18:55:00,1.92924,Other Anomaly
2024-11-11 19:00:00,1.9136385,Other Anomaly
2024-11-11 19:05:00,1.9009064,Other Anomaly
2024-11-11 19:10:00,1.8917428,Other Anomaly
2024-11-11 19:15:00,1.8778987,Other Anomaly
2024-11-11 19:20:00,1.8648639,Other Anomaly
2024-11-12 02:45:00,1.8677567,Other Anomaly
2024-11-12 02:50:00,1.8877734,Other Anomaly
2024-11-12 02:55:00,1.9195989,Other Anomaly
2024-11-12 03:00:00,1.9304324,Other Anomaly
2024-11-12 03:05:00,1.9585843,Other Anomaly
2024-11-12 03:10:00,1.9987398,Other Anomaly
2024-11-12 03:15:00,2.0077655,Other Anomaly
2024-11-12 03:20:00,2.0726714,Other Anomaly
2024-11-12 03:25:00,2.0847306,Other Anomaly
2024-11-12 03:30:00,2.1115744,Other Anomaly
2024-11-12 03:35:00,2.1274588,Other Anomaly
2024-11-12 03:40:00,2.1267238,Other Anomaly
2024-11-12 03:45:00,2.149852,Other Anomaly
2024-11-12 03:50:00,2.1831748,Other Anomaly
2024-11-12 03:55:00,2.2067595,Other Anomaly
2024-11-12 04:00:00,2.213803,Other Anomaly
2024-11-12 04:05:00,2.2211568,Other Anomaly
2024-11-12 04:10:00,2.2248769,Other Anomaly
2024-11-12 04:15:00,2.2226605,Other Anomaly
2024-11-12 04:20:00,2.2311945,Other Anomaly
2024-11-12 04:25:00,2.2450876,Other Anomaly
2024-11-12 04:30:00,2.2552972,Other Anomaly
2024-11-12 04:35:00,2.2809303,Other Anomaly
2024-11-12 04:40:00,2.2973788,Other Anomaly
2024-11-12 04:45:00,2.303927,Other Anomaly
2024-11-12 04:50:00,2.3034008,Other Anomaly
2024-11-12 04:55:00,2.2987385,Other Anomaly
2024-11-12 05:00:00,2.2915432,Other Anomaly
2024-11-12 05:05:00,2.286786,Other Anomaly
2024-11-12 05:10:00,2.2880032,Other Anomaly
2024-11-12 05:15:00,2.2887945,Other Anomaly
2024-11-12 05:20:00,2.2883208,Other Anomaly
2024-11-12 05:25:00,2.3065875,Other Anomaly
2024-11-12 05:30:00,2.3102465,Other Anomaly
2024-11-12 05:35:00,2.311655,Other Anomaly
2024-11-12 05:40:00,2.3217962,Other Anomaly
2024-11-12 05:45:00,2.320949,Other Anomaly
2024-11-12 05:50:00,2.3098788,Other Anomaly
2024-11-12 05:55:00,2.3140965,Other Anomaly
2024-11-12 06:00:00,2.295669,Other Anomaly
2024-11-12 06:05:00,2.2713604,Other Anomaly
2024-11-12 06:10:00,2.2634826,Other Anomaly
2024-11-12 06:15:00,2.2556674,Other Anomaly
2024-11-12 06:20:00,2.2509398,Other Anomaly
2024-11-12 06:25:00,2.2452352,Other Anomaly
2024-11-12 06:30:00,2.2418551,Other Anomaly
2024-11-12 06:35:00,2.2152302,Other Anomaly
2024-11-12 06:40:00,2.214463,Other Anomaly
2024-11-12 06:45:00,2.2136743,Other Anomaly
2024-11-12 06:50:00,2.1999273,Other Anomaly
2024-11-12 06:55:00,2.1931121,Other Anomaly
2024-11-12 07:00:00,2.1858277,Other Anomaly
2024-11-12 07:05:00,2.1672482,Other Anomaly
2024-11-12 07:10:00,2.141077,Other Anomaly
2024-11-12 07:15:00,2.1185994,Other Anomaly
2024-11-12 07:20:00,2.1074994,Other Anomaly
2024-11-12 07:25:00,2.0483413,Other Anomaly
2024-11-12 07:30:00,2.0129302,Other Anomaly
2024-11-12 07:35:00,2.00879,Other Anomaly
2024-11-12 07:40:00,1.9852853,Other Anomaly
2024-11-12 07:45:00,1.9619111,Other Anomaly
2024-11-12 07:50:00,1.9648019,Other Anomaly
2024-11-12 07:55:00,1.9494479,Other Anomaly
2024-11-12 08:00:00,1.9182354,Other Anomaly
2024-11-12 08:05:00,1.9114598,Other Anomaly
2024-11-12 08:10:00,1.8967054,Other Anomaly
2024-11-12 08:15:00,1.853453,Other Anomaly
2024-11-12 14:50:00,1.857912,Other Anomaly
2024-11-12 14:55:00,1.8712224,Other Anomaly
2024-11-12 15:00:00,1.880043,Other Anomaly
2024-11-12 15:05:00,1.8966781,Other Anomaly
2024-11-12 15:10:00,1.907908,Other Anomaly
2024-11-12 15:15:00,1.9211878,Other Anomaly
2024-11-12 15:20:00,1.9360685,Other Anomaly
2024-11-12 15:25:00,1.9384365,Other Anomaly
2024-11-12 15:30:00,1.9431481,Other Anomaly
2024-11-12 15:35:00,1.9533278,Other Anomaly
2024-11-12 15:40:00,1.9634721,Other Anomaly
2024-11-12 15:45:00,1.9765629,Other Anomaly
2024-11-12 15:50:00,1.9886234,Other Anomaly
2024-11-12 15:55:00,1.9973696,Other Anomaly
2024-11-12 16:00:00,2.0075393,Other Anomaly
2024-11-12 16:05:00,2.005964,Other Anomaly
2024-11-12 16:10:00,2.0142887,Other Anomaly
2024-11-12 16:15:00,2.022924,Other Anomaly
2024-11-12 16:20:00,2.0346453,Other Anomaly
2024-11-12 16:25:00,2.0488372,Other Anomaly
2024-11-12 16:30:00,2.0527878,Other Anomaly
2024-11-12 16:35:00,2.054878,Other Anomaly
2024-11-12 16:40:00,2.0618527,Other Anomaly
2024-11-12 16:45:00,2.0736992,Other Anomaly
2024-11-12 16:50:00,2.0693421,Other Anomaly
2024-11-12 16:55:00,2.074385,Other Anomaly
2024-11-12 17:00:00,2.0750368,Other Anomaly
2024-11-12 17:05:00,2.0749393,Other Anomaly
2024-11-12 17:10:00,2.0732286,Other Anomaly
2024-11-12 17:15:00,2.0722795,Other Anomaly
2024-11-12 17:20:00,2.0767653,Other Anomaly
2024-11-12 17:25:00,2.0792882,Other Anomaly
2024-11-12 17:30:00,2.080834,Other Anomaly
2024-11-12 17:35:00,2.0734596,Other Anomaly
2024-11-12 17:40:00,2.069481,Other Anomaly
2024-11-12 17:45:00,2.0629296,Other Anomaly
2024-11-12 17:50:00,2.0668812,Other Anomaly
2024-11-12 17:55:00,2.061474,Other Anomaly
2024-11-12 18:00:00,2.0500886,Other Anomaly
2024-11-12 18:05:00,2.04042,Other Anomaly
2024-11-12 18:10:00,2.0400028,Other Anomaly
2024-11-12 18:15:00,2.0332067,Other Anomaly
2024-11-12 18:20:00,2.0281012,Other Anomaly
2024-11-12 18:25:00,2.0271068,Other Anomaly
2024-11-12 18:30:00,2.0193255,Other Anomaly
2024-11-12 18:35:00,2.0166848,Other Anomaly
2024-11-12 18:40:00,2.0138297,Other Anomaly
2024-11-12 18:45:00,2.0085406,Other Anomaly
2024-11-12 18:50:00,2.0117521,Other Anomaly
2024-11-12 18:55:00,2.0062811,Other Anomaly
2024-11-12 19:00:00,1.9891849,Other Anomaly
2024-11-12 19:05:00,1.9764345,Other Anomaly
2024-11-12 19:10:00,1.9515595,Other Anomaly
2024-11-12 19:15:00,1.9286488,Other Anomaly
2024-11-12 19:20:00,1.9180292,Other Anomaly
2024-11-12 19:25:00,1.9092939,Other Anomaly
2024-11-12 19:30:00,1.8960588,Other Anomaly
2024-11-12 19:35:00,1.8773072,Other Anomaly
2024-11-12 19:40:00,1.8699799,Other Anomaly
2024-11-12 19:45:00,1.8564088,Other Anomaly
2024-11-13 02:50:00,1.8622307,Other Anomaly
2024-11-13 02:55:00,1.868028,Other Anomaly
2024-11-13 03:00:00,1.8858284,Other Anomaly
2024-11-13 03:05:00,1.9017502,Other Anomaly
2024-11-13 03:10:00,1.9013214,Other Anomaly
2024-11-13 03:15:00,1.9092782,Other Anomaly
2024-11-13 03:20:00,1.9246112,Other Anomaly
2024-11-13 03:25:00,1.9688573,Other Anomaly
2024-11-13 03:30:00,1.9780997,Other Anomaly
2024-11-13 03:35:00,1.9852937,Other Anomaly
2024-11-13 03:40:00,1.9961764,Other Anomaly
2024-11-13 03:45:00,2.013064,Other Anomaly
2024-11-13 03:50:00,2.0427716,Other Anomaly
2024-11-13 03:55:00,2.0606174,Other Anomaly
2024-11-13 04:00:00,2.058953,Other Anomaly
2024-11-13 04:05:00,2.0649815,Other Anomaly
2024-11-13 04:10:00,2.084202,Other Anomaly
2024-11-13 04:15:00,2.1044872,Other Anomaly
2024-11-13 04:20:00,2.1044235,Other Anomaly
2024-11-13 04:25:00,2.1107705,Other Anomaly
2024-11-13 04:30:00,2.125326,Other Anomaly
2024-11-13 04:35:00,2.1311238,Other Anomaly
2024-11-13 04:40:00,2.1244512,Other Anomaly
2024-11-13 04:45:00,2.1436934,Other Anomaly
2024-11-13 04:50:00,2.147533,Other Anomaly
2024-11-13 04:55:00,2.1574163,Other Anomaly
2024-11-13 05:00:00,2.1597178,Other Anomaly
2024-11-13 05:05:00,2.160793,Other Anomaly
2024-11-13 05:10:00,2.1582344,Other Anomaly
2024-11-13 05:15:00,2.1543875,Other Anomaly
2024-11-13 05:20:00,2.1513996,Other Anomaly
2024-11-13 05:25:00,2.1533468,Other Anomaly
2024-11-13 05:30:00,2.182585,Other Anomaly
2024-11-13 05:35:00,2.1804662,Other Anomaly
2024-11-13 05:40:00,2.1778378,Other Anomaly
2024-11-13 05:45:00,2.183797,Other Anomaly
2024-11-13 05:50:00,2.1789238,Other Anomaly
2024-11-13 05:55:00,2.203874,Other Anomaly
2024-11-13 06:00:00,2.1991675,Other Anomaly
2024-11-13 06:05:00,2.1808329,Other Anomaly
2024-11-13 06:10:00,2.1570525,Other Anomaly
2024-11-13 06:15:00,2.151092,Other Anomaly
2024-11-13 06:20:00,2.1285357,Other Anomaly
2024-11-13 06:25:00,2.1185906,Other Anomaly
2024-11-13 06:30:00,2.1074498,Other Anomaly
2024-11-13 06:35:00,2.0792453,Other Anomaly
2024-11-13 06:40:00,2.063345,Other Anomaly
2024-11-13 06:45:00,2.057285,Other Anomaly
2024-11-13 06:50:00,2.0603607,Other Anomaly
2024-11-13 06:55:00,2.051789,Other Anomaly
2024-11-13 07:00:00,1.9870371,Other Anomaly
2024-11-13 07:05:00,1.9805284,Other Anomaly
2024-11-13 07:10:00,1.9769152,Other Anomaly
2024-11-13 07:15:00,1.9792751,Other Anomaly
2024-11-13 07:20:00,1.960991,Other Anomaly
2024-11-13 07:25:00,1.9535042,Other Anomaly
2024-11-13 07:30:00,1.9329976,Other Anomaly
2024-11-13 07:35:00,1.8851445,Other Anomaly
2024-11-13 07:40:00,1.8888806,Other Anomaly
2024-11-13 07:45:00,1.8869957,Other Anomaly
2024-11-13 15:20:00,1.8672733,Other Anomaly
2024-11-13 15:25:00,1.8795534,Other Anomaly
2024-11-13 15:30:00,1.8940613,Other Anomaly
2024-11-13 15:35:00,1.9089235,Other Anomaly
2024-11-13 15:40:00,1.9188694,Other Anomaly
2024-11-13 15:45:00,1.9344473,Other Anomaly
2024-11-13 15:50:00,1.9433498,Other Anomaly
2024-11-13 15:55:00,1.9493651,Other Anomaly
2024-11-13 16:00:00,1.9667447,Other Anomaly
2024-11-13 16:05:00,1.9763824,Other Anomaly
2024-11-13 16:10:00,1.9924097,Other Anomaly
2024-11-13 16:15:00,1.9991558,Other Anomaly
2024-11-13 16:20:00,2.0120718,Other Anomaly
2024-11-13 16:25:00,2.0166557,Other Anomaly
2024-11-13 16:30:00,2.0243208,Other Anomaly
2024-11-13 16:35:00,2.0310411,Other Anomaly
2024-11-13 16:40:00,2.0330102,Other Anomaly
2024-11-13 16:45:00,2.04306,Other Anomaly
2024-11-13 16:50:00,2.050419,Other Anomaly
2024-11-13 16:55:00,2.053363,Other Anomaly
2024-11-13 17:00:00,2.064742,Other Anomaly
2024-11-13 17:05:00,2.067973,Other Anomaly
2024-11-13 17:10:00,2.0699914,Other Anomaly
2024-11-13 17:15:00,2.072772,Other Anomaly
2024-11-13 17:20:00,2.064235,Other Anomaly
2024-11-13 17:25:00,2.069666,Other Anomaly
2024-11-13 17:30:00,2.0744066,Other Anomaly
2024-11-13 17:35:00,2.0837362,Other Anomaly
2024-11-13 17:40:00,2.0814593,Other Anomaly
2024-11-13 17:45:00,2.0905118,Other Anomaly
2024-11-13 17:50:00,2.0925193,Other Anomaly
2024-11-13 17:55:00,2.07995,Other Anomaly
2024-11-13 18:00:00,2.0786905,Other Anomaly
2024-11-13 18:05:00,2.0631413,Other Anomaly
2024-11-13 18:10:00,2.0543718,Other Anomaly
2024-11-13 18:15:00,2.0493205,Other Anomaly
2024-11-13 18:20:00,2.037035,Other Anomaly
2024-11-13 18:25:00,2.031986,Other Anomaly
2024-11-13 18:30:00,2.0311737,Other Anomaly
2024-11-13 18:35:00,2.022569,Other Anomaly
2024-11-13 18:40:00,2.0184908,Other Anomaly
2024-11-13 18:45:00,2.007435,Other Anomaly
2024-11-13 18:50:00,2.0084693,Other Anomaly
2024-11-13 18:55:00,2.0027337,Other Anomaly
2024-11-13 19:00:00,1.9948058,Other Anomaly
2024-11-13 19:05:00,1.9811808,Other Anomaly
2024-11-13 19:10:00,1.9665368,Other Anomaly
2024-11-13 19:15:00,1.952501,Other Anomaly
2024-11-13 19:20:00,1.9465865,Other Anomaly
2024-11-13 19:25:00,1.9285598,Other Anomaly
2024-11-13 19:30:00,1.9165108,Other Anomaly
2024-11-13 19:35:00,1.8971851,Other Anomaly
2024-11-13 19:40:00,1.8854369,Other Anomaly
2024-11-13 19:45:00,1.8746094,Other Anomaly
2024-11-13 19:50:00,1.8615625,Other Anomaly
2024-11-14 03:20:00,1.8568403,Other Anomaly
2024-11-14 03:25:00,1.8843775,Other Anomaly
2024-11-14 03:30:00,1.9021149,Other Anomaly
2024-11-14 03:35:00,1.9111401,Other Anomaly
2024-11-14 03:40:00,1.9205897,Other Anomaly
2024-11-14 03:45:00,1.9323212,Other Anomaly
2024-11-14 03:50:00,1.946714,Other Anomaly
2024-11-14 03:55:00,1.9602119,Other Anomaly
2024-11-14 04:00:00,1.9658157,Other Anomaly
2024-11-14 04:05:00,1.9931809,Other Anomaly
2024-11-14 04:10:00,2.0380948,Other Anomaly
2024-11-14 04:15:00,2.0482492,Other Anomaly
2024-11-14 04:20:00,2.080458,Other Anomaly
2024-11-14 04:25:00,2.0852826,Other Anomaly
2024-11-14 04:30:00,2.101664,Other Anomaly
2024-11-14 04:35:00,2.118655,Other Anomaly
2024-11-14 04:40:00,2.1262252,Other Anomaly
2024-11-14 04:45:00,2.1297307,Other Anomaly
2024-11-14 04:50:00,2.1381738,Other Anomaly
2024-11-14 04:55:00,2.1460836,Other Anomaly
2024-11-14 05:00:00,2.1623209,Other Anomaly
2024-11-14 05:05:00,2.155469,Other Anomaly
2024-11-14 05:10:00,2.157089,Other Anomaly
2024-11-14 05:15:00,2.1641495,Other Anomaly
2024-11-14 05:20:00,2.1640685,Other Anomaly
2024-11-14 05:25:00,2.1714122,Other Anomaly
2024-11-14 05:30:00,2.1795583,Other Anomaly
2024-11-14 05:35:00,2.188678,Other Anomaly
2024-11-14 05:40:00,2.1809435,Other Anomaly
2024-11-14 05:45:00,2.1738567,Other Anomaly
2024-11-14 05:50:00,2.1667807,Other Anomaly
2024-11-14 05:55:00,2.1652453,Other Anomaly
2024-11-14 06:00:00,2.16175,Other Anomaly
2024-11-14 06:05:00,2.1404002,Other Anomaly
2024-11-14 06:10:00,2.124587,Other Anomaly
2024-11-14 06:15:00,2.1305635,Other Anomaly
2024-11-14 06:20:00,2.1299753,Other Anomaly
2024-11-14 06:25:00,2.0994108,Other Anomaly
2024-11-14 06:30:00,2.0870907,Other Anomaly
2024-11-14 06:35:00,2.081207,Other Anomaly
2024-11-14 06:40:00,2.092762,Other Anomaly
2024-11-14 06:45:00,2.0845692,Other Anomaly
2024-11-14 06:50:00,2.0862327,Other Anomaly
2024-11-14 06:55:00,2.0817025,Other Anomaly
2024-11-14 07:00:00,2.071064,Other Anomaly
2024-11-14 07:05:00,2.0675683,Other Anomaly
2024-11-14 07:10:00,2.056415,Other Anomaly
2024-11-14 07:15:00,2.0429351,Other Anomaly
2024-11-14 07:20:00,2.0310485,Other Anomaly
2024-11-14 07:25:00,2.0208533,Other Anomaly
2024-11-14 07:30:00,1.9934274,Other Anomaly
2024-11-14 07:35:00,1.9406002,Other Anomaly
2024-11-14 07:40:00,1.9259992,Other Anomaly
2024-11-14 07:45:00,1.9078655,Other Anomaly
2024-11-14 07:50:00,1.8885798,Other Anomaly
2024-11-14 07:55:00,1.8811218,Other Anomaly
2024-11-14 08:00:00,1.8590426,Other Anomaly
2024-11-14 15:20:00,1.8543073,Other Anomaly
2024-11-14 15:25:00,1.8639774,Other Anomaly
2024-11-14 15:30:00,1.8819675,Other Anomaly
2024-11-14 15:35:00,1.9074901,Other Anomaly
2024-11-14 15:40:00,1.9232969,Other Anomaly
2024-11-14 15:45:00,1.9377761,Other Anomaly
2024-11-14 15:50:00,1.9521036,Other Anomaly
2024-11-14 15:55:00,1.9633516,Other Anomaly
2024-11-14 16:00:00,1.9646559,Other Anomaly
2024-11-14 16:05:00,1.9642452,Other Anomaly
2024-11-14 16:10:00,1.9753726,Other Anomaly
2024-11-14 16:15:00,1.9846357,Other Anomaly
2024-11-14 16:20:00,1.9901419,Other Anomaly
2024-11-14 16:25:00,1.9988492,Other Anomaly
2024-11-14 16:30:00,2.0089486,Other Anomaly
2024-11-14 16:35:00,2.0173662,Other Anomaly
2024-11-14 16:40:00,2.0258503,Other Anomaly
2024-11-14 16:45:00,2.02766,Other Anomaly
2024-11-14 16:50:00,2.0379047,Other Anomaly
2024-11-14 16:55:00,2.05524,Other Anomaly
2024-11-14 17:00:00,2.0559518,Other Anomaly
2024-11-14 17:05:00,2.0588663,Other Anomaly
2024-11-14 17:10:00,2.06175,Other Anomaly
2024-11-14 17:15:00,2.064593,Other Anomaly
2024-11-14 17:20:00,2.0723896,Other Anomaly
2024-11-14 17:25:00,2.0670135,Other Anomaly
2024-11-14 17:30:00,2.0727947,Other Anomaly
2024-11-14 17:35:00,2.0726871,Other Anomaly
2024-11-14 17:40:00,2.0878532,Other Anomaly
2024-11-14 17:45:00,2.0815578,Other Anomaly
2024-11-14 17:50:00,2.0821548,Other Anomaly
2024-11-14 17:55:00,2.0908809,Other Anomaly
2024-11-14 18:00:00,2.0834627,Other Anomaly
2024-11-14 18:05:00,2.072713,Other Anomaly
2024-11-14 18:10:00,2.0712163,Other Anomaly
2024-11-14 18:15:00,2.0650184,Other Anomaly
2024-11-14 18:20:00,2.0603104,Other Anomaly
2024-11-14 18:25:00,2.0487413,Other Anomaly
2024-11-14 18:30:00,2.043833,Other Anomaly
2024-11-14 18:35:00,2.0441291,Other Anomaly
2024-11-14 18:40:00,2.0380926,Other Anomaly
2024-11-14 18:45:00,2.0295494,Other Anomaly
2024-11-14 18:50:00,2.0188205,Other Anomaly
2024-11-14 18:55:00,2.0069363,Other Anomaly
2024-11-14 19:00:00,1.9943987,Other Anomaly
2024-11-14 19:05:00,1.9784012,Other Anomaly
2024-11-14 19:10:00,1.9678131,Other Anomaly
2024-11-14 19:15:00,1.9665232,Other Anomaly
2024-11-14 19:20:00,1.9569142,Other Anomaly
2024-11-14 19:25:00,1.9434059,Other Anomaly
2024-11-14 19:30:00,1.9363157,Other Anomaly
2024-11-14 19:35:00,1.9239417,Other Anomaly
2024-11-14 19:40:00,1.917038,Other Anomaly
2024-11-14 19:45:00,1.9196329,Other Anomaly
2024-11-14 19:50:00,1.9057333,Other Anomaly
2024-11-14 19:55:00,1.8820652,Other Anomaly
2024-11-14 20:00:00,1.8643799,Other Anomaly
2024-11-14 20:05:00,1.8540828,Other Anomaly
2024-11-15 03:25:00,1.8871464,Other Anomaly
2024-11-15 03:30:00,1.8850579,Other Anomaly
2024-11-15 03:35:00,1.9021618,Other Anomaly
2024-11-15 03:40:00,1.9153479,Other Anomaly
2024-11-15 03:45:00,1.9391398,Other Anomaly
2024-11-15 03:50:00,1.9502883,Other Anomaly
2024-11-15 03:55:00,1.9579498,Other Anomaly
2024-11-15 04:00:00,1.9660541,Other Anomaly
2024-11-15 04:05:00,1.9815279,Other Anomaly
2024-11-15 04:10:00,1.9883124,Other Anomaly
2024-11-15 04:15:00,2.0040765,Other Anomaly
2024-11-15 04:20:00,2.010557,Other Anomaly
2024-11-15 04:25:00,2.0156822,Other Anomaly
2024-11-15 04:30:00,2.028663,Other Anomaly
2024-11-15 04:35:00,2.040144,Other Anomaly
2024-11-15 04:40:00,2.0418534,Other Anomaly
2024-11-15 04:45:00,2.051862,Other Anomaly
2024-11-15 04:50:00,2.052269,Other Anomaly
2024-11-15 04:55:00,2.0755095,Other Anomaly
2024-11-15 05:00:00,2.0625873,Other Anomaly
2024-11-15 05:05:00,2.0647874,Other Anomaly
2024-11-15 05:10:00,2.0652819,Other Anomaly
2024-11-15 05:15:00,2.0543745,Other Anomaly
2024-11-15 05:20:00,2.061697,Other Anomaly
2024-11-15 05:25:00,2.0744936,Other Anomaly
2024-11-15 05:30:00,2.0756712,Other Anomaly
2024-11-15 05:35:00,2.0790637,Other Anomaly
2024-11-15 05:40:00,2.0796967,Other Anomaly
2024-11-15 05:45:00,2.0708234,Other Anomaly
2024-11-15 05:50:00,2.0810332,Other Anomaly
2024-11-15 05:55:00,2.0818272,Other Anomaly
2024-11-15 06:00:00,2.0848093,Other Anomaly
2024-11-15 06:05:00,2.0661304,Other Anomaly
2024-11-15 06:10:00,2.0539522,Other Anomaly
2024-11-15 06:15:00,2.060011,Other Anomaly
2024-11-15 06:20:00,2.038163,Other Anomaly
2024-11-15 06:25:00,2.0304406,Other Anomaly
2024-11-15 06:30:00,2.0267515,Other Anomaly
2024-11-15 06:35:00,2.023318,Other Anomaly
2024-11-15 06:40:00,2.0063555,Other Anomaly
2024-11-15 06:45:00,1.9979982,Other Anomaly
2024-11-15 06:50:00,1.9820433,Other Anomaly
2024-11-15 06:55:00,1.96495,Other Anomaly
2024-11-15 07:00:00,1.9506642,Other Anomaly
2024-11-15 07:05:00,1.9287282,Other Anomaly
2024-11-15 07:10:00,1.9085438,Other Anomaly
2024-11-15 07:15:00,1.8919557,Other Anomaly
2024-11-15 07:20:00,1.8775109,Other Anomaly
2024-11-15 07:25:00,1.8641905,Other Anomaly
2024-11-15 07:30:00,1.8517725,Other Anomaly
2024-11-15 15:15:00,1.8495642,Other Anomaly
2024-11-15 15:20:00,1.8668337,Other Anomaly
2024-11-15 15:25:00,1.8884623,Other Anomaly
2024-11-15 15:30:00,1.9055426,Other Anomaly
2024-11-15 15:35:00,1.9162889,Other Anomaly
2024-11-15 15:40:00,1.931854,Other Anomaly
2024-11-15 15:45:00,1.9369519,Other Anomaly
2024-11-15 15:50:00,1.9542553,Other Anomaly
2024-11-15 15:55:00,1.9688156,Other Anomaly
2024-11-15 16:00:00,1.9838657,Other Anomaly
2024-11-15 16:05:00,1.9918083,Other Anomaly
2024-11-15 16:10:00,2.0001287,Other Anomaly
2024-11-15 16:15:00,2.0052705,Other Anomaly
2024-11-15 16:20:00,2.012982,Other Anomaly
2024-11-15 16:25:00,2.021467,Other Anomaly
2024-11-15 16:30:00,2.0232828,Other Anomaly
2024-11-15 16:35:00,2.0282795,Other Anomaly
2024-11-15 16:40:00,2.0393267,Other Anomaly
2024-11-15 16:45:00,2.0471141,Other Anomaly
2024-11-15 16:50:00,2.0561423,Other Anomaly
2024-11-15 16:55:00,2.0685458,Other Anomaly
2024-11-15 17:00:00,2.0750632,Other Anomaly
2024-11-15 17:05:00,2.0849817,Other Anomaly
2024-11-15 17:10:00,2.0907543,Other Anomaly
2024-11-15 17:15:00,2.10379,Other Anomaly
2024-11-15 17:20:00,2.107857,Other Anomaly
2024-11-15 17:25:00,2.1062324,Other Anomaly
2024-11-15 17:30:00,2.1059566,Other Anomaly
2024-11-15 17:35:00,2.1099656,Other Anomaly
2024-11-15 17:40:00,2.1076787,Other Anomaly
2024-11-15 17:45:00,2.1082778,Other Anomaly
2024-11-15 17:50:00,2.114669,Other Anomaly
2024-11-15 17:55:00,2.1095455,Other Anomaly
2024-11-15 18:00:00,2.1055346,Other Anomaly
2024-11-15 18:05:00,2.087405,Other Anomaly
2024-11-15 18:10:00,2.0781345,Other Anomaly
2024-11-15 18:15:00,2.0628579,Other Anomaly
2024-11-15 18:20:00,2.0553324,Other Anomaly
2024-11-15 18:25:00,2.0402145,Other Anomaly
2024-11-15 18:30:00,2.0294132,Other Anomaly
2024-11-15 18:35:00,2.0261247,Other Anomaly
2024-11-15 18:40:00,2.0307152,Other Anomaly
2024-11-15 18:45:00,2.0270684,Other Anomaly
2024-11-15 18:50:00,2.0199316,Other Anomaly
2024-11-15 18:55:00,2.0119512,Other Anomaly
2024-11-15 19:00:00,2.003158,Other Anomaly
2024-11-15 19:05:00,1.9942396,Other Anomaly
2024-11-15 19:10:00,1.9852343,Other Anomaly
2024-11-15 19:15:00,1.9752783,Other Anomaly
2024-11-15 19:20:00,1.9590504,Other Anomaly
2024-11-15 19:25:00,1.9543489,Other Anomaly
2024-11-15 19:30:00,1.9443692,Other Anomaly
2024-11-15 19:35:00,1.9263474,Other Anomaly
2024-11-15 19:40:00,1.9167404,Other Anomaly
2024-11-15 19:45:00,1.9042038,Other Anomaly
2024-11-15 19:50:00,1.8917727,Other Anomaly
2024-11-15 19:55:00,1.8846984,Other Anomaly
2024-11-15 20:00:00,1.8712,Other Anomaly
2024-11-15 20:05:00,1.8546203,Other Anomaly
2024-11-16 02:05:00,1.8629493,Other Anomaly
2024-11-16 02:10:00,1.9208483,Other Anomaly
2024-11-16 02:15:00,1.945056,Other Anomaly
2024-11-16 02:20:00,1.9828191,Other Anomaly
2024-11-16 02:25:00,2.0185504,Other Anomaly
2024-11-16 02:30:00,2.0637,Other Anomaly
2024-11-16 02:35:00,2.095225,Other Anomaly
2024-11-16 02:40:00,2.1753442,Other Anomaly
2024-11-16 02:45:00,2.197685,Other Anomaly
2024-11-16 02:50:00,2.2348118,Other Anomaly
2024-11-16 02:55:00,2.3310122,Other Anomaly
2024-11-16 03:00:00,2.3468218,Other Anomaly
2024-11-16 03:05:00,2.3801198,Other Anomaly
2024-11-16 03:10:00,2.4295855,Other Anomaly
2024-11-16 03:15:00,2.4577813,Other Anomaly
2024-11-16 03:20:00,2.4757943,Other Anomaly
2024-11-16 03:25:00,2.4843953,Other Anomaly
2024-11-16 03:30:00,2.5101743,Other Anomaly
2024-11-16 03:35:00,2.5316,Other Anomaly
2024-11-16 03:40:00,2.5569477,Other Anomaly
2024-11-16 03:45:00,2.5856593,Other Anomaly
2024-11-16 03:50:00,2.66228,Other Anomaly
2024-11-16 03:55:00,2.681958,Other Anomaly
2024-11-16 04:00:00,2.7067158,Other Anomaly
2024-11-16 04:05:00,2.7462816,Other Anomaly
2024-11-16 04:10:00,2.7647014,Latency Anomaly
2024-11-16 04:15:00,2.7788527,Latency Anomaly
2024-11-16 04:20:00,2.785422,Latency Anomaly
2024-11-16 04:25:00,2.8020327,Other Anomaly
2024-11-16 04:30:00,2.8138013,Other Anomaly
2024-11-16 04:35:00,2.8246853,Other Anomaly
2024-11-16 04:40:00,2.8653002,Other Anomaly
2024-11-16 04:45:00,2.8733814,Other Anomaly
2024-11-16 04:50:00,2.8784673,Other Anomaly
2024-11-16 04:55:00,2.8973126,Other Anomaly
2024-11-16 05:00:00,2.8764927,Other Anomaly
2024-11-16 05:05:00,2.8811982,Other Anomaly
2024-11-16 05:10:00,2.8822553,Other Anomaly
2024-11-16 05:15:00,2.8936327,Other Anomaly
2024-11-16 05:20:00,2.89358,Other Anomaly
2024-11-16 05:25:00,2.8938513,Other Anomaly
2024-11-16 05:30:00,2.8955762,Other Anomaly
2024-11-16 05:35:00,2.8980618,Other Anomaly
2024-11-16 05:40:00,2.8979692,Other Anomaly
2024-11-16 05:45:00,2.8981366,Other Anomaly
2024-11-16 05:50:00,2.8924716,Other Anomaly
2024-11-16 05:55:00,2.9171102,Other Anomaly
2024-11-16 06:00:00,2.8970287,Other Anomaly
2024-11-16 06:05:00,2.8817005,Other Anomaly
2024-11-16 06:10:00,2.869896,Other Anomaly
2024-11-16 06:15:00,2.8540952,Other Anomaly
2024-11-16 06:20:00,2.83425,Other Anomaly
2024-11-16 06:25:00,2.824988,Other Anomaly
2024-11-16 06:30:00,2.818394,Other Anomaly
2024-11-16 06:35:00,2.8110538,Other Anomaly
2024-11-16 06:40:00,2.8095047,Other Anomaly
2024-11-16 06:45:00,2.7998717,Other Anomaly
2024-11-16 06:50:00,2.8122494,Other Anomaly
2024-11-16 06:55:00,2.8004892,Other Anomaly
2024-11-16 07:00:00,2.7701378,Other Anomaly
2024-11-16 07:05:00,2.749412,Other Anomaly
2024-11-16 07:10:00,2.7215052,Other Anomaly
2024-11-16 07:15:00,2.651408,Other Anomaly
2024-11-16 07:20:00,2.6418736,Other Anomaly
2024-11-16 07:25:00,2.6274738,Other Anomaly
2024-11-16 07:30:00,2.6192114,Other Anomaly
2024-11-16 07:35:00,2.6153998,Other Anomaly
2024-11-16 07:40:00,2.6039765,Other Anomaly
2024-11-16 07:45:00,2.5555785,Other Anomaly
2024-11-16 07:50:00,2.5034223,Other Anomaly
2024-11-16 07:55:00,2.4808762,Other Anomaly
2024-11-16 08:00:00,2.4328322,Other Anomaly
2024-11-16 08:05:00,2.4064322,Other Anomaly
2024-11-16 08:10:00,2.352066,Other Anomaly
2024-11-16 08:15:00,2.3245735,Other Anomaly
2024-11-16 08:20:00,2.2870774,Other Anomaly
2024-11-16 08:25:00,2.2432148,Other Anomaly
2024-11-16 08:30:00,2.199449,Other Anomaly
2024-11-16 08:35:00,2.1725342,Other Anomaly
2024-11-16 08:40:00,2.0919197,Other Anomaly
2024-11-16 08:45:00,2.0761795,Other Anomaly
2024-11-16 08:50:00,2.037261,Other Anomaly
2024-11-16 08:55:00,1.9437413,Other Anomaly
2024-11-16 09:00:00,1.9327766,Other Anomaly
2024-11-16 09:05:00,1.8998657,Other Anomaly
2024-11-16 09:10:00,1.8525466,Other Anomaly
2024-11-17 01:55:00,1.8555913,Other Anomaly
2024-11-17 02:00:00,1.9279174,Other Anomaly
2024-11-17 02:05:00,2.043357,Other Anomaly
2024-11-17 02:10:00,2.0710738,Other Anomaly
2024-11-17 02:15:00,2.1223934,Other Anomaly
2024-11-17 02:20:00,2.183746,Other Anomaly
2024-11-17 02:25:00,2.2004478,Other Anomaly
2024-11-17 02:30:00,2.2141237,Other Anomaly
2024-11-17 02:35:00,2.2327597,Other Anomaly
2024-11-17 02:40:00,2.2569275,Other Anomaly
2024-11-17 02:45:00,2.2963405,Other Anomaly
2024-11-17 02:50:00,2.317968,Other Anomaly
2024-11-17 02:55:00,2.3376539,Other Anomaly
2024-11-17 03:00:00,2.3468056,Other Anomaly
2024-11-17 03:05:00,2.4074378,Other Anomaly
2024-11-17 03:10:00,2.4467216,Other Anomaly
2024-11-17 03:15:00,2.48283,Other Anomaly
2024-11-17 03:20:00,2.500133,Other Anomaly
2024-11-17 03:25:00,2.514996,Other Anomaly
2024-11-17 03:30:00,2.5309706,Other Anomaly
2024-11-17 03:35:00,2.5562932,Other Anomaly
2024-11-17 03:40:00,2.581528,Other Anomaly
2024-11-17 03:45:00,2.5924976,Other Anomaly
2024-11-17 03:50:00,2.6106067,Other Anomaly
2024-11-17 03:55:00,2.6240795,Other Anomaly
2024-11-17 04:00:00,2.6301568,Other Anomaly
2024-11-17 04:05:00,2.6400657,Other Anomaly
2024-11-17 04:10:00,2.6768417,Other Anomaly
2024-11-17 04:15:00,2.6999464,Other Anomaly
2024-11-17 04:20:00,2.7038915,Other Anomaly
2024-11-17 04:25:00,2.7101166,Other Anomaly
2024-11-17 04:30:00,2.7608883,Other Anomaly
2024-11-17 04:35:00,2.750989,Other Anomaly
2024-11-17 04:40:00,2.7657993,Other Anomaly
2024-11-17 04:45:00,2.7765079,Other Anomaly
2024-11-17 04:50:00,2.8292534,Other Anomaly
2024-11-17 04:55:00,2.8553357,Other Anomaly
2024-11-17 05:00:00,2.8380077,Other Anomaly
2024-11-17 05:05:00,2.844163,Other Anomaly
2024-11-17 05:10:00,2.8061893,Other Anomaly
2024-11-17 05:15:00,2.806406,Other Anomaly
2024-11-17 05:20:00,2.8034039,Other Anomaly
2024-11-17 05:25:00,2.8048542,Other Anomaly
2024-11-17 05:30:00,2.81387,Other Anomaly
2024-11-17 05:35:00,2.8246834,Other Anomaly
2024-11-17 05:40:00,2.816205,Other Anomaly
2024-11-17 05:45:00,2.826176,Other Anomaly
2024-11-17 05:50:00,2.8244777,Other Anomaly
2024-11-17 05:55:00,2.8201933,Other Anomaly
2024-11-17 06:00:00,2.8090794,Other Anomaly
2024-11-17 06:05:00,2.789167,Other Anomaly
2024-11-17 06:10:00,2.8004413,Other Anomaly
2024-11-17 06:15:00,2.787277,Other Anomaly
2024-11-17 06:20:00,2.7435062,Other Anomaly
2024-11-17 06:25:00,2.736542,Other Anomaly
2024-11-17 06:30:00,2.726594,Other Anomaly
2024-11-17 06:35:00,2.7171986,Other Anomaly
2024-11-17 06:40:00,2.6921794,Other Anomaly
2024-11-17 06:45:00,2.6833012,Other Anomaly
2024-11-17 06:50:00,2.6675425,Other Anomaly
2024-11-17 06:55:00,2.6536145,Other Anomaly
2024-11-17 07:00:00,2.637088,Other Anomaly
2024-11-17 07:05:00,2.6324809,Other Anomaly
2024-11-17 07:10:00,2.5995703,Other Anomaly
2024-11-17 07:15:00,2.5634232,Other Anomaly
2024-11-17 07:20:00,2.5352843,Other Anomaly
2024-11-17 07:25:00,2.5290864,Other Anomaly
2024-11-17 07:30:00,2.5018344,Other Anomaly
2024-11-17 07:35:00,2.4936938,Other Anomaly
2024-11-17 07:40:00,2.47895,Other Anomaly
2024-11-17 07:45:00,2.4790108,Other Anomaly
2024-11-17 07:50:00,2.4423423,Other Anomaly
2024-11-17 07:55:00,2.427636,Other Anomaly
2024-11-17 08:00:00,2.3538055,Other Anomaly
2024-11-17 08:05:00,2.2358248,Other Anomaly
2024-11-17 08:10:00,2.191956,Other Anomaly
2024-11-17 08:15:00,2.1421528,Other Anomaly
2024-11-17 08:20:00,2.081188,Other Anomaly
2024-11-17 08:25:00,2.068635,Other Anomaly
2024-11-17 08:30:00,2.0582068,Other Anomaly
2024-11-17 08:35:00,2.039398,Other Anomaly
2024-11-17 08:40:00,2.0142944,Other Anomaly
2024-11-17 08:45:00,1.9761928,Other Anomaly
2024-11-17 08:50:00,1.9621654,Other Anomaly
2024-11-17 08:55:00,1.9461683,Other Anomaly
2024-11-17 09:00:00,1.9307318,Other Anomaly
2024-11-17 09:05:00,1.8760508,Other Anomaly
2024-11-18 02:15:00,1.8773792,Other Anomaly
2024-11-18 02:20:00,1.8835528,Other Anomaly
2024-11-18 02:25:00,1.9011114,Other Anomaly
2024-11-18 02:30:00,1.9174378,Other Anomaly
2024-11-18 02:35:00,1.9408059,Other Anomaly
2024-11-18 02:40:00,1.946335,Other Anomaly
2024-11-18 02:45:00,1.9682099,Other Anomaly
2024-11-18 02:50:00,1.9899341,Other Anomaly
2024-11-18 02:55:00,2.0533564,Other Anomaly
2024-11-18 03:00:00,2.0682416,Other Anomaly
2024-11-18 03:05:00,2.099383,Other Anomaly
2024-11-18 03:10:00,2.1389213,Other Anomaly
2024-11-18 03:15:00,2.1431007,Other Anomaly
2024-11-18 03:20:00,2.1460633,Other Anomaly
2024-11-18 03:25:00,2.1604462,Other Anomaly
2024-11-18 03:30:00,2.1773376,Other Anomaly
2024-11-18 03:35:00,2.2054205,Other Anomaly
2024-11-18 03:40:00,2.2060935,Other Anomaly
2024-11-18 03:45:00,2.233336,Other Anomaly
2024-11-18 03:50:00,2.2399313,Other Anomaly
2024-11-18 03:55:00,2.2731156,Other Anomaly
2024-11-18 04:00:00,2.2711837,Other Anomaly
2024-11-18 04:05:00,2.2952256,Other Anomaly
2024-11-18 04:10:00,2.3038223,Other Anomaly
2024-11-18 04:15:00,2.3030136,Other Anomaly
2024-11-18 04:20:00,2.2930741,Other Anomaly
2024-11-18 04:25:00,2.3037987,Other Anomaly
2024-11-18 04:30:00,2.311707,Other Anomaly
2024-11-18 04:35:00,2.3159618,Other Anomaly
2024-11-18 04:40:00,2.3220832,Other Anomaly
2024-11-18 04:45:00,2.3196106,Other Anomaly
2024-11-18 04:50:00,2.3344092,Other Anomaly
2024-11-18 04:55:00,2.3335087,Other Anomaly
2024-11-18 05:00:00,2.330217,Other Anomaly
2024-11-18 05:05:00,2.321203,Other Anomaly
2024-11-18 05:10:00,2.3276782,Other Anomaly
2024-11-18 05:15:00,2.2921953,Other Anomaly
2024-11-18 05:20:00,2.2780704,Other Anomaly
2024-11-18 05:25:00,2.2785497,Other Anomaly
2024-11-18 05:30:00,2.2764497,Other Anomaly
2024-11-18 05:35:00,2.2644415,Other Anomaly
2024-11-18 05:40:00,2.2660105,Other Anomaly
2024-11-18 05:45:00,2.2630424,Other Anomaly
2024-11-18 05:50:00,2.265816,Other Anomaly
2024-11-18 05:55:00,2.2581835,Other Anomaly
2024-11-18 06:00:00,2.2503064,Other Anomaly
2024-11-18 06:05:00,2.2480385,Other Anomaly
2024-11-18 06:10:00,2.2364187,Other Anomaly
2024-11-18 06:15:00,2.2237124,Other Anomaly
2024-11-18 06:20:00,2.2171514,Other Anomaly
2024-11-18 06:25:00,2.2048461,Other Anomaly
2024-11-18 06:30:00,2.180958,Other Anomaly
2024-11-18 06:35:00,2.1434684,Other Anomaly
2024-11-18 06:40:00,2.1328342,Other Anomaly
2024-11-18 06:45:00,2.1264906,Other Anomaly
2024-11-18 06:50:00,2.0995922,Other Anomaly
2024-11-18 06:55:00,2.0991278,Other Anomaly
2024-11-18 07:00:00,2.0749443,Other Anomaly
2024-11-18 07:05:00,2.0569193,Other Anomaly
2024-11-18 07:10:00,2.0443783,Other Anomaly
2024-11-18 07:15:00,2.016037,Other Anomaly
2024-11-18 07:20:00,2.0078993,Other Anomaly
2024-11-18 07:25:00,1.9861506,Other Anomaly
2024-11-18 07:30:00,1.9711767,Other Anomaly
2024-11-18 07:35:00,1.9442215,Other Anomaly
2024-11-18 07:40:00,1.915228,Other Anomaly
2024-11-18 07:45:00,1.9046733,Other Anomaly
2024-11-18 15:00:00,1.8557688,Other Anomaly
2024-11-18 15:05:00,1.865362,Other Anomaly
2024-11-18 15:10:00,1.8805006,Other Anomaly
2024-11-18 15:15:00,1.8930734,Other Anomaly
2024-11-18 15:20:00,1.9047666,Other Anomaly
2024-11-18 15:25:00,1.925521,Other Anomaly
2024-11-18 15:30:00,1.9433906,Other Anomaly
2024-11-18 15:35:00,1.9513469,Other Anomaly
2024-11-18 15:40:00,1.972248,Other Anomaly
2024-11-18 15:45:00,1.987202,Other Anomaly
2024-11-18 15:50:00,1.9956445,Other Anomaly
2024-11-18 15:55:00,2.0210829,Other Anomaly
2024-11-18 16:00:00,2.040325,Other Anomaly
2024-11-18 16:05:00,2.059175,Other Anomaly
2024-11-18 16:10:00,2.0675485,Other Anomaly
2024-11-18 16:15:00,2.0840437,Other Anomaly
2024-11-18 16:20:00,2.0939941,Other Anomaly
2024-11-18 16:25:00,2.105732,Other Anomaly
2024-11-18 16:30:00,2.1107128,Other Anomaly
2024-11-18 16:35:00,2.119275,Other Anomaly
2024-11-18 16:40:00,2.1228318,Other Anomaly
2024-11-18 16:45:00,2.1278589,Other Anomaly
2024-11-18 16:50:00,2.1343894,Other Anomaly
2024-11-18 16:55:00,2.1464915,Other Anomaly
2024-11-18 17:00:00,2.1471772,Other Anomaly
2024-11-18 17:05:00,2.1537676,Other Anomaly
2024-11-18 17:10:00,2.1503625,Other Anomaly
2024-11-18 17:15:00,2.1480358,Other Anomaly
2024-11-18 17:20:00,2.1413603,Other Anomaly
2024-11-18 17:25:00,2.145675,Other Anomaly
2024-11-18 17:30:00,2.1499171,Other Anomaly
2024-11-18 17:35:00,2.1392305,Other Anomaly
2024-11-18 17:40:00,2.137997,Other Anomaly
2024-11-18 17:45:00,2.1379845,Other Anomaly
2024-11-18 17:50:00,2.1394792,Other Anomaly
2024-11-18 17:55:00,2.1410472,Other Anomaly
2024-11-18 18:00:00,2.1440594,Other Anomaly
2024-11-18 18:05:00,2.1387851,Other Anomaly
2024-11-18 18:10:00,2.120518,Other Anomaly
2024-11-18 18:15:00,2.1158013,Other Anomaly
2024-11-18 18:20:00,2.1050704,Other Anomaly
2024-11-18 18:25:00,2.1082008,Other Anomaly
2024-11-18 18:30:00,2.099964,Other Anomaly
2024-11-18 18:35:00,2.0854053,Other Anomaly
2024-11-18 18:40:00,2.0742228,Other Anomaly
2024-11-18 18:45:00,2.0672293,Other Anomaly
2024-11-18 18:50:00,2.0612774,Other Anomaly
2024-11-18 18:55:00,2.0591197,Other Anomaly
2024-11-18 19:00:00,2.0572064,Other Anomaly
2024-11-18 19:05:00,2.0449567,Other Anomaly
2024-11-18 19:10:00,2.031888,Other Anomaly
2024-11-18 19:15:00,2.0347853,Other Anomaly
2024-11-18 19:20:00,2.0206437,Other Anomaly
2024-11-18 19:25:00,2.0078282,Other Anomaly
2024-11-18 19:30:00,1.9890195,Other Anomaly
2024-11-18 19:35:00,1.9721597,Other Anomaly
2024-11-18 19:40:00,1.9271448,Other Anomaly
2024-11-18 19:45:00,1.9165479,Other Anomaly
2024-11-18 19:50:00,1.9050272,Other Anomaly
2024-11-18 19:55:00,1.8953516,Other Anomaly
2024-11-18 20:00:00,1.8752917,Other Anomaly
2024-11-18 20:05:00,1.8562646,Other Anomaly
2024-11-19 02:50:00,1.919497,Other Anomaly
2024-11-19 02:55:00,1.9487233,Other Anomaly
2024-11-19 03:00:00,1.9818782,Other Anomaly
2024-11-19 03:05:00,1.9879475,Other Anomaly
2024-11-19 03:10:00,1.9873167,Other Anomaly
2024-11-19 03:15:00,2.0019774,Other Anomaly
2024-11-19 03:20:00,1.9878669,Other Anomaly
2024-11-19 03:25:00,1.9992086,Other Anomaly
2024-11-19 03:30:00,2.0146947,Other Anomaly
2024-11-19 03:35:00,2.042516,Other Anomaly
2024-11-19 03:40:00,2.0541537,Other Anomaly
2024-11-19 03:45:00,2.065033,Other Anomaly
2024-11-19 03:50:00,2.0969918,Other Anomaly
2024-11-19 03:55:00,2.130431,Other Anomaly
2024-11-19 04:00:00,2.1348038,Other Anomaly
2024-11-19 04:05:00,2.147675,Other Anomaly
2024-11-19 04:10:00,2.1661367,Other Anomaly
2024-11-19 04:15:00,2.1648679,Other Anomaly
2024-11-19 04:20:00,2.1539545,Other Anomaly
2024-11-19 04:25:00,2.1832373,Other Anomaly
2024-11-19 04:30:00,2.185333,Other Anomaly
2024-11-19 04:35:00,2.2059212,Other Anomaly
2024-11-19 04:40:00,2.2179635,Other Anomaly
2024-11-19 04:45:00,2.224121,Other Anomaly
2024-11-19 04:50:00,2.2354867,Other Anomaly
2024-11-19 04:55:00,2.2553403,Other Anomaly
2024-11-19 05:00:00,2.2434328,Other Anomaly
2024-11-19 05:05:00,2.2441545,Other Anomaly
2024-11-19 05:10:00,2.2468557,Other Anomaly
2024-11-19 05:15:00,2.242629,Other Anomaly
2024-11-19 05:20:00,2.2541902,Other Anomaly
2024-11-19 05:25:00,2.2434134,Other Anomaly
2024-11-19 05:30:00,2.2498987,Other Anomaly
2024-11-19 05:35:00,2.2526329,Other Anomaly
2024-11-19 05:40:00,2.259183,Other Anomaly
2024-11-19 05:45:00,2.2598283,Other Anomaly
2024-11-19 05:50:00,2.264836,Latency Anomaly
2024-11-19 05:55:00,2.265314,Latency Anomaly
2024-11-19 06:00:00,2.262243,Other Anomaly
2024-11-19 06:05:00,2.2538779,Latency Anomaly
2024-11-19 06:10:00,2.26613,Latency Anomaly
2024-11-19 06:15:00,2.2618184,Latency Anomaly
2024-11-19 06:20:00,2.2457726,Latency Anomaly
2024-11-19 06:25:00,2.235816,Latency Anomaly
2024-11-19 06:30:00,2.220832,Other Anomaly
2024-11-19 06:35:00,2.213204,Latency Anomaly
2024-11-19 06:40:00,2.1975117,Other Anomaly
2024-11-19 06:45:00,2.2071364,Other Anomaly
2024-11-19 06:50:00,2.185093,Other Anomaly
2024-11-19 06:55:00,2.1883607,Other Anomaly
2024-11-19 07:00:00,2.1202188,Other Anomaly
2024-11-19 07:05:00,2.1043234,Other Anomaly
2024-11-19 07:10:00,2.0952868,Other Anomaly
2024-11-19 07:15:00,2.0657895,Other Anomaly
2024-11-19 07:20:00,2.0560734,Other Anomaly
2024-11-19 07:25:00,2.0372832,Other Anomaly
2024-11-19 07:30:00,2.022544,Other Anomaly
2024-11-19 07:35:00,1.9983002,Other Anomaly
2024-11-19 07:40:00,1.9811215,Other Anomaly
2024-11-19 07:45:00,1.962845,Other Anomaly
2024-11-19 07:50:00,1.9561045,Other Anomaly
2024-11-19 07:55:00,1.9475112,Other Anomaly
2024-11-19 08:00:00,1.9296073,Other Anomaly
2024-11-19 08:05:00,1.9126142,Other Anomaly
2024-11-19 08:10:00,1.8751258,Other Anomaly
2024-11-19 14:45:00,1.8524917,Other Anomaly
2024-11-19 14:50:00,1.8757424,Other Anomaly
2024-11-19 14:55:00,1.8969873,Other Anomaly
2024-11-19 15:00:00,1.9131379,Other Anomaly
2024-11-19 15:05:00,1.9270915,Other Anomaly
2024-11-19 15:10:00,1.9349463,Other Anomaly
2024-11-19 15:15:00,1.9519521,Other Anomaly
2024-11-19 15:20:00,1.9652505,Other Anomaly
2024-11-19 15:25:00,1.9768847,Other Anomaly
2024-11-19 15:30:00,1.9930551,Other Anomaly
2024-11-19 15:35:00,2.0081835,Other Anomaly
2024-11-19 15:40:00,2.0258656,Other Anomaly
2024-11-19 15:45:00,2.0430782,Other Anomaly
2024-11-19 15:50:00,2.0575957,Other Anomaly
2024-11-19 15:55:00,2.07573,Other Anomaly
2024-11-19 16:00:00,2.076597,Other Anomaly
2024-11-19 16:05:00,2.0798173,Other Anomaly
2024-11-19 16:10:00,2.0901127,Other Anomaly
2024-11-19 16:15:00,2.0979521,Other Anomaly
2024-11-19 16:20:00,2.1042376,Other Anomaly
2024-11-19 16:25:00,2.116779,Other Anomaly
2024-11-19 16:30:00,2.1222618,Other Anomaly
2024-11-19 16:35:00,2.1277535,Other Anomaly
2024-11-19 16:40:00,2.132805,Other Anomaly
2024-11-19 16:45:00,2.143694,Other Anomaly
2024-11-19 16:50:00,2.1504607,Other Anomaly
2024-11-19 16:55:00,2.155559,Other Anomaly
2024-11-19 17:00:00,2.1535337,Other Anomaly
2024-11-19 17:05:00,2.1561747,Other Anomaly
2024-11-19 17:10:00,2.1686084,Other Anomaly
2024-11-19 17:15:00,2.1653185,Other Anomaly
2024-11-19 17:20:00,2.1638362,Other Anomaly
2024-11-19 17:25:00,2.1638293,Other Anomaly
2024-11-19 17:30:00,2.157328,Other Anomaly
2024-11-19 17:35:00,2.1607955,Other Anomaly
2024-11-19 17:40:00,2.1575193,Other Anomaly
2024-11-19 17:45:00,2.155978,Other Anomaly
2024-11-19 17:50:00,2.1478066,Other Anomaly
2024-11-19 17:55:00,2.1473372,Other Anomaly
2024-11-19 18:00:00,2.1351593,Other Anomaly
2024-11-19 18:05:00,2.1227078,Other Anomaly
2024-11-19 18:10:00,2.108439,Other Anomaly
2024-11-19 18:15:00,2.0949638,Other Anomaly
2024-11-19 18:20:00,2.085519,Other Anomaly
2024-11-19 18:25:00,2.0834928,Other Anomaly
2024-11-19 18:30:00,2.0705538,Other Anomaly
2024-11-19 18:35:00,2.058485,Other Anomaly
2024-11-19 18:40:00,2.043139,Other Anomaly
2024-11-19 18:45:00,2.0415003,Other Anomaly
2024-11-19 18:50:00,2.0336373,Other Anomaly
2024-11-19 18:55:00,2.037671,Other Anomaly
2024-11-19 19:00:00,2.0270288,Other Anomaly
2024-11-19 19:05:00,2.0174212,Other Anomaly
2024-11-19 19:10:00,2.0047188,Other Anomaly
2024-11-19 19:15:00,1.9959413,Other Anomaly
2024-11-19 19:20:00,1.9832438,Other Anomaly
2024-11-19 19:25:00,1.9744661,Other Anomaly
2024-11-19 19:30:00,1.9605745,Other Anomaly
2024-11-19 19:35:00,1.9514161,Other Anomaly
2024-11-19 19:40:00,1.9392083,Other Anomaly
2024-11-19 19:45:00,1.922674,Other Anomaly
2024-11-19 19:50:00,1.914206,Other Anomaly
2024-11-19 19:55:00,1.8988855,Other Anomaly
2024-11-19 20:00:00,1.8781911,Other Anomaly
2024-11-19 20:05:00,1.8620647,Other Anomaly
2024-11-20 02:55:00,1.8495709,Other Anomaly
2024-11-20 03:00:00,1.8686744,Other Anomaly
2024-11-20 03:05:00,1.8821697,Other Anomaly
2024-11-20 03:10:00,1.8928896,Other Anomaly
2024-11-20 03:15:00,1.915037,Other Anomaly
2024-11-20 03:20:00,1.9318962,Other Anomaly
2024-11-20 03:25:00,1.9300195,Other Anomaly
2024-11-20 03:30:00,1.9526529,Other Anomaly
2024-11-20 03:35:00,1.9614065,Other Anomaly
2024-11-20 03:40:00,1.9698176,Other Anomaly
2024-11-20 03:45:00,1.9815708,Other Anomaly
2024-11-20 03:50:00,1.9930351,Other Anomaly
2024-11-20 03:55:00,1.9928277,Other Anomaly
2024-11-20 04:00:00,1.9920155,Other Anomaly
2024-11-20 04:05:00,1.9929732,Other Anomaly
2024-11-20 04:10:00,1.99804,Other Anomaly
2024-11-20 04:15:00,2.0020416,Other Anomaly
2024-11-20 04:20:00,2.0044546,Other Anomaly
2024-11-20 04:25:00,2.0111187,Other Anomaly
2024-11-20 04:30:00,2.0207443,Other Anomaly
2024-11-20 04:35:00,2.021916,Other Anomaly
2024-11-20 04:40:00,2.0137806,Other Anomaly
2024-11-20 04:45:00,2.0188203,Other Anomaly
2024-11-20 04:50:00,2.0183506,Other Anomaly
2024-11-20 04:55:00,2.0521457,Other Anomaly
2024-11-20 05:00:00,2.0516632,Other Anomaly
2024-11-20 05:05:00,2.0520284,Other Anomaly
2024-11-20 05:10:00,2.0567641,Other Anomaly
2024-11-20 05:15:00,2.052667,Other Anomaly
2024-11-20 05:20:00,2.0601544,Other Anomaly
2024-11-20 05:25:00,2.0573714,Other Anomaly
2024-11-20 05:30:00,2.0582216,Other Anomaly
2024-11-20 05:35:00,2.0589404,Other Anomaly
2024-11-20 05:40:00,2.063468,Other Anomaly
2024-11-20 05:45:00,2.048877,Other Anomaly
2024-11-20 05:50:00,2.052345,Other Anomaly
2024-11-20 05:55:00,2.0470402,Other Anomaly
2024-11-20 06:00:00,2.0569873,Other Anomaly
2024-11-20 06:05:00,2.051153,Other Anomaly
2024-11-20 06:10:00,2.0403645,Other Anomaly
2024-11-20 06:15:00,2.0282269,Other Anomaly
2024-11-20 06:20:00,1.9932141,Other Anomaly
2024-11-20 06:25:00,1.981283,Other Anomaly
2024-11-20 06:30:00,1.9778367,Other Anomaly
2024-11-20 06:35:00,1.9767072,Other Anomaly
2024-11-20 06:40:00,1.9579933,Other Anomaly
2024-11-20 06:45:00,1.9466574,Other Anomaly
2024-11-20 06:50:00,1.9442594,Other Anomaly
2024-11-20 06:55:00,1.9455904,Other Anomaly
2024-11-20 07:00:00,1.9432464,Other Anomaly
2024-11-20 07:05:00,1.9430653,Other Anomaly
2024-11-20 07:10:00,1.9097372,Other Anomaly
2024-11-20 07:15:00,1.9003216,Other Anomaly
2024-11-20 07:20:00,1.890125,Other Anomaly
2024-11-20 07:25:00,1.8816884,Other Anomaly
2024-11-20 14:35:00,1.8626658,Other Anomaly
2024-11-20 14:40:00,1.8747399,Other Anomaly
2024-11-20 14:45:00,1.8843949,Other Anomaly
2024-11-20 14:50:00,1.9048123,Other Anomaly
2024-11-20 14:55:00,1.9307299,Other Anomaly
2024-11-20 15:00:00,1.9451195,Other Anomaly
2024-11-20 15:05:00,1.9560182,Other Anomaly
2024-11-20 15:10:00,1.9645398,Other Anomaly
2024-11-20 15:15:00,1.9741181,Other Anomaly
2024-11-20 15:20:00,1.983145,Other Anomaly
2024-11-20 15:25:00,2.0022783,Other Anomaly
2024-11-20 15:30:00,2.02044,Other Anomaly
2024-11-20 15:35:00,2.028622,Other Anomaly
2024-11-20 15:40:00,2.0463963,Other Anomaly
2024-11-20 15:45:00,2.063167,Other Anomaly
2024-11-20 15:50:00,2.07891,Other Anomaly
2024-11-20 15:55:00,2.0939274,Other Anomaly
2024-11-20 16:00:00,2.097567,Other Anomaly
2024-11-20 16:05:00,2.1050868,Other Anomaly
2024-11-20 16:10:00,2.1169777,Other Anomaly
2024-11-20 16:15:00,2.1218836,Other Anomaly
2024-11-20 16:20:00,2.12593,Other Anomaly
2024-11-20 16:25:00,2.1309638,Other Anomaly
2024-11-20 16:30:00,2.1388257,Other Anomaly
2024-11-20 16:35:00,2.144636,Other Anomaly
2024-11-20 16:40:00,2.1539161,Other Anomaly
2024-11-20 16:45:00,2.1624177,Other Anomaly
2024-11-20 16:50:00,2.1658194,Other Anomaly
2024-11-20 16:55:00,2.1708872,Other Anomaly
2024-11-20 17:00:00,2.162832,Other Anomaly
2024-11-20 17:05:00,2.1605794,Other Anomaly
2024-11-20 17:10:00,2.1604,Other Anomaly
2024-11-20 17:15:00,2.1634212,Other Anomaly
2024-11-20 17:20:00,2.1611924,Other Anomaly
2024-11-20 17:25:00,2.1582682,Other Anomaly
2024-11-20 17:30:00,2.1597743,Other Anomaly
2024-11-20 17:35:00,2.161167,Other Anomaly
2024-11-20 17:40:00,2.1592524,Other Anomaly
2024-11-20 17:45:00,2.1579416,Other Anomaly
2024-11-20 17:50:00,2.1511912,Other Anomaly
2024-11-20 17:55:00,2.1504436,Other Anomaly
2024-11-20 18:00:00,2.1436625,Other Anomaly
2024-11-20 18:05:00,2.1342301,Other Anomaly
2024-11-20 18:10:00,2.1236424,Other Anomaly
2024-11-20 18:15:00,2.122763,Other Anomaly
2024-11-20 18:20:00,2.1203659,Other Anomaly
2024-11-20 18:25:00,2.115666,Other Anomaly
2024-11-20 18:30:00,2.1087258,Other Anomaly
2024-11-20 18:35:00,2.0909536,Other Anomaly
2024-11-20 18:40:00,2.0835137,Other Anomaly
2024-11-20 18:45:00,2.0753577,Other Anomaly
2024-11-20 18:50:00,2.0622144,Other Anomaly
2024-11-20 18:55:00,2.0526059,Other Anomaly
2024-11-20 19:00:00,2.0278814,Other Anomaly
2024-11-20 19:05:00,2.0082119,Other Anomaly
2024-11-20 19:10:00,1.9907018,Other Anomaly
2024-11-20 19:15:00,1.9806564,Other Anomaly
2024-11-20 19:20:00,1.9618156,Other Anomaly
2024-11-20 19:25:00,1.9489651,Other Anomaly
2024-11-20 19:30:00,1.9383307,Other Anomaly
2024-11-20 19:35:00,1.9204736,Other Anomaly
2024-11-20 19:40:00,1.9062998,Other Anomaly
2024-11-20 19:45:00,1.8887388,Other Anomaly
2024-11-20 19:50:00,1.8709977,Other Anomaly
2024-11-20 19:55:00,1.8661085,Other Anomaly
2024-11-21 00:20:00,1.3125421,Latency Anomaly
2024-11-21 00:25:00,1.3165907,Latency Anomaly
2024-11-21 00:30:00,1.3215468,Latency Anomaly
2024-11-21 00:35:00,1.3245671,Latency Anomaly
2024-11-21 00:40:00,1.330405,Latency Anomaly
2024-11-21 00:45:00,1.3410239,Latency Anomaly
2024-11-21 00:50:00,1.3471344,Latency Anomaly
2024-11-21 00:55:00,1.3624239,Latency Anomaly
2024-11-21 01:00:00,1.3881271,Latency Anomaly
2024-11-21 01:05:00,1.3975072,Latency Anomaly
2024-11-21 01:10:00,1.4115645,Latency Anomaly
2024-11-21 01:15:00,1.4343505,Latency Anomaly
2024-11-21 01:20:00,1.441595,Latency Anomaly
2024-11-21 01:25:00,1.4543924,Latency Anomaly
2024-11-21 01:30:00,1.4642702,Latency Anomaly
2024-11-21 01:35:00,1.4721714,Latency Anomaly
2024-11-21 01:40:00,1.4749371,Latency Anomaly
2024-11-21 01:45:00,1.5019159,Latency Anomaly
2024-11-21 01:50:00,1.573922,Latency Anomaly
2024-11-21 01:55:00,1.6047164,Latency Anomaly
2024-11-21 02:00:00,1.6147741,Latency Anomaly
2024-11-21 02:05:00,1.6394914,Latency Anomaly
2024-11-21 02:10:00,1.6425662,Latency Anomaly
2024-11-21 02:15:00,1.663217,Latency Anomaly
2024-11-21 02:20:00,1.7514219,Latency Anomaly
2024-11-21 02:25:00,1.7649813,Latency Anomaly
2024-11-21 02:30:00,1.7938005,Latency Anomaly
2024-11-21 02:35:00,1.80791,Latency Anomaly
2024-11-21 02:40:00,1.8364989,Latency Anomaly
2024-11-21 02:45:00,1.8966329,Latency Anomaly
2024-11-21 02:50:00,1.995376,Latency Anomaly
2024-11-21 02:55:00,2.0484846,Latency Anomaly
2024-11-21 03:00:00,2.0677881,Latency Anomaly
2024-11-21 03:05:00,2.08813,Latency Anomaly
2024-11-21 03:10:00,2.141459,Latency Anomaly
2024-11-21 03:15:00,2.157807,Latency Anomaly
2024-11-21 03:20:00,2.1644285,Latency Anomaly
2024-11-21 03:25:00,2.1936662,Latency Anomaly
2024-11-21 03:30:00,2.2144783,Latency Anomaly
2024-11-21 03:35:00,2.2364852,Latency Anomaly
2024-11-21 03:40:00,2.256297,Latency Anomaly
2024-11-21 03:45:00,2.2682986,Latency Anomaly
2024-11-21 03:50:00,2.3042352,Latency Anomaly
2024-11-21 03:55:00,2.340863,Latency Anomaly
2024-11-21 04:00:00,2.34296,Latency Anomaly
2024-11-21 04:05:00,2.3499746,Latency Anomaly
2024-11-21 04:10:00,2.3599565,Latency Anomaly
2024-11-21 04:15:00,2.3720846,Latency Anomaly
2024-11-21 04:20:00,2.3846939,Latency Anomaly
2024-11-21 04:25:00,2.3916698,Latency Anomaly
2024-11-21 04:30:00,2.4028363,Latency Anomaly
2024-11-21 04:35:00,2.4040534,Latency Anomaly
2024-11-21 04:40:00,2.4169223,Latency Anomaly
2024-11-21 04:45:00,2.4287848,Latency Anomaly
2024-11-21 04:50:00,2.4349775,Latency Anomaly
2024-11-21 04:55:00,2.4323397,Latency Anomaly
2024-11-21 05:00:00,2.4297497,Latency Anomaly
2024-11-21 05:05:00,2.4306996,Latency Anomaly
2024-11-21 05:10:00,2.416614,Latency Anomaly
2024-11-21 05:15:00,2.4295099,Latency Anomaly
2024-11-21 05:20:00,2.4325545,Latency Anomaly
2024-11-21 05:25:00,2.4320502,Latency Anomaly
2024-11-21 05:30:00,2.441811,Latency Anomaly
2024-11-21 05:35:00,2.4387994,Latency Anomaly
2024-11-21 05:40:00,2.4340727,Other Anomaly
2024-11-21 05:45:00,2.4345353,Other Anomaly
2024-11-21 05:50:00,2.4369457,Latency Anomaly
2024-11-21 05:55:00,2.437398,Other Anomaly
2024-11-21 06:00:00,2.4282594,Other Anomaly
2024-11-21 06:05:00,2.418585,Other Anomaly
2024-11-21 06:10:00,2.403623,Other Anomaly
2024-11-21 06:15:00,2.3976154,Other Anomaly
2024-11-21 06:20:00,2.3916914,Other Anomaly
2024-11-21 06:25:00,2.3880856,Other Anomaly
2024-11-21 06:30:00,2.3754325,Other Anomaly
2024-11-21 06:35:00,2.3692663,Other Anomaly
2024-11-21 06:40:00,2.3594458,Other Anomaly
2024-11-21 06:45:00,2.3410587,Other Anomaly
2024-11-21 06:50:00,2.331427,Other Anomaly
2024-11-21 06:55:00,2.3146777,Other Anomaly
2024-11-21 07:00:00,2.2873855,Other Anomaly
2024-11-21 07:05:00,2.2733445,Other Anomaly
2024-11-21 07:10:00,2.2554448,Other Anomaly
2024-11-21 07:15:00,2.2233899,Other Anomaly
2024-11-21 07:20:00,2.2298944,Other Anomaly
2024-11-21 07:25:00,2.228524,Other Anomaly
2024-11-21 07:30:00,2.2188241,Other Anomaly
2024-11-21 07:35:00,2.208973,Other Anomaly
2024-11-21 07:40:00,2.20806,Other Anomaly
2024-11-21 07:45:00,2.1845899,Other Anomaly
2024-11-21 07:50:00,2.112235,Other Anomaly
2024-11-21 07:55:00,2.0818288,Other Anomaly
2024-11-21 08:00:00,2.072774,Other Anomaly
2024-11-21 08:05:00,2.0478761,Other Anomaly
2024-11-21 08:10:00,2.0424535,Other Anomaly
2024-11-21 08:15:00,2.0217152,Other Anomaly
2024-11-21 08:20:00,1.9316928,Other Anomaly
2024-11-21 08:25:00,1.922048,Other Anomaly
2024-11-21 08:30:00,1.8980205,Other Anomaly
2024-11-21 08:35:00,1.8791832,Other Anomaly
2024-11-21 08:40:00,1.8513273,Other Anomaly
2024-11-21 14:45:00,1.8557298,Other Anomaly
2024-11-21 14:50:00,1.8759507,Other Anomaly
2024-11-21 14:55:00,1.8829582,Other Anomaly
2024-11-21 15:00:00,1.8992985,Other Anomaly
2024-11-21 15:05:00,1.9176211,Other Anomaly
2024-11-21 15:10:00,1.9318861,Other Anomaly
2024-11-21 15:15:00,1.9438322,Other Anomaly
2024-11-21 15:20:00,1.9512078,Other Anomaly
2024-11-21 15:25:00,1.9681721,Other Anomaly
2024-11-21 15:30:00,1.9862506,Other Anomaly
2024-11-21 15:35:00,1.993859,Other Anomaly
2024-11-21 15:40:00,2.0072005,Other Anomaly
2024-11-21 15:45:00,2.0263138,Other Anomaly
2024-11-21 15:50:00,2.037729,Other Anomaly
2024-11-21 15:55:00,2.042637,Other Anomaly
2024-11-21 16:00:00,2.0545247,Other Anomaly
2024-11-21 16:05:00,2.0648608,Other Anomaly
2024-11-21 16:10:00,2.0676374,Other Anomaly
2024-11-21 16:15:00,2.083225,Other Anomaly
2024-11-21 16:20:00,2.0944269,Other Anomaly
2024-11-21 16:25:00,2.100396,Other Anomaly
2024-11-21 16:30:00,2.1084976,Other Anomaly
2024-11-21 16:35:00,2.116204,Other Anomaly
2024-11-21 16:40:00,2.1233678,Other Anomaly
2024-11-21 16:45:00,2.1292226,Other Anomaly
2024-11-21 16:50:00,2.137949,Other Anomaly
2024-11-21 16:55:00,2.1505127,Other Anomaly
2024-11-21 17:00:00,2.1518035,Other Anomaly
2024-11-21 17:05:00,2.1573384,Other Anomaly
2024-11-21 17:10:00,2.1510575,Other Anomaly
2024-11-21 17:15:00,2.1476223,Other Anomaly
2024-11-21 17:20:00,2.1499066,Other Anomaly
2024-11-21 17:25:00,2.1493216,Other Anomaly
2024-11-21 17:30:00,2.1432135,Other Anomaly
2024-11-21 17:35:00,2.1453764,Other Anomaly
2024-11-21 17:40:00,2.1456797,Other Anomaly
2024-11-21 17:45:00,2.1536405,Other Anomaly
2024-11-21 17:50:00,2.163228,Other Anomaly
2024-11-21 17:55:00,2.1619034,Other Anomaly
2024-11-21 18:00:00,2.1451297,Other Anomaly
2024-11-21 18:05:00,2.1330936,Other Anomaly
2024-11-21 18:10:00,2.128481,Other Anomaly
2024-11-21 18:15:00,2.1246455,Other Anomaly
2024-11-21 18:20:00,2.1124792,Other Anomaly
2024-11-21 18:25:00,2.1069856,Other Anomaly
2024-11-21 18:30:00,2.1025655,Other Anomaly
2024-11-21 18:35:00,2.0945108,Other Anomaly
2024-11-21 18:40:00,2.0880919,Other Anomaly
2024-11-21 18:45:00,2.082744,Other Anomaly
2024-11-21 18:50:00,2.075093,Other Anomaly
2024-11-21 18:55:00,2.0690124,Other Anomaly
2024-11-21 19:00:00,2.0559094,Other Anomaly
2024-11-21 19:05:00,2.0404024,Other Anomaly
2024-11-21 19:10:00,2.0345752,Other Anomaly
2024-11-21 19:15:00,2.0234637,Other Anomaly
2024-11-21 19:20:00,2.0046904,Other Anomaly
2024-11-21 19:25:00,1.9911017,Other Anomaly
2024-11-21 19:30:00,1.974301,Other Anomaly
2024-11-21 19:35:00,1.9607198,Other Anomaly
2024-11-21 19:40:00,1.9552101,Other Anomaly
2024-11-21 19:45:00,1.9378126,Other Anomaly
2024-11-21 19:50:00,1.92797,Other Anomaly
2024-11-21 19:55:00,1.9185736,Other Anomaly
2024-11-21 20:00:00,1.9062917,Other Anomaly
2024-11-21 20:05:00,1.9023855,Other Anomaly
2024-11-21 20:10:00,1.8864613,Other Anomaly
2024-11-21 20:15:00,1.8719654,Other Anomaly
2024-11-21 20:20:00,1.852236,Other Anomaly
2024-11-22 02:25:00,1.8534701,Other Anomaly
2024-11-22 02:30:00,1.878218,Other Anomaly
2024-11-22 02:35:00,1.8886518,Other Anomaly
2024-11-22 02:40:00,1.9171509,Other Anomaly
2024-11-22 02:45:00,1.9456222,Latency Anomaly
2024-11-22 02:50:00,1.9575465,Other Anomaly
2024-11-22 02:55:00,1.9608343,Other Anomaly
2024-11-22 03:00:00,1.9649857,Other Anomaly
2024-11-22 03:05:00,1.9882127,Other Anomaly
2024-11-22 03:10:00,2.0107648,Other Anomaly
2024-11-22 03:15:00,2.019657,Other Anomaly
2024-11-22 03:20:00,2.0304825,Other Anomaly
2024-11-22 03:25:00,2.0393393,Other Anomaly
2024-11-22 03:30:00,2.048734,Other Anomaly
2024-11-22 03:35:00,2.064358,Other Anomaly
2024-11-22 03:40:00,2.0708227,Other Anomaly
2024-11-22 03:45:00,2.0790102,Other Anomaly
2024-11-22 03:50:00,2.1142437,Other Anomaly
2024-11-22 03:55:00,2.1303055,Other Anomaly
2024-11-22 04:00:00,2.1735783,Other Anomaly
2024-11-22 04:05:00,2.173753,Other Anomaly
2024-11-22 04:10:00,2.1820126,Other Anomaly
2024-11-22 04:15:00,2.1978648,Other Anomaly
2024-11-22 04:20:00,2.216835,Other Anomaly
2024-11-22 04:25:00,2.240938,Other Anomaly
2024-11-22 04:30:00,2.258244,Other Anomaly
2024-11-22 04:35:00,2.2859113,Other Anomaly
2024-11-22 04:40:00,2.2884836,Other Anomaly
2024-11-22 04:45:00,2.310729,Other Anomaly
2024-11-22 04:50:00,2.3120656,Other Anomaly
2024-11-22 04:55:00,2.3256774,Latency Anomaly
2024-11-22 05:00:00,2.319146,Other Anomaly
2024-11-22 05:05:00,2.3047101,Other Anomaly
2024-11-22 05:10:00,2.308541,Other Anomaly
2024-11-22 05:15:00,2.3089764,Other Anomaly
2024-11-22 05:20:00,2.3225908,Latency Anomaly
2024-11-22 05:25:00,2.3371189,Latency Anomaly
2024-11-22 05:30:00,2.3383288,Latency Anomaly
2024-11-22 05:35:00,2.3378787,Latency Anomaly
2024-11-22 05:40:00,2.3277872,Latency Anomaly
2024-11-22 05:45:00,2.3332808,Latency Anomaly
2024-11-22 05:50:00,2.3295019,Latency Anomaly
2024-11-22 05:55:00,2.3204145,Latency Anomaly
2024-11-22 06:00:00,2.331978,Latency Anomaly
2024-11-22 06:05:00,2.3233953,Latency Anomaly
2024-11-22 06:10:00,2.3224592,Latency Anomaly
2024-11-22 06:15:00,2.3238714,Latency Anomaly
2024-11-22 06:20:00,2.31257,Latency Anomaly
2024-11-22 06:25:00,2.2879024,Latency Anomaly
2024-11-22 06:30:00,2.2520392,Latency Anomaly
2024-11-22 06:35:00,2.238974,Latency Anomaly
2024-11-22 06:40:00,2.2385087,Latency Anomaly
2024-11-22 06:45:00,2.2249048,Latency Anomaly
2024-11-22 06:50:00,2.2146401,Latency Anomaly
2024-11-22 06:55:00,2.2042654,Latency Anomaly
2024-11-22 07:00:00,2.1590526,Latency Anomaly
2024-11-22 07:05:00,2.1369138,Latency Anomaly
2024-11-22 07:10:00,2.1264138,Latency Anomaly
2024-11-22 07:15:00,2.0616276,Latency Anomaly
2024-11-22 07:20:00,2.0522113,Latency Anomaly
2024-11-22 07:25:00,2.0459921,Latency Anomaly
2024-11-22 07:30:00,2.0255382,Latency Anomaly
2024-11-22 07:35:00,2.0091798,Latency Anomaly
2024-11-22 07:40:00,1.9829916,Latency Anomaly
2024-11-22 07:45:00,1.9618486,Latency Anomaly
2024-11-22 07:50:00,1.9406012,Latency Anomaly
2024-11-22 07:55:00,1.9125454,Latency Anomaly
2024-11-22 08:00:00,1.8986309,Latency Anomaly
2024-11-22 08:05:00,1.8901148,Other Anomaly
2024-11-22 08:10:00,1.8722373,Latency Anomaly
2024-11-22 08:15:00,1.849472,Latency Anomaly
2024-11-22 08:30:00,1.7860888,Latency Anomaly
2024-11-22 08:55:00,1.6754521,Latency Anomaly
2024-11-22 09:00:00,1.6778293,Latency Anomaly
2024-11-22 09:05:00,1.6583868,Latency Anomaly
2024-11-22 09:10:00,1.6403944,Latency Anomaly
2024-11-22 09:15:00,1.6408143,Latency Anomaly
2024-11-22 09:20:00,1.6278604,Latency Anomaly
2024-11-22 09:25:00,1.6232529,Latency Anomaly
2024-11-22 09:30:00,1.6156982,Latency Anomaly
2024-11-22 09:35:00,1.6065317,Latency Anomaly
2024-11-22 09:40:00,1.6004856,Latency Anomaly
2024-11-22 09:45:00,1.5906714,Latency Anomaly
2024-11-22 14:35:00,1.8552725,Other Anomaly
2024-11-22 14:40:00,1.8651816,Other Anomaly
2024-11-22 14:45:00,1.8854923,Other Anomaly
2024-11-22 14:50:00,1.907749,Other Anomaly
2024-11-22 14:55:00,1.9193575,Other Anomaly
2024-11-22 15:00:00,1.9290059,Other Anomaly
2024-11-22 15:05:00,1.9409548,Other Anomaly
2024-11-22 15:10:00,1.950523,Other Anomaly
2024-11-22 15:15:00,1.9595488,Other Anomaly
2024-11-22 15:20:00,1.9686378,Other Anomaly
2024-11-22 15:25:00,1.9884424,Other Anomaly
2024-11-22 15:30:00,2.001462,Other Anomaly
2024-11-22 15:35:00,2.0103018,Other Anomaly
2024-11-22 15:40:00,2.02875,Other Anomaly
2024-11-22 15:45:00,2.0449421,Other Anomaly
2024-11-22 15:50:00,2.0637949,Other Anomaly
2024-11-22 15:55:00,2.0787237,Other Anomaly
2024-11-22 16:00:00,2.0890474,Other Anomaly
2024-11-22 16:05:00,2.1000283,Other Anomaly
2024-11-22 16:10:00,2.108093,Other Anomaly
2024-11-22 16:15:00,2.1145945,Other Anomaly
2024-11-22 16:20:00,2.1174812,Other Anomaly
2024-11-22 16:25:00,2.1243875,Other Anomaly
2024-11-22 16:30:00,2.1286993,Other Anomaly
2024-11-22 16:35:00,2.1435862,Other Anomaly
2024-11-22 16:40:00,2.156052,Other Anomaly
2024-11-22 16:45:00,2.166595,Other Anomaly
2024-11-22 16:50:00,2.1799917,Other Anomaly
2024-11-22 16:55:00,2.196696,Other Anomaly
2024-11-22 17:00:00,2.188343,Other Anomaly
2024-11-22 17:05:00,2.2005126,Other Anomaly
2024-11-22 17:10:00,2.204518,Other Anomaly
2024-11-22 17:15:00,2.20297,Other Anomaly
2024-11-22 17:20:00,2.204892,Other Anomaly
2024-11-22 17:25:00,2.20356,Other Anomaly
2024-11-22 17:30:00,2.2084868,Other Anomaly
2024-11-22 17:35:00,2.2061977,Other Anomaly
2024-11-22 17:40:00,2.2082212,Other Anomaly
2024-11-22 17:45:00,2.2057612,Other Anomaly
2024-11-22 17:50:00,2.2042325,Other Anomaly
2024-11-22 17:55:00,2.1918097,Other Anomaly
2024-11-22 18:00:00,2.1813061,Other Anomaly
2024-11-22 18:05:00,2.175962,Other Anomaly
2024-11-22 18:10:00,2.161032,Other Anomaly
2024-11-22 18:15:00,2.1638002,Other Anomaly
2024-11-22 18:20:00,2.1540132,Other Anomaly
2024-11-22 18:25:00,2.149637,Other Anomaly
2024-11-22 18:30:00,2.1443968,Other Anomaly
2024-11-22 18:35:00,2.1366134,Other Anomaly
2024-11-22 18:40:00,2.1249042,Other Anomaly
2024-11-22 18:45:00,2.1188369,Other Anomaly
2024-11-22 18:50:00,2.1108663,Other Anomaly
2024-11-22 18:55:00,2.0997405,Other Anomaly
2024-11-22 19:00:00,2.0808809,Other Anomaly
2024-11-22 19:05:00,2.0640607,Other Anomaly
2024-11-22 19:10:00,2.0527258,Other Anomaly
2024-11-22 19:15:00,2.04292,Other Anomaly
2024-11-22 19:20:00,2.029987,Other Anomaly
2024-11-22 19:25:00,2.0132508,Other Anomaly
2024-11-22 19:30:00,1.9996506,Other Anomaly
2024-11-22 19:35:00,1.9857967,Other Anomaly
2024-11-22 19:40:00,1.9828411,Other Anomaly
2024-11-22 19:45:00,1.970312,Other Anomaly
2024-11-22 19:50:00,1.95963,Other Anomaly
2024-11-22 19:55:00,1.9431143,Other Anomaly
2024-11-22 20:00:00,1.9257344,Other Anomaly
2024-11-22 20:05:00,1.905213,Other Anomaly
2024-11-22 20:10:00,1.8908728,Other Anomaly
2024-11-22 20:15:00,1.8705364,Other Anomaly
2024-11-22 20:20:00,1.8535494,Other Anomaly
2024-11-22 22:05:00,1.5271876,Latency Anomaly
2024-11-22 22:10:00,1.5146365,Latency Anomaly
2024-11-22 22:15:00,1.5066073,Latency Anomaly
2024-11-22 23:10:00,1.3901914,Latency Anomaly
2024-11-22 23:15:00,1.3803254,Latency Anomaly
2024-11-22 23:25:00,1.3621389,Latency Anomaly
2024-11-22 23:30:00,1.3546171,Latency Anomaly
2024-11-22 23:35:00,1.35061,Latency Anomaly
2024-11-22 23:40:00,1.3446171,Latency Anomaly
2024-11-22 23:45:00,1.3338186,Latency Anomaly
2024-11-22 23:50:00,1.3292866,Latency Anomaly
2024-11-22 23:55:00,1.3303877,Latency Anomaly
2024-11-23 00:00:00,1.339652,Latency Anomaly
2024-11-23 00:05:00,1.3474119,Latency Anomaly
2024-11-23 00:10:00,1.3508871,Latency Anomaly
2024-11-23 00:15:00,1.351404,Latency Anomaly
2024-11-23 00:20:00,1.3721249,Latency Anomaly
2024-11-23 00:25:00,1.3754535,Latency Anomaly
2024-11-23 00:30:00,1.3751501,Latency Anomaly
2024-11-23 00:35:00,1.3917562,Latency Anomaly
2024-11-23 00:40:00,1.4001046,Latency Anomaly
2024-11-23 00:45:00,1.4244077,Latency Anomaly
2024-11-23 00:50:00,1.4503616,Latency Anomaly
2024-11-23 00:55:00,1.4610648,Latency Anomaly
2024-11-23 01:00:00,1.4746025,Latency Anomaly
2024-11-23 01:10:00,1.5250744,Latency Anomaly
2024-11-23 01:15:00,1.5550008,Latency Anomaly
2024-11-23 01:20:00,1.5606847,Latency Anomaly
2024-11-23 01:25:00,1.5933069,Latency Anomaly
2024-11-23 01:30:00,1.624421,Latency Anomaly
2024-11-23 01:35:00,1.6556793,Latency Anomaly
2024-11-23 01:40:00,1.6797779,Latency Anomaly
2024-11-23 01:45:00,1.6937768,Latency Anomaly
2024-11-23 01:50:00,1.7004424,Latency Anomaly
2024-11-23 01:55:00,1.724801,Latency Anomaly
2024-11-23 02:00:00,1.7498122,Latency Anomaly
2024-11-23 02:05:00,1.8211836,Latency Anomaly
2024-11-23 02:10:00,1.850031,Latency Anomaly
2024-11-23 02:15:00,1.8849843,Latency Anomaly
2024-11-23 02:20:00,1.9664822,Latency Anomaly
2024-11-23 02:25:00,2.0290854,Latency Anomaly
2024-11-23 02:30:00,2.162618,Latency Anomaly
2024-11-23 02:35:00,2.259174,Latency Anomaly
2024-11-23 02:40:00,2.3634055,Latency Anomaly
2024-11-23 02:45:00,2.3916068,Latency Anomaly
2024-11-23 02:50:00,2.417886,Latency Anomaly
2024-11-23 02:55:00,2.425231,Latency Anomaly
2024-11-23 03:00:00,2.45872,Latency Anomaly
2024-11-23 03:05:00,2.4974961,Latency Anomaly
2024-11-23 03:10:00,2.5074701,Latency Anomaly
2024-11-23 03:15:00,2.5409088,Latency Anomaly
2024-11-23 03:20:00,2.595695,Latency Anomaly
2024-11-23 03:25:00,2.6111279,Latency Anomaly
2024-11-23 03:30:00,2.7160015,Latency Anomaly
2024-11-23 03:35:00,2.7291918,Latency Anomaly
2024-11-23 03:40:00,2.7619221,Latency Anomaly
2024-11-23 03:45:00,2.8066328,Latency Anomaly
2024-11-23 03:50:00,2.8625777,Latency Anomaly
2024-11-23 03:55:00,2.878766,Latency Anomaly
2024-11-23 04:00:00,2.8738782,Latency Anomaly
2024-11-23 04:05:00,2.8776195,Latency Anomaly
2024-11-23 04:10:00,2.8989608,Latency Anomaly
2024-11-23 04:15:00,2.9054892,Latency Anomaly
2024-11-23 04:20:00,2.9262686,Latency Anomaly
2024-11-23 04:25:00,2.9357755,Latency Anomaly
2024-11-23 04:30:00,2.9560294,Latency Anomaly
2024-11-23 04:35:00,2.9859855,Latency Anomaly
2024-11-23 04:40:00,2.9944108,Latency Anomaly
2024-11-23 04:45:00,3.008075,Latency Anomaly
2024-11-23 04:50:00,3.016507,Latency Anomaly
2024-11-23 04:55:00,3.0134556,Latency Anomaly
2024-11-23 05:00:00,3.0284455,Latency Anomaly
2024-11-23 05:05:00,3.0353749,Latency Anomaly
2024-11-23 05:10:00,3.0186925,Latency Anomaly
2024-11-23 05:15:00,3.0333645,Latency Anomaly
2024-11-23 05:20:00,3.0569878,Latency Anomaly
2024-11-23 05:25:00,3.066563,Latency Anomaly
2024-11-23 05:30:00,3.0730388,Latency Anomaly
2024-11-23 05:35:00,3.088988,Latency Anomaly
2024-11-23 05:40:00,3.0971708,Latency Anomaly
2024-11-23 05:45:00,3.102826,Latency Anomaly
2024-11-23 05:50:00,3.101804,Latency Anomaly
2024-11-23 05:55:00,3.0989864,Latency Anomaly
2024-11-23 06:00:00,3.0954304,Latency Anomaly
2024-11-23 06:05:00,3.0920942,Latency Anomaly
2024-11-23 06:10:00,3.0908058,Latency Anomaly
2024-11-23 06:15:00,3.0942712,Latency Anomaly
2024-11-23 06:20:00,3.0789444,Latency Anomaly
2024-11-23 06:25:00,3.0686269,Latency Anomaly
2024-11-23 06:30:00,3.0689387,Latency Anomaly
2024-11-23 06:35:00,3.0493765,Latency Anomaly
2024-11-23 06:40:00,3.0473306,Latency Anomaly
2024-11-23 06:45:00,3.013756,Latency Anomaly
2024-11-23 06:50:00,2.9893124,Latency Anomaly
2024-11-23 06:55:00,2.9899988,Latency Anomaly
2024-11-23 07:00:00,2.9794834,Latency Anomaly
2024-11-23 07:05:00,2.9484656,Latency Anomaly
2024-11-23 07:10:00,2.9335506,Latency Anomaly
2024-11-23 07:15:00,2.9043205,Latency Anomaly
2024-11-23 07:20:00,2.8959816,Latency Anomaly
2024-11-23 07:25:00,2.861768,Latency Anomaly
2024-11-23 07:30:00,2.8296807,Latency Anomaly
2024-11-23 07:35:00,2.7989728,Latency Anomaly
2024-11-23 07:40:00,2.756566,Latency Anomaly
2024-11-23 07:45:00,2.743247,Latency Anomaly
2024-11-23 07:50:00,2.7365725,Latency Anomaly
2024-11-23 07:55:00,2.716413,Latency Anomaly
2024-11-23 08:00:00,2.6882958,Other Anomaly
2024-11-23 08:05:00,2.624296,Latency Anomaly
2024-11-23 08:10:00,2.6006937,Other Anomaly
2024-11-23 08:15:00,2.565756,Other Anomaly
2024-11-23 08:20:00,2.48612,Other Anomaly
2024-11-23 08:25:00,2.4195924,Latency Anomaly
2024-11-23 08:30:00,2.292228,Other Anomaly
2024-11-23 08:35:00,2.198635,Other Anomaly
2024-11-23 08:40:00,2.0896,Other Anomaly
2024-11-23 08:45:00,2.0637226,Other Anomaly
2024-11-23 08:50:00,2.04346,Other Anomaly
2024-11-23 08:55:00,2.0436811,Other Anomaly
2024-11-23 09:00:00,2.015852,Other Anomaly
2024-11-23 09:05:00,1.9757681,Other Anomaly
2024-11-23 09:10:00,1.9638966,Other Anomaly
2024-11-23 09:15:00,1.931437,Other Anomaly
2024-11-23 09:20:00,1.879661,Other Anomaly
2024-11-23 09:25:00,1.8563992,Other Anomaly
2024-11-23 16:20:00,1.2312073,Latency Anomaly
2024-11-23 16:25:00,1.2335391,Latency Anomaly
2024-11-23 16:30:00,1.2436877,Latency Anomaly
2024-11-23 16:35:00,1.2464676,Latency Anomaly
2024-11-23 16:40:00,1.2452326,Latency Anomaly
2024-11-23 16:45:00,1.2363483,Latency Anomaly
2024-11-23 16:50:00,1.2354296,Latency Anomaly
2024-11-23 16:55:00,1.2337811,Latency Anomaly
2024-11-23 18:25:00,1.2303131,Latency Anomaly
2024-11-23 18:45:00,1.2192193,Latency Anomaly
2024-11-23 18:55:00,1.2077463,Latency Anomaly
2024-11-23 19:00:00,1.2067405,Latency Anomaly
2024-11-23 19:05:00,1.2047011,Latency Anomaly
2024-11-23 19:10:00,1.2167593,Latency Anomaly
2024-11-23 19:15:00,1.219115,Latency Anomaly
2024-11-23 19:20:00,1.2170057,Latency Anomaly
2024-11-23 19:30:00,1.2041074,Latency Anomaly
2024-11-23 19:35:00,1.2029237,Latency Anomaly
2024-11-23 19:40:00,1.2029868,Latency Anomaly
2024-11-23 19:55:00,1.2117383,Latency Anomaly
2024-11-23 20:20:00,1.2008247,Latency Anomaly
2024-11-23 20:25:00,1.1984757,Latency Anomaly
2024-11-23 20:30:00,1.2027645,Latency Anomaly
2024-11-23 20:35:00,1.2074872,Latency Anomaly
2024-11-23 20:40:00,1.2048085,Latency Anomaly
2024-11-23 20:45:00,1.2018944,Latency Anomaly
2024-11-23 20:50:00,1.1936141,Latency Anomaly
2024-11-23 20:55:00,1.190845,Latency Anomaly
2024-11-23 21:00:00,1.1900755,Latency Anomaly
2024-11-23 21:05:00,1.1834459,Latency Anomaly
2024-11-23 21:10:00,1.191105,Latency Anomaly
2024-11-24 01:45:00,1.8665016,Latency Anomaly
2024-11-24 01:50:00,1.867106,Other Anomaly
2024-11-24 01:55:00,1.8767599,Other Anomaly
2024-11-24 02:00:00,1.9294955,Other Anomaly
2024-11-24 02:05:00,1.967928,Other Anomaly
2024-11-24 02:10:00,2.0258646,Other Anomaly
2024-11-24 02:15:00,2.0403616,Other Anomaly
2024-11-24 02:20:00,2.0547028,Other Anomaly
2024-11-24 02:25:00,2.0675416,Other Anomaly
2024-11-24 02:30:00,2.0863936,Other Anomaly
2024-11-24 02:35:00,2.194318,Other Anomaly
2024-11-24 02:40:00,2.2125058,Other Anomaly
2024-11-24 02:45:00,2.2509615,Other Anomaly
2024-11-24 02:50:00,2.3051357,Other Anomaly
2024-11-24 02:55:00,2.3220956,Other Anomaly
2024-11-24 03:00:00,2.338352,Other Anomaly
2024-11-24 03:05:00,2.3824015,Other Anomaly
2024-11-24 03:10:00,2.3879538,Other Anomaly
2024-11-24 03:15:00,2.4000707,Other Anomaly
2024-11-24 03:20:00,2.4411972,Other Anomaly
2024-11-24 03:25:00,2.45592,Other Anomaly
2024-11-24 03:30:00,2.457673,Other Anomaly
2024-11-24 03:35:00,2.4641397,Other Anomaly
2024-11-24 03:40:00,2.5142944,Other Anomaly
2024-11-24 03:45:00,2.5330572,Other Anomaly
2024-11-24 03:50:00,2.5765111,Other Anomaly
2024-11-24 03:55:00,2.5939732,Other Anomaly
2024-11-24 04:00:00,2.6252182,Other Anomaly
2024-11-24 04:05:00,2.6278865,Other Anomaly
2024-11-24 04:10:00,2.6510541,Other Anomaly
2024-11-24 04:15:00,2.6809258,Other Anomaly
2024-11-24 04:20:00,2.699168,Other Anomaly
2024-11-24 04:25:00,2.7149267,Other Anomaly
2024-11-24 04:30:00,2.717649,Other Anomaly
2024-11-24 04:35:00,2.7271428,Other Anomaly
2024-11-24 04:40:00,2.7356815,Other Anomaly
2024-11-24 04:45:00,2.7446682,Other Anomaly
2024-11-24 04:50:00,2.7504103,Other Anomaly
2024-11-24 04:55:00,2.7774441,Other Anomaly
2024-11-24 05:00:00,2.8038957,Other Anomaly
2024-11-24 05:05:00,2.8124032,Other Anomaly
2024-11-24 05:10:00,2.818801,Other Anomaly
2024-11-24 05:15:00,2.8253798,Other Anomaly
2024-11-24 05:20:00,2.8249571,Other Anomaly
2024-11-24 05:25:00,2.818217,Other Anomaly
2024-11-24 05:30:00,2.8220367,Other Anomaly
2024-11-24 05:35:00,2.8254423,Other Anomaly
2024-11-24 05:40:00,2.8275225,Other Anomaly
2024-11-24 05:45:00,2.8468826,Other Anomaly
2024-11-24 05:50:00,2.8610308,Other Anomaly
2024-11-24 05:55:00,2.8622534,Other Anomaly
2024-11-24 06:00:00,2.854314,Other Anomaly
2024-11-24 06:05:00,2.8203185,Other Anomaly
2024-11-24 06:10:00,2.818492,Other Anomaly
2024-11-24 06:15:00,2.7566729,Other Anomaly
2024-11-24 06:20:00,2.7235222,Other Anomaly
2024-11-24 06:25:00,2.7112858,Other Anomaly
2024-11-24 06:30:00,2.701913,Other Anomaly
2024-11-24 06:35:00,2.6902606,Other Anomaly
2024-11-24 06:40:00,2.698302,Other Anomaly
2024-11-24 06:45:00,2.6968741,Other Anomaly
2024-11-24 06:50:00,2.6839442,Other Anomaly
2024-11-24 06:55:00,2.6724017,Other Anomaly
2024-11-24 07:00:00,2.6332114,Other Anomaly
2024-11-24 07:05:00,2.6121693,Other Anomaly
2024-11-24 07:10:00,2.5508378,Other Anomaly
2024-11-24 07:15:00,2.539252,Other Anomaly
2024-11-24 07:20:00,2.5201788,Other Anomaly
2024-11-24 07:25:00,2.5145342,Other Anomaly
2024-11-24 07:30:00,2.4981096,Other Anomaly
2024-11-24 07:35:00,2.4846237,Other Anomaly
2024-11-24 07:40:00,2.475019,Other Anomaly
2024-11-24 07:45:00,2.4328444,Other Anomaly
2024-11-24 07:50:00,2.442846,Other Anomaly
2024-11-24 07:55:00,2.4272122,Other Anomaly
2024-11-24 08:00:00,2.3816633,Other Anomaly
2024-11-24 08:05:00,2.3415213,Other Anomaly
2024-11-24 08:10:00,2.284053,Other Anomaly
2024-11-24 08:15:00,2.274086,Other Anomaly
2024-11-24 08:20:00,2.2555742,Other Anomaly
2024-11-24 08:25:00,2.244996,Other Anomaly
2024-11-24 08:30:00,2.2334857,Latency Anomaly
2024-11-24 08:35:00,2.1198292,Other Anomaly
2024-11-24 08:40:00,2.1213293,Latency Anomaly
2024-11-24 08:45:00,2.0876143,Other Anomaly
2024-11-24 08:50:00,2.0333292,Latency Anomaly
2024-11-24 08:55:00,2.0442111,Latency Anomaly
2024-11-24 09:00:00,2.0290678,Latency Anomaly
2024-11-24 09:05:00,1.988119,Latency Anomaly
2024-11-24 09:10:00,1.9744638,Latency Anomaly
2024-11-24 09:15:00,1.9540857,Latency Anomaly
2024-11-24 09:20:00,1.9064486,Latency Anomaly
2024-11-24 09:25:00,1.8943578,Latency Anomaly
2024-11-24 09:30:00,1.8961354,Latency Anomaly
2024-11-24 09:35:00,1.88227,Latency Anomaly
2024-11-24 09:40:00,1.8379184,Latency Anomaly
2024-11-24 09:45:00,1.8167315,Latency Anomaly
2024-11-24 09:50:00,1.7770658,Latency Anomaly
2024-11-24 09:55:00,1.7555926,Latency Anomaly
2024-11-24 10:00:00,1.71974,Latency Anomaly
2024-11-24 10:05:00,1.7004939,Latency Anomaly
2024-11-24 10:10:00,1.6725999,Latency Anomaly
2024-11-24 10:15:00,1.6348932,Latency Anomaly
2024-11-24 10:20:00,1.6209859,Latency Anomaly
2024-11-24 10:25:00,1.6013403,Latency Anomaly
2024-11-24 10:30:00,1.5888604,Latency Anomaly
2024-11-24 10:35:00,1.5784057,Latency Anomaly
2024-11-24 10:40:00,1.5610214,Latency Anomaly
2024-11-24 10:45:00,1.5516747,Latency Anomaly
2024-11-24 10:50:00,1.5353575,Latency Anomaly
2024-11-24 10:55:00,1.500473,Latency Anomaly
2024-11-24 11:00:00,1.4652541,Latency Anomaly
2024-11-24 11:05:00,1.4536752,Latency Anomaly
2024-11-24 11:10:00,1.4465913,Latency Anomaly
2024-11-24 11:15:00,1.4388846,Latency Anomaly
2024-11-24 11:20:00,1.4331796,Latency Anomaly
2024-11-24 11:25:00,1.4107709,Latency Anomaly
2024-11-24 11:30:00,1.3981061,Latency Anomaly
2024-11-24 11:35:00,1.3930634,Latency Anomaly
2024-11-24 11:40:00,1.3824857,Latency Anomaly
2024-11-24 11:45:00,1.3652525,Latency Anomaly
2024-11-24 11:50:00,1.3434912,Latency Anomaly
2024-11-24 11:55:00,1.3365917,Latency Anomaly
2024-11-24 12:00:00,1.3313375,Latency Anomaly
2024-11-24 12:05:00,1.334298,Latency Anomaly
2024-11-24 12:10:00,1.3304695,Latency Anomaly
2024-11-24 12:15:00,1.3309644,Latency Anomaly
2024-11-24 12:20:00,1.3271555,Latency Anomaly
2024-11-24 12:25:00,1.3309559,Latency Anomaly
2024-11-24 12:30:00,1.3222857,Latency Anomaly
2024-11-24 12:35:00,1.3183448,Latency Anomaly
2024-11-24 12:40:00,1.3002416,Latency Anomaly
2024-11-24 12:45:00,1.2925162,Latency Anomaly
2024-11-24 12:50:00,1.2947118,Latency Anomaly
2024-11-24 12:55:00,1.2938131,Latency Anomaly
2024-11-24 13:00:00,1.2876152,Latency Anomaly
2024-11-24 13:05:00,1.2998533,Latency Anomaly
2024-11-24 13:10:00,1.2864766,Latency Anomaly
2024-11-24 13:15:00,1.2847108,Latency Anomaly
2024-11-24 13:20:00,1.2904806,Latency Anomaly
2024-11-24 13:25:00,1.270011,Latency Anomaly
2024-11-24 13:30:00,1.2644842,Latency Anomaly
2024-11-24 13:35:00,1.2626097,Latency Anomaly
2024-11-24 13:40:00,1.2654299,Latency Anomaly
2024-11-24 13:45:00,1.2659311,Latency Anomaly
2024-11-24 13:50:00,1.2580241,Latency Anomaly
2024-11-24 13:55:00,1.2494662,Latency Anomaly
2024-11-24 14:00:00,1.2540605,Latency Anomaly
2024-11-24 14:05:00,1.2551591,Latency Anomaly
2024-11-24 14:10:00,1.2561117,Latency Anomaly
2024-11-24 14:15:00,1.2524321,Latency Anomaly
2024-11-24 14:20:00,1.2542531,Latency Anomaly
2024-11-24 14:25:00,1.2602665,Latency Anomaly
2024-11-24 14:30:00,1.2499901,Latency Anomaly
2024-11-24 14:35:00,1.2526785,Latency Anomaly
2024-11-24 14:40:00,1.2322456,Latency Anomaly
2024-11-24 14:45:00,1.2329869,Latency Anomaly
2024-11-24 14:50:00,1.2317041,Latency Anomaly
2024-11-24 15:05:00,1.2000618,Latency Anomaly
2024-11-24 15:10:00,1.2039691,Latency Anomaly
2024-11-24 15:15:00,1.2117711,Latency Anomaly
2024-11-24 23:55:00,1.4549694,Latency Anomaly
2024-11-25 00:00:00,1.4785119,Latency Anomaly
2024-11-25 00:05:00,1.4903169,Latency Anomaly
2024-11-25 00:10:00,1.5065595,Latency Anomaly
2024-11-25 00:15:00,1.5113431,Latency Anomaly
2024-11-25 00:20:00,1.5217413,Latency Anomaly
2024-11-25 00:25:00,1.5448576,Latency Anomaly
2024-11-25 00:30:00,1.5576553,Latency Anomaly
2024-11-25 00:35:00,1.5663135,Latency Anomaly
2024-11-25 00:40:00,1.5744921,Latency Anomaly
2024-11-25 00:45:00,1.57976,Latency Anomaly
2024-11-25 00:50:00,1.5903798,Latency Anomaly
2024-11-25 00:55:00,1.6112022,Latency Anomaly
2024-11-25 01:00:00,1.6272135,Latency Anomaly
2024-11-25 01:05:00,1.6400299,Latency Anomaly
2024-11-25 01:10:00,1.6944581,Latency Anomaly
2024-11-25 01:15:00,1.7012938,Latency Anomaly
2024-11-25 01:20:00,1.7132043,Latency Anomaly
2024-11-25 01:25:00,1.7474385,Latency Anomaly
2024-11-25 01:30:00,1.7571635,Latency Anomaly
2024-11-25 01:35:00,1.7878141,Latency Anomaly
2024-11-25 01:40:00,1.8231604,Latency Anomaly
2024-11-25 01:45:00,1.8413506,Latency Anomaly
2024-11-25 01:50:00,1.8519837,Latency Anomaly
2024-11-25 01:55:00,1.8673421,Latency Anomaly
2024-11-25 02:00:00,1.8772957,Latency Anomaly
2024-11-25 02:05:00,1.8987772,Latency Anomaly
2024-11-25 02:10:00,1.9134991,Latency Anomaly
2024-11-25 02:15:00,1.9610645,Latency Anomaly
2024-11-25 02:20:00,1.9850035,Latency Anomaly
2024-11-25 02:25:00,1.9941024,Latency Anomaly
2024-11-25 02:30:00,2.033131,Latency Anomaly
2024-11-25 02:35:00,2.0832205,Latency Anomaly
2024-11-25 02:40:00,2.0972545,Latency Anomaly
2024-11-25 02:45:00,2.1329489,Latency Anomaly
2024-11-25 02:50:00,2.1450026,Latency Anomaly
2024-11-25 02:55:00,2.1590486,Latency Anomaly
2024-11-25 03:00:00,2.1818922,Latency Anomaly
2024-11-25 03:05:00,2.2046688,Latency Anomaly
2024-11-25 03:10:00,2.2380266,Latency Anomaly
2024-11-25 03:15:00,2.2745388,Latency Anomaly
2024-11-25 03:20:00,2.288841,Latency Anomaly
2024-11-25 03:25:00,2.3144987,Latency Anomaly
2024-11-25 03:30:00,2.3403776,Latency Anomaly
2024-11-25 03:35:00,2.3557472,Latency Anomaly
2024-11-25 03:40:00,2.3796363,Latency Anomaly
2024-11-25 03:45:00,2.4370794,Latency Anomaly
2024-11-25 03:50:00,2.4348884,Latency Anomaly
2024-11-25 03:55:00,2.4432504,Latency Anomaly
2024-11-25 04:00:00,2.4484339,Latency Anomaly
2024-11-25 04:05:00,2.459096,Latency Anomaly
2024-11-25 04:10:00,2.4557157,Latency Anomaly
2024-11-25 04:15:00,2.44422,Latency Anomaly
2024-11-25 04:20:00,2.4572613,Latency Anomaly
2024-11-25 04:25:00,2.4700422,Latency Anomaly
2024-11-25 04:30:00,2.4682124,Latency Anomaly
2024-11-25 04:35:00,2.5006704,Latency Anomaly
2024-11-25 04:40:00,2.5208056,Latency Anomaly
2024-11-25 04:45:00,2.5294592,Latency Anomaly
2024-11-25 04:50:00,2.516971,Latency Anomaly
2024-11-25 04:55:00,2.513,Latency Anomaly
2024-11-25 05:00:00,2.50562,Latency Anomaly
2024-11-25 05:05:00,2.4922242,Latency Anomaly
2024-11-25 05:10:00,2.4860733,Latency Anomaly
2024-11-25 05:15:00,2.4829562,Latency Anomaly
2024-11-25 05:20:00,2.4912868,Latency Anomaly
2024-11-25 05:25:00,2.4628708,Latency Anomaly
2024-11-25 05:30:00,2.4470627,Latency Anomaly
2024-11-25 05:35:00,2.4363174,Latency Anomaly
2024-11-25 05:40:00,2.455538,Latency Anomaly
2024-11-25 05:45:00,2.461761,Latency Anomaly
2024-11-25 05:50:00,2.4633682,Latency Anomaly
2024-11-25 05:55:00,2.4636688,Latency Anomaly
2024-11-25 06:00:00,2.430646,Latency Anomaly
2024-11-25 06:05:00,2.4206014,Other Anomaly
2024-11-25 06:10:00,2.4009192,Other Anomaly
2024-11-25 06:15:00,2.3960571,Other Anomaly
2024-11-25 06:20:00,2.4047585,Other Anomaly
2024-11-25 06:25:00,2.388996,Other Anomaly
2024-11-25 06:30:00,2.3802507,Other Anomaly
2024-11-25 06:35:00,2.3791234,Other Anomaly
2024-11-25 06:40:00,2.3794754,Other Anomaly
2024-11-25 06:45:00,2.3756,Latency Anomaly
2024-11-25 06:50:00,2.369218,Other Anomaly
2024-11-25 06:55:00,2.347866,Other Anomaly
2024-11-25 07:00:00,2.3385026,Other Anomaly
2024-11-25 07:05:00,2.3227649,Latency Anomaly
2024-11-25 07:10:00,2.2645302,Other Anomaly
2024-11-25 07:15:00,2.2547996,Other Anomaly
2024-11-25 07:20:00,2.2414672,Latency Anomaly
2024-11-25 07:25:00,2.2159097,Latency Anomaly
2024-11-25 07:30:00,2.2089348,Latency Anomaly
2024-11-25 07:35:00,2.170655,Latency Anomaly
2024-11-25 07:40:00,2.1371958,Other Anomaly
2024-11-25 07:45:00,2.107944,Latency Anomaly
2024-11-25 07:50:00,2.098144,Latency Anomaly
2024-11-25 07:55:00,2.0766673,Latency Anomaly
2024-11-25 08:00:00,2.0701334,Latency Anomaly
2024-11-25 08:05:00,2.047138,Latency Anomaly
2024-11-25 08:10:00,2.0341249,Latency Anomaly
2024-11-25 08:15:00,1.9817145,Latency Anomaly
2024-11-25 08:20:00,1.9582497,Latency Anomaly
2024-11-25 08:25:00,1.9428877,Latency Anomaly
2024-11-25 08:30:00,1.9108902,Latency Anomaly
2024-11-25 08:35:00,1.8669634,Latency Anomaly
2024-11-25 08:40:00,1.8452917,Latency Anomaly
2024-11-25 08:45:00,1.7949924,Latency Anomaly
2024-11-25 08:50:00,1.7758671,Latency Anomaly
2024-11-25 08:55:00,1.7708961,Latency Anomaly
2024-11-25 09:00:00,1.7462963,Latency Anomaly
2024-11-25 09:05:00,1.7232007,Latency Anomaly
2024-11-25 09:10:00,1.6883699,Latency Anomaly
2024-11-25 10:45:00,1.4007807,Latency Anomaly
2024-11-25 10:50:00,1.4004351,Latency Anomaly
2024-11-25 11:30:00,1.4705502,Latency Anomaly
2024-11-25 11:35:00,1.4863158,Latency Anomaly
2024-11-25 11:40:00,1.4665705,Latency Anomaly
2024-11-25 11:45:00,1.4669318,Latency Anomaly
2024-11-25 11:50:00,1.4739245,Latency Anomaly
2024-11-25 11:55:00,1.4698088,Latency Anomaly
2024-11-25 12:00:00,1.4890764,Latency Anomaly
2024-11-25 12:20:00,1.5288882,Latency Anomaly
2024-11-25 12:25:00,1.5400602,Latency Anomaly
2024-11-25 12:30:00,1.5526818,Latency Anomaly
2024-11-25 12:35:00,1.5639433,Latency Anomaly
2024-11-25 12:40:00,1.5784642,Latency Anomaly
2024-11-25 12:45:00,1.5855737,Latency Anomaly
2024-11-25 12:50:00,1.5924425,Latency Anomaly
2024-11-25 12:55:00,1.6014237,Latency Anomaly
2024-11-25 13:00:00,1.6164021,Latency Anomaly
2024-11-25 13:05:00,1.6321242,Latency Anomaly
2024-11-25 13:10:00,1.6556431,Latency Anomaly
2024-11-25 13:35:00,1.7446444,Latency Anomaly
2024-11-25 13:40:00,1.7636266,Latency Anomaly
2024-11-25 13:45:00,1.782733,Latency Anomaly
2024-11-25 13:50:00,1.7959664,Latency Anomaly
2024-11-25 13:55:00,1.809002,Latency Anomaly
2024-11-25 14:00:00,1.8201146,Latency Anomaly
2024-11-25 14:05:00,1.8384137,Latency Anomaly
2024-11-25 14:10:00,1.8572326,Other Anomaly
2024-11-25 14:15:00,1.8811294,Other Anomaly
2024-11-25 14:20:00,1.896908,Other Anomaly
2024-11-25 14:25:00,1.9063541,Other Anomaly
2024-11-25 14:30:00,1.9195666,Latency Anomaly
2024-11-25 14:35:00,1.9314233,Latency Anomaly
2024-11-25 14:40:00,1.9517696,Latency Anomaly
2024-11-25 14:45:00,1.9614446,Latency Anomaly
2024-11-25 14:50:00,1.9769388,Latency Anomaly
2024-11-25 14:55:00,1.9847976,Latency Anomaly
2024-11-25 15:00:00,2.009111,Latency Anomaly
2024-11-25 15:05:00,2.0273473,Latency Anomaly
2024-11-25 15:10:00,2.041444,Latency Anomaly
2024-11-25 15:15:00,2.0573545,Latency Anomaly
2024-11-25 15:20:00,2.0711854,Latency Anomaly
2024-11-25 15:25:00,2.077691,Latency Anomaly
2024-11-25 15:30:00,2.0982192,Latency Anomaly
2024-11-25 15:35:00,2.1054895,Latency Anomaly
2024-11-25 15:40:00,2.1180248,Latency Anomaly
2024-11-25 15:45:00,2.1278946,Latency Anomaly
2024-11-25 15:50:00,2.144305,Latency Anomaly
2024-11-25 15:55:00,2.157781,Latency Anomaly
2024-11-25 16:00:00,2.1574893,Latency Anomaly
2024-11-25 16:05:00,2.170446,Latency Anomaly
2024-11-25 16:10:00,2.170333,Latency Anomaly
2024-11-25 16:15:00,2.1734173,Latency Anomaly
2024-11-25 16:20:00,2.1673243,Latency Anomaly
2024-11-25 16:25:00,2.1767638,Latency Anomaly
2024-11-25 16:30:00,2.1839247,Latency Anomaly
2024-11-25 16:35:00,2.1909657,Latency Anomaly
2024-11-25 16:40:00,2.1974642,Latency Anomaly
2024-11-25 16:45:00,2.1936781,Latency Anomaly
2024-11-25 16:50:00,2.2030442,Latency Anomaly
2024-11-25 16:55:00,2.2249615,Latency Anomaly
2024-11-25 17:00:00,2.2214088,Latency Anomaly
2024-11-25 17:05:00,2.218271,Latency Anomaly
2024-11-25 17:10:00,2.225009,Latency Anomaly
2024-11-25 17:15:00,2.2087233,Latency Anomaly
2024-11-25 17:20:00,2.1997707,Latency Anomaly
2024-11-25 17:25:00,2.1974218,Latency Anomaly
2024-11-25 17:30:00,2.1982408,Latency Anomaly
2024-11-25 17:35:00,2.1928859,Latency Anomaly
2024-11-25 17:40:00,2.1934738,Other Anomaly
2024-11-25 17:45:00,2.1846395,Latency Anomaly
2024-11-25 17:50:00,2.1787097,Latency Anomaly
2024-11-25 17:55:00,2.1820714,Other Anomaly
2024-11-25 18:00:00,2.1727052,Other Anomaly
2024-11-25 18:05:00,2.1617537,Latency Anomaly
2024-11-25 18:10:00,2.1540992,Other Anomaly
2024-11-25 18:15:00,2.1406374,Other Anomaly
2024-11-25 18:20:00,2.1302788,Other Anomaly
2024-11-25 18:25:00,2.1280475,Other Anomaly
2024-11-25 18:30:00,2.1142595,Other Anomaly
2024-11-25 18:35:00,2.1054738,Other Anomaly
2024-11-25 18:40:00,2.095411,Other Anomaly
2024-11-25 18:45:00,2.086929,Other Anomaly
2024-11-25 18:50:00,2.0856316,Other Anomaly
2024-11-25 18:55:00,2.0823965,Other Anomaly
2024-11-25 19:00:00,2.0739634,Other Anomaly
2024-11-25 19:05:00,2.065954,Other Anomaly
2024-11-25 19:10:00,2.044383,Latency Anomaly
2024-11-25 19:15:00,2.029613,Other Anomaly
2024-11-25 19:20:00,2.0108907,Latency Anomaly
2024-11-25 19:25:00,1.9998032,Latency Anomaly
2024-11-25 19:30:00,1.9889747,Latency Anomaly
2024-11-25 19:35:00,1.9750639,Latency Anomaly
2024-11-25 19:40:00,1.9649633,Latency Anomaly
2024-11-25 19:45:00,1.951421,Latency Anomaly
2024-11-25 19:50:00,1.9390224,Latency Anomaly
2024-11-25 19:55:00,1.9326097,Latency Anomaly
2024-11-25 20:00:00,1.9233227,Latency Anomaly
2024-11-25 20:05:00,1.9025686,Latency Anomaly
2024-11-25 20:10:00,1.8836533,Latency Anomaly
2024-11-25 20:15:00,1.8572394,Latency Anomaly
2024-11-25 20:20:00,1.8375905,Latency Anomaly
2024-11-25 20:25:00,1.829971,Latency Anomaly
2024-11-25 20:30:00,1.8181558,Latency Anomaly
2024-11-25 20:35:00,1.8061112,Latency Anomaly
2024-11-25 20:40:00,1.7922174,Latency Anomaly
2024-11-25 20:45:00,1.7830286,Latency Anomaly
2024-11-25 20:50:00,1.7705976,Latency Anomaly
2024-11-25 20:55:00,1.7551234,Latency Anomaly
2024-11-25 21:00:00,1.7284466,Latency Anomaly
2024-11-25 21:05:00,1.7148641,Latency Anomaly
2024-11-25 21:10:00,1.693809,Latency Anomaly
2024-11-25 21:15:00,1.6737982,Latency Anomaly
2024-11-25 21:20:00,1.6634071,Latency Anomaly
2024-11-25 21:25:00,1.6489979,Latency Anomaly
2024-11-25 21:30:00,1.6332711,Latency Anomaly
2024-11-25 21:35:00,1.6203645,Latency Anomaly
2024-11-25 21:40:00,1.6025491,Latency Anomaly
2024-11-25 21:45:00,1.6060283,Latency Anomaly
2024-11-25 21:50:00,1.59142,Latency Anomaly
2024-11-25 21:55:00,1.5719128,Latency Anomaly
2024-11-25 22:00:00,1.5600221,Latency Anomaly
2024-11-25 22:05:00,1.5437406,Latency Anomaly
2024-11-25 22:10:00,1.5386007,Latency Anomaly
2024-11-25 22:15:00,1.5256872,Latency Anomaly
2024-11-25 22:20:00,1.5182724,Latency Anomaly
2024-11-25 22:25:00,1.5085237,Latency Anomaly
2024-11-25 22:30:00,1.4961513,Latency Anomaly
2024-11-25 22:35:00,1.4798048,Latency Anomaly
2024-11-25 22:40:00,1.4690517,Latency Anomaly
2024-11-25 22:45:00,1.461815,Latency Anomaly
2024-11-25 22:50:00,1.4431635,Latency Anomaly
2024-11-25 22:55:00,1.4150934,Latency Anomaly
2024-11-25 23:00:00,1.4243703,Latency Anomaly
2024-11-25 23:05:00,1.4183573,Latency Anomaly
2024-11-25 23:10:00,1.4075842,Latency Anomaly
2024-11-25 23:15:00,1.3992164,Latency Anomaly
2024-11-25 23:20:00,1.4029253,Latency Anomaly
2024-11-25 23:25:00,1.4026922,Latency Anomaly
2024-11-25 23:30:00,1.3912817,Latency Anomaly
2024-11-25 23:35:00,1.3876729,Latency Anomaly
2024-11-25 23:40:00,1.38834,Latency Anomaly
2024-11-25 23:45:00,1.3793396,Latency Anomaly
2024-11-25 23:50:00,1.3786111,Latency Anomaly
2024-11-25 23:55:00,1.3717684,Latency Anomaly
2024-11-26 00:00:00,1.3695377,Latency Anomaly
2024-11-26 00:05:00,1.3751941,Latency Anomaly
2024-11-26 00:10:00,1.3818089,Latency Anomaly
2024-11-26 00:15:00,1.4115659,Latency Anomaly
2024-11-26 00:20:00,1.4255687,Latency Anomaly
2024-11-26 00:25:00,1.4244463,Latency Anomaly
2024-11-26 00:30:00,1.4256608,Latency Anomaly
2024-11-26 00:35:00,1.4426923,Latency Anomaly
2024-11-26 00:40:00,1.4445434,Latency Anomaly
2024-11-26 00:45:00,1.4520751,Latency Anomaly
2024-11-26 00:50:00,1.463392,Latency Anomaly
2024-11-26 00:55:00,1.4576621,Latency Anomaly
2024-11-26 01:00:00,1.4579823,Latency Anomaly
2024-11-26 01:05:00,1.4802421,Latency Anomaly
2024-11-26 01:10:00,1.489116,Latency Anomaly
2024-11-26 01:15:00,1.5165628,Latency Anomaly
2024-11-26 01:20:00,1.5368937,Latency Anomaly
2024-11-26 01:25:00,1.5587926,Latency Anomaly
2024-11-26 01:30:00,1.5752419,Latency Anomaly
2024-11-26 01:35:00,1.6171951,Latency Anomaly
2024-11-26 01:40:00,1.6170782,Latency Anomaly
2024-11-26 01:45:00,1.6679,Latency Anomaly
2024-11-26 01:50:00,1.6867485,Latency Anomaly
2024-11-26 01:55:00,1.6942476,Latency Anomaly
2024-11-26 02:00:00,1.7050629,Latency Anomaly
2024-11-26 02:05:00,1.7560068,Latency Anomaly
2024-11-26 02:10:00,1.8015373,Latency Anomaly
2024-11-26 02:15:00,1.8285378,Latency Anomaly
2024-11-26 02:20:00,1.8388908,Latency Anomaly
2024-11-26 02:25:00,1.8428416,Latency Anomaly
2024-11-26 02:30:00,1.8549751,Latency Anomaly
2024-11-26 02:35:00,1.8691448,Latency Anomaly
2024-11-26 02:40:00,1.9419173,Latency Anomaly
2024-11-26 02:45:00,1.9565833,Latency Anomaly
2024-11-26 02:50:00,1.9722799,Latency Anomaly
2024-11-26 02:55:00,1.9977276,Latency Anomaly
2024-11-26 03:00:00,2.0224822,Latency Anomaly
2024-11-26 03:05:00,2.0252345,Other Anomaly
2024-11-26 03:10:00,2.039145,Latency Anomaly
2024-11-26 03:15:00,2.073545,Latency Anomaly
2024-11-26 03:20:00,2.0864182,Latency Anomaly
2024-11-26 03:25:00,2.1063232,Latency Anomaly
2024-11-26 03:30:00,2.115299,Latency Anomaly
2024-11-26 03:35:00,2.1553824,Latency Anomaly
2024-11-26 03:40:00,2.1871927,Latency Anomaly
2024-11-26 03:45:00,2.2060888,Latency Anomaly
2024-11-26 03:50:00,2.228853,Latency Anomaly
2024-11-26 03:55:00,2.2443807,Latency Anomaly
2024-11-26 04:00:00,2.2620993,Latency Anomaly
2024-11-26 04:05:00,2.277289,Latency Anomaly
2024-11-26 04:10:00,2.2817507,Latency Anomaly
2024-11-26 04:15:00,2.286788,Latency Anomaly
2024-11-26 04:20:00,2.2971919,Latency Anomaly
2024-11-26 04:25:00,2.3104503,Other Anomaly
2024-11-26 04:30:00,2.3182297,Other Anomaly
2024-11-26 04:35:00,2.3331852,Latency Anomaly
2024-11-26 04:40:00,2.3507597,Other Anomaly
2024-11-26 04:45:00,2.370545,Other Anomaly
2024-11-26 04:50:00,2.3768678,Other Anomaly
2024-11-26 04:55:00,2.3911164,Other Anomaly
2024-11-26 05:00:00,2.3783693,Latency Anomaly
2024-11-26 05:05:00,2.3870068,Latency Anomaly
2024-11-26 05:10:00,2.3873558,Latency Anomaly
2024-11-26 05:15:00,2.379211,Latency Anomaly
2024-11-26 05:20:00,2.3846579,Other Anomaly
2024-11-26 05:25:00,2.3730798,Other Anomaly
2024-11-26 05:30:00,2.3774734,Latency Anomaly
2024-11-26 05:35:00,2.3747761,Latency Anomaly
2024-11-26 05:40:00,2.374099,Latency Anomaly
2024-11-26 05:45:00,2.3732097,Latency Anomaly
2024-11-26 05:50:00,2.3738608,Latency Anomaly
2024-11-26 05:55:00,2.3711863,Latency Anomaly
2024-11-26 06:00:00,2.3638878,Latency Anomaly
2024-11-26 06:05:00,2.3560908,Latency Anomaly
2024-11-26 06:10:00,2.3444185,Latency Anomaly
2024-11-26 06:15:00,2.3193238,Latency Anomaly
2024-11-26 06:20:00,2.3019722,Latency Anomaly
2024-11-26 06:25:00,2.2904382,Other Anomaly
2024-11-26 06:30:00,2.289592,Other Anomaly
2024-11-26 06:35:00,2.266141,Other Anomaly
2024-11-26 06:40:00,2.2547672,Other Anomaly
2024-11-26 06:45:00,2.2528937,Other Anomaly
2024-11-26 06:50:00,2.2334435,Other Anomaly
2024-11-26 06:55:00,2.2312462,Other Anomaly
2024-11-26 07:00:00,2.2255719,Other Anomaly
2024-11-26 07:05:00,2.1911304,Other Anomaly
2024-11-26 07:10:00,2.1808429,Other Anomaly
2024-11-26 07:15:00,2.149757,Other Anomaly
2024-11-26 07:20:00,2.123868,Other Anomaly
2024-11-26 07:25:00,2.093848,Other Anomaly
2024-11-26 07:30:00,2.07566,Other Anomaly
2024-11-26 07:35:00,2.0263221,Other Anomaly
2024-11-26 07:40:00,2.0216548,Other Anomaly
2024-11-26 07:45:00,1.9667257,Other Anomaly
2024-11-26 07:50:00,1.9466703,Other Anomaly
2024-11-26 07:55:00,1.9391836,Other Anomaly
2024-11-26 08:00:00,1.9227928,Other Anomaly
2024-11-26 08:05:00,1.8732052,Other Anomaly
2024-11-26 08:50:00,1.6701161,Latency Anomaly
2024-11-26 08:55:00,1.6468694,Latency Anomaly
2024-11-26 09:00:00,1.6302896,Latency Anomaly
2024-11-26 09:05:00,1.628424,Latency Anomaly
2024-11-26 09:10:00,1.62276,Latency Anomaly
2024-11-26 09:15:00,1.5964237,Latency Anomaly
2024-11-26 09:20:00,1.5814564,Latency Anomaly
2024-11-26 09:25:00,1.5725969,Latency Anomaly
2024-11-26 09:30:00,1.5574021,Latency Anomaly
2024-11-26 09:35:00,1.5160881,Latency Anomaly
2024-11-26 10:25:00,1.3904008,Latency Anomaly
2024-11-26 10:30:00,1.382498,Latency Anomaly
2024-11-26 10:40:00,1.3677186,Latency Anomaly
2024-11-26 10:45:00,1.3457329,Latency Anomaly
2024-11-26 10:50:00,1.3479493,Latency Anomaly
2024-11-26 10:55:00,1.3404344,Latency Anomaly
2024-11-26 11:00:00,1.3439354,Latency Anomaly
2024-11-26 12:25:00,1.5093246,Latency Anomaly
2024-11-26 12:35:00,1.5354218,Latency Anomaly
2024-11-26 12:40:00,1.55752,Latency Anomaly
2024-11-26 12:45:00,1.5628681,Latency Anomaly
2024-11-26 12:50:00,1.5852218,Latency Anomaly
2024-11-26 12:55:00,1.5942526,Latency Anomaly
2024-11-26 13:00:00,1.615089,Latency Anomaly
2024-11-26 13:05:00,1.638663,Latency Anomaly
2024-11-26 13:10:00,1.6533598,Latency Anomaly
2024-11-26 13:15:00,1.6781255,Latency Anomaly
2024-11-26 13:20:00,1.6969314,Latency Anomaly
2024-11-26 13:25:00,1.716072,Latency Anomaly
2024-11-26 13:30:00,1.726111,Latency Anomaly
2024-11-26 13:35:00,1.7445552,Latency Anomaly
2024-11-26 13:40:00,1.7561425,Latency Anomaly
2024-11-26 13:45:00,1.7705554,Latency Anomaly
2024-11-26 13:50:00,1.7846758,Latency Anomaly
2024-11-26 13:55:00,1.799063,Latency Anomaly
2024-11-26 14:00:00,1.8141941,Latency Anomaly
2024-11-26 14:05:00,1.8301799,Latency Anomaly
2024-11-26 14:10:00,1.846496,Latency Anomaly
2024-11-26 14:15:00,1.8590246,Latency Anomaly
2024-11-26 14:20:00,1.8787684,Latency Anomaly
2024-11-26 14:25:00,1.8825299,Latency Anomaly
2024-11-26 14:30:00,1.8976262,Latency Anomaly
2024-11-26 14:35:00,1.9075525,Latency Anomaly
2024-11-26 14:40:00,1.917914,Latency Anomaly
2024-11-26 14:45:00,1.9353474,Latency Anomaly
2024-11-26 14:50:00,1.9593878,Latency Anomaly
2024-11-26 14:55:00,1.9774128,Latency Anomaly
2024-11-26 15:00:00,1.9931321,Latency Anomaly
2024-11-26 15:05:00,2.009593,Latency Anomaly
2024-11-26 15:10:00,2.0229297,Latency Anomaly
2024-11-26 15:15:00,2.036145,Latency Anomaly
2024-11-26 15:20:00,2.045162,Latency Anomaly
2024-11-26 15:25:00,2.0500348,Latency Anomaly
2024-11-26 15:30:00,2.0652006,Latency Anomaly
2024-11-26 15:35:00,2.0782044,Latency Anomaly
2024-11-26 15:40:00,2.0847318,Latency Anomaly
2024-11-26 15:45:00,2.0941591,Latency Anomaly
2024-11-26 15:50:00,2.1106064,Latency Anomaly
2024-11-26 15:55:00,2.1216693,Latency Anomaly
2024-11-26 16:00:00,2.1245143,Latency Anomaly
2024-11-26 16:05:00,2.128153,Latency Anomaly
2024-11-26 16:10:00,2.1362424,Latency Anomaly
2024-11-26 16:15:00,2.144047,Latency Anomaly
2024-11-26 16:20:00,2.1532168,Latency Anomaly
2024-11-26 16:25:00,2.1660333,Latency Anomaly
2024-11-26 16:30:00,2.1751697,Latency Anomaly
2024-11-26 16:35:00,2.184333,Latency Anomaly
2024-11-26 16:40:00,2.1895273,Latency Anomaly
2024-11-26 16:45:00,2.2057176,Latency Anomaly
2024-11-26 16:50:00,2.2125924,Latency Anomaly
2024-11-26 16:55:00,2.2220275,Latency Anomaly
2024-11-26 17:00:00,2.2234893,Latency Anomaly
2024-11-26 17:05:00,2.2248187,Latency Anomaly
2024-11-26 17:10:00,2.2299042,Latency Anomaly
2024-11-26 17:15:00,2.2322593,Latency Anomaly
2024-11-26 17:20:00,2.2332768,Latency Anomaly
2024-11-26 17:25:00,2.2385154,Latency Anomaly
2024-11-26 17:30:00,2.232287,Latency Anomaly
2024-11-26 17:35:00,2.2371984,Latency Anomaly
2024-11-26 17:40:00,2.211685,Latency Anomaly
2024-11-26 17:45:00,2.2120652,Latency Anomaly
2024-11-26 17:50:00,2.2231603,Latency Anomaly
2024-11-26 17:55:00,2.222689,Latency Anomaly
2024-11-26 18:00:00,2.2163582,Latency Anomaly
2024-11-26 18:05:00,2.199212,Latency Anomaly
2024-11-26 18:10:00,2.1921484,Latency Anomaly
2024-11-26 18:15:00,2.1815307,Latency Anomaly
2024-11-26 18:20:00,2.1779852,Latency Anomaly
2024-11-26 18:25:00,2.1673334,Latency Anomaly
2024-11-26 18:30:00,2.150924,Latency Anomaly
2024-11-26 18:35:00,2.1526456,Latency Anomaly
2024-11-26 18:40:00,2.1405172,Latency Anomaly
2024-11-26 18:45:00,2.1347268,Latency Anomaly
2024-11-26 18:50:00,2.1167457,Latency Anomaly
2024-11-26 18:55:00,2.1163085,Latency Anomaly
2024-11-26 19:00:00,2.094777,Latency Anomaly
2024-11-26 19:05:00,2.0749323,Latency Anomaly
2024-11-26 19:10:00,2.0620184,Latency Anomaly
2024-11-26 19:15:00,2.037883,Latency Anomaly
2024-11-26 19:20:00,2.0304945,Latency Anomaly
2024-11-26 19:25:00,2.021047,Latency Anomaly
2024-11-26 19:30:00,2.0070465,Latency Anomaly
2024-11-26 19:35:00,1.997916,Latency Anomaly
2024-11-26 19:40:00,1.9817642,Latency Anomaly
2024-11-26 19:45:00,1.9752713,Latency Anomaly
2024-11-26 19:50:00,1.9638315,Latency Anomaly
2024-11-26 19:55:00,1.9465494,Latency Anomaly
2024-11-26 20:00:00,1.9319055,Latency Anomaly
2024-11-26 20:05:00,1.9128556,Latency Anomaly
2024-11-26 20:10:00,1.8972523,Latency Anomaly
2024-11-26 20:15:00,1.8962748,Latency Anomaly
2024-11-26 20:20:00,1.8747907,Latency Anomaly
2024-11-26 20:25:00,1.8607625,Latency Anomaly
2024-11-26 20:30:00,1.8477432,Latency Anomaly
2024-11-26 20:35:00,1.8256602,Latency Anomaly
2024-11-26 20:40:00,1.8102556,Latency Anomaly
2024-11-26 20:45:00,1.7959088,Latency Anomaly
2024-11-26 20:50:00,1.7764444,Latency Anomaly
2024-11-26 20:55:00,1.7563065,Latency Anomaly
2024-11-26 21:00:00,1.7337252,Latency Anomaly
2024-11-26 21:05:00,1.7127882,Latency Anomaly
2024-11-26 21:10:00,1.6953964,Latency Anomaly
2024-11-26 21:15:00,1.6760796,Latency Anomaly
2024-11-26 21:20:00,1.6619002,Latency Anomaly
2024-11-26 21:25:00,1.6486684,Latency Anomaly
2024-11-26 21:30:00,1.6346948,Latency Anomaly
2024-11-26 21:35:00,1.6230818,Latency Anomaly
2024-11-26 21:40:00,1.5993966,Latency Anomaly
2024-11-26 21:45:00,1.5886717,Latency Anomaly
2024-11-26 21:50:00,1.5802186,Latency Anomaly
2024-11-26 21:55:00,1.5670788,Latency Anomaly
2024-11-26 22:00:00,1.558549,Latency Anomaly
2024-11-26 22:05:00,1.5442193,Latency Anomaly
2024-11-26 22:10:00,1.5432477,Latency Anomaly
2024-11-26 22:15:00,1.5312061,Latency Anomaly
2024-11-26 22:20:00,1.5166961,Latency Anomaly
2024-11-26 22:25:00,1.5010568,Latency Anomaly
2024-11-26 22:30:00,1.4995052,Latency Anomaly
2024-11-26 22:35:00,1.4845241,Latency Anomaly
2024-11-26 22:40:00,1.4811888,Latency Anomaly
2024-11-26 22:45:00,1.4696782,Latency Anomaly
2024-11-26 22:50:00,1.4647614,Latency Anomaly
2024-11-26 22:55:00,1.4548333,Latency Anomaly
2024-11-26 23:00:00,1.4449915,Latency Anomaly
2024-11-26 23:05:00,1.4446338,Latency Anomaly
2024-11-26 23:10:00,1.4390441,Latency Anomaly
2024-11-26 23:15:00,1.4291719,Latency Anomaly
2024-11-26 23:20:00,1.4354964,Latency Anomaly
2024-11-26 23:25:00,1.4262366,Latency Anomaly
2024-11-26 23:30:00,1.4272064,Latency Anomaly
2024-11-26 23:35:00,1.4199175,Latency Anomaly
2024-11-26 23:40:00,1.4179463,Latency Anomaly
2024-11-27 00:00:00,1.3755958,Latency Anomaly
2024-11-27 00:10:00,1.3853723,Latency Anomaly
2024-11-27 00:15:00,1.4217639,Latency Anomaly
2024-11-27 00:20:00,1.4249927,Latency Anomaly
2024-11-27 00:25:00,1.4285493,Latency Anomaly
2024-11-27 00:30:00,1.4413029,Latency Anomaly
2024-11-27 00:35:00,1.4619876,Latency Anomaly
2024-11-27 00:40:00,1.459534,Latency Anomaly
2024-11-27 00:45:00,1.4824417,Latency Anomaly
2024-11-27 00:50:00,1.4879777,Latency Anomaly
2024-11-27 00:55:00,1.484369,Latency Anomaly
2024-11-27 01:00:00,1.5172474,Latency Anomaly
2024-11-27 01:05:00,1.5557534,Latency Anomaly
2024-11-27 01:10:00,1.5791731,Latency Anomaly
2024-11-27 01:15:00,1.5999938,Latency Anomaly
2024-11-27 01:25:00,1.6142018,Latency Anomaly
2024-11-27 01:30:00,1.6199712,Latency Anomaly
2024-11-27 01:35:00,1.6304191,Latency Anomaly
2024-11-27 01:40:00,1.6391696,Latency Anomaly
2024-11-27 01:45:00,1.6961819,Latency Anomaly
2024-11-27 01:50:00,1.7016506,Latency Anomaly
2024-11-27 01:55:00,1.7165233,Latency Anomaly
2024-11-27 02:00:00,1.7491221,Latency Anomaly
2024-11-27 02:05:00,1.7767633,Latency Anomaly
2024-11-27 02:10:00,1.7968699,Latency Anomaly
2024-11-27 02:15:00,1.8042036,Latency Anomaly
2024-11-27 02:20:00,1.821039,Latency Anomaly
2024-11-27 02:25:00,1.8495435,Latency Anomaly
2024-11-27 02:30:00,1.865916,Latency Anomaly
2024-11-27 02:35:00,1.9063674,Latency Anomaly
2024-11-27 02:40:00,1.9267399,Latency Anomaly
2024-11-27 02:45:00,1.9435807,Latency Anomaly
2024-11-27 02:50:00,1.9749107,Latency Anomaly
2024-11-27 02:55:00,1.9961743,Latency Anomaly
2024-11-27 03:00:00,2.0084271,Latency Anomaly
2024-11-27 03:05:00,2.0273168,Latency Anomaly
2024-11-27 03:10:00,2.0525467,Latency Anomaly
2024-11-27 03:15:00,2.085621,Latency Anomaly
2024-11-27 03:20:00,2.1015923,Latency Anomaly
2024-11-27 03:25:00,2.1144137,Latency Anomaly
2024-11-27 03:30:00,2.1198113,Latency Anomaly
2024-11-27 03:35:00,2.1283343,Latency Anomaly
2024-11-27 03:40:00,2.1907084,Latency Anomaly
2024-11-27 03:45:00,2.1913683,Latency Anomaly
2024-11-27 03:50:00,2.1907394,Latency Anomaly
2024-11-27 03:55:00,2.2030113,Latency Anomaly
2024-11-27 04:00:00,2.222165,Latency Anomaly
2024-11-27 04:05:00,2.236251,Latency Anomaly
2024-11-27 04:10:00,2.2386951,Latency Anomaly
2024-11-27 04:15:00,2.2437007,Latency Anomaly
2024-11-27 04:20:00,2.2538164,Latency Anomaly
2024-11-27 04:25:00,2.2615092,Latency Anomaly
2024-11-27 04:30:00,2.2674532,Latency Anomaly
2024-11-27 04:35:00,2.3029912,Latency Anomaly
2024-11-27 04:40:00,2.29663,Latency Anomaly
2024-11-27 04:45:00,2.3135653,Latency Anomaly
2024-11-27 04:50:00,2.3157735,Latency Anomaly
2024-11-27 04:55:00,2.323056,Latency Anomaly
2024-11-27 05:00:00,2.342775,Latency Anomaly
2024-11-27 05:05:00,2.3459306,Latency Anomaly
2024-11-27 05:10:00,2.3412316,Latency Anomaly
2024-11-27 05:15:00,2.353524,Latency Anomaly
2024-11-27 05:20:00,2.3496804,Latency Anomaly
2024-11-27 05:25:00,2.3463655,Latency Anomaly
2024-11-27 05:30:00,2.3413682,Latency Anomaly
2024-11-27 05:35:00,2.344778,Latency Anomaly
2024-11-27 05:40:00,2.3410356,Latency Anomaly
2024-11-27 05:45:00,2.3471591,Latency Anomaly
2024-11-27 05:50:00,2.351825,Latency Anomaly
2024-11-27 05:55:00,2.372793,Latency Anomaly
2024-11-27 06:00:00,2.3688958,Latency Anomaly
2024-11-27 06:05:00,2.3611836,Latency Anomaly
2024-11-27 06:10:00,2.3522658,Latency Anomaly
2024-11-27 06:15:00,2.3131893,Latency Anomaly
2024-11-27 06:20:00,2.303509,Latency Anomaly
2024-11-27 06:25:00,2.298658,Latency Anomaly
2024-11-27 06:30:00,2.2824888,Latency Anomaly
2024-11-27 06:35:00,2.249848,Latency Anomaly
2024-11-27 06:40:00,2.2427502,Latency Anomaly
2024-11-27 06:45:00,2.2179403,Latency Anomaly
2024-11-27 06:50:00,2.2107284,Latency Anomaly
2024-11-27 06:55:00,2.2154136,Latency Anomaly
2024-11-27 07:00:00,2.1841161,Latency Anomaly
2024-11-27 07:05:00,2.147486,Latency Anomaly
2024-11-27 07:10:00,2.1251562,Latency Anomaly
2024-11-27 07:15:00,2.1062396,Latency Anomaly
2024-11-27 07:20:00,2.094925,Latency Anomaly
2024-11-27 07:25:00,2.0825987,Latency Anomaly
2024-11-27 07:30:00,2.0790126,Latency Anomaly
2024-11-27 07:35:00,2.0586615,Latency Anomaly
2024-11-27 07:40:00,2.0505662,Latency Anomaly
2024-11-27 07:45:00,1.9827452,Latency Anomaly
2024-11-27 07:50:00,1.9726535,Latency Anomaly
2024-11-27 07:55:00,1.9598758,Latency Anomaly
2024-11-27 08:00:00,1.9268184,Latency Anomaly
2024-11-27 08:05:00,1.9039427,Latency Anomaly
2024-11-27 08:10:00,1.8857154,Latency Anomaly
2024-11-27 08:15:00,1.8638892,Latency Anomaly
2024-11-27 08:20:00,1.8585596,Latency Anomaly
2024-11-27 08:25:00,1.8365669,Latency Anomaly
2024-11-27 08:30:00,1.8202143,Latency Anomaly
2024-11-27 08:35:00,1.7787979,Latency Anomaly
2024-11-27 08:40:00,1.754107,Latency Anomaly
2024-11-27 08:45:00,1.7355523,Latency Anomaly
2024-11-27 08:50:00,1.70172,Latency Anomaly
2024-11-27 08:55:00,1.6837869,Latency Anomaly
2024-11-27 09:00:00,1.6724938,Latency Anomaly
2024-11-27 09:05:00,1.6599292,Latency Anomaly
2024-11-27 09:10:00,1.6390798,Latency Anomaly
2024-11-27 09:15:00,1.6140555,Latency Anomaly
2024-11-27 09:20:00,1.6005279,Latency Anomaly
2024-11-27 09:25:00,1.5860393,Latency Anomaly
2024-11-27 09:30:00,1.5813383,Latency Anomaly
2024-11-27 09:35:00,1.5746236,Latency Anomaly
2024-11-27 09:40:00,1.5207093,Latency Anomaly
2024-11-27 09:45:00,1.5132197,Latency Anomaly
2024-11-27 09:50:00,1.506669,Latency Anomaly
2024-11-27 09:55:00,1.5185633,Latency Anomaly
2024-11-27 10:00:00,1.5033352,Latency Anomaly
2024-11-27 10:05:00,1.4959948,Latency Anomaly
2024-11-27 10:10:00,1.4848682,Latency Anomaly
2024-11-27 10:15:00,1.4794627,Latency Anomaly
2024-11-27 10:20:00,1.4722582,Latency Anomaly
2024-11-27 10:25:00,1.4651942,Latency Anomaly
2024-11-27 10:30:00,1.4587878,Latency Anomaly
2024-11-27 10:35:00,1.4265002,Latency Anomaly
2024-11-27 10:40:00,1.4215589,Latency Anomaly
2024-11-27 10:45:00,1.4053248,Latency Anomaly
2024-11-27 10:50:00,1.3980502,Latency Anomaly
2024-11-27 10:55:00,1.3922905,Latency Anomaly
2024-11-27 11:00:00,1.3805225,Latency Anomaly
2024-11-27 11:05:00,1.3770192,Latency Anomaly
2024-11-27 11:10:00,1.3876926,Latency Anomaly
2024-11-27 11:15:00,1.3849115,Latency Anomaly
2024-11-27 11:20:00,1.3842647,Latency Anomaly
2024-11-27 11:25:00,1.3933959,Latency Anomaly
2024-11-27 11:30:00,1.3992662,Latency Anomaly
2024-11-27 11:35:00,1.4018843,Latency Anomaly
2024-11-27 11:40:00,1.4035568,Latency Anomaly
2024-11-27 11:45:00,1.4009836,Latency Anomaly
2024-11-27 11:50:00,1.405136,Latency Anomaly
2024-11-27 11:55:00,1.3889686,Latency Anomaly
2024-11-27 12:00:00,1.3996938,Latency Anomaly
2024-11-27 12:05:00,1.4177411,Latency Anomaly
2024-11-27 12:10:00,1.4265444,Latency Anomaly
2024-11-27 12:15:00,1.4414989,Latency Anomaly
2024-11-27 12:20:00,1.457277,Latency Anomaly
2024-11-27 12:25:00,1.4626851,Latency Anomaly
2024-11-27 12:30:00,1.4788585,Latency Anomaly
2024-11-27 12:35:00,1.4904237,Latency Anomaly
2024-11-27 12:40:00,1.511711,Latency Anomaly
2024-11-27 12:45:00,1.5226269,Latency Anomaly
2024-11-27 12:50:00,1.5430176,Latency Anomaly
2024-11-27 12:55:00,1.5489295,Latency Anomaly
2024-11-27 13:20:00,1.6129493,Latency Anomaly
2024-11-27 13:25:00,1.6275107,Latency Anomaly
2024-11-27 13:30:00,1.6418058,Latency Anomaly
2024-11-27 13:35:00,1.6593688,Latency Anomaly
2024-11-27 13:40:00,1.6721016,Latency Anomaly
2024-11-27 13:45:00,1.6902512,Latency Anomaly
2024-11-27 13:50:00,1.7071844,Latency Anomaly
2024-11-27 13:55:00,1.7222987,Latency Anomaly
2024-11-27 14:00:00,1.735783,Latency Anomaly
2024-11-27 14:05:00,1.7599502,Latency Anomaly
2024-11-27 14:10:00,1.7755414,Latency Anomaly
2024-11-27 14:15:00,1.8011616,Latency Anomaly
2024-11-27 14:20:00,1.8162583,Latency Anomaly
2024-11-27 14:25:00,1.8316526,Latency Anomaly
2024-11-27 14:30:00,1.851843,Latency Anomaly
2024-11-27 14:35:00,1.8742948,Latency Anomaly
2024-11-27 14:40:00,1.8988904,Latency Anomaly
2024-11-27 14:45:00,1.917303,Latency Anomaly
2024-11-27 14:50:00,1.9331076,Latency Anomaly
2024-11-27 14:55:00,1.9438895,Latency Anomaly
2024-11-27 15:00:00,1.9562017,Latency Anomaly
2024-11-27 15:05:00,1.9676707,Latency Anomaly
2024-11-27 15:10:00,1.9801134,Latency Anomaly
2024-11-27 15:15:00,1.9961226,Latency Anomaly
2024-11-27 15:20:00,2.0049596,Latency Anomaly
2024-11-27 15:25:00,2.020554,Latency Anomaly
2024-11-27 15:30:00,2.0357153,Latency Anomaly
2024-11-27 15:35:00,2.0556576,Latency Anomaly
2024-11-27 15:40:00,2.068057,Latency Anomaly
2024-11-27 15:45:00,2.0850132,Latency Anomaly
2024-11-27 15:50:00,2.096346,Latency Anomaly
2024-11-27 15:55:00,2.0899067,Latency Anomaly
2024-11-27 16:00:00,2.0996246,Latency Anomaly
2024-11-27 16:05:00,2.1046116,Latency Anomaly
2024-11-27 16:10:00,2.1094594,Latency Anomaly
2024-11-27 16:15:00,2.1224566,Latency Anomaly
2024-11-27 16:20:00,2.129387,Latency Anomaly
2024-11-27 16:25:00,2.13991,Latency Anomaly
2024-11-27 16:30:00,2.1474533,Latency Anomaly
2024-11-27 16:35:00,2.1647117,Latency Anomaly
2024-11-27 16:40:00,2.1751719,Latency Anomaly
2024-11-27 16:45:00,2.1770751,Latency Anomaly
2024-11-27 16:50:00,2.192626,Latency Anomaly
2024-11-27 16:55:00,2.2010925,Latency Anomaly
2024-11-27 17:00:00,2.2045121,Latency Anomaly
2024-11-27 17:05:00,2.207878,Latency Anomaly
2024-11-27 17:10:00,2.2085176,Latency Anomaly
2024-11-27 17:15:00,2.2035003,Latency Anomaly
2024-11-27 17:20:00,2.1982512,Latency Anomaly
2024-11-27 17:25:00,2.1925373,Latency Anomaly
2024-11-27 17:30:00,2.197337,Latency Anomaly
2024-11-27 17:35:00,2.196571,Latency Anomaly
2024-11-27 17:40:00,2.1973808,Latency Anomaly
2024-11-27 17:45:00,2.1916912,Latency Anomaly
2024-11-27 17:50:00,2.192684,Latency Anomaly
2024-11-27 17:55:00,2.1920147,Latency Anomaly
2024-11-27 18:00:00,2.1881156,Latency Anomaly
2024-11-27 18:05:00,2.1780922,Latency Anomaly
2024-11-27 18:10:00,2.166736,Latency Anomaly
2024-11-27 18:15:00,2.1658819,Latency Anomaly
2024-11-27 18:20:00,2.156996,Latency Anomaly
2024-11-27 18:25:00,2.1526365,Latency Anomaly
2024-11-27 18:30:00,2.142193,Latency Anomaly
2024-11-27 18:35:00,2.1366198,Latency Anomaly
2024-11-27 18:40:00,2.121855,Latency Anomaly
2024-11-27 18:45:00,2.118784,Latency Anomaly
2024-11-27 18:50:00,2.101181,Latency Anomaly
2024-11-27 18:55:00,2.0893655,Latency Anomaly
2024-11-27 19:00:00,2.0749733,Latency Anomaly
2024-11-27 19:05:00,2.0606837,Latency Anomaly
2024-11-27 19:10:00,2.0526257,Latency Anomaly
2024-11-27 19:15:00,2.0401406,Latency Anomaly
2024-11-27 19:20:00,2.0319471,Latency Anomaly
2024-11-27 19:25:00,2.0219405,Latency Anomaly
2024-11-27 19:30:00,2.0035841,Latency Anomaly
2024-11-27 19:35:00,1.9931715,Latency Anomaly
2024-11-27 19:40:00,1.9917384,Latency Anomaly
2024-11-27 19:45:00,1.9773811,Latency Anomaly
2024-11-27 19:50:00,1.9650382,Latency Anomaly
2024-11-27 19:55:00,1.9531611,Latency Anomaly
2024-11-27 20:00:00,1.9363694,Latency Anomaly
2024-11-27 20:05:00,1.9127548,Latency Anomaly
2024-11-27 20:10:00,1.9017208,Latency Anomaly
2024-11-27 20:15:00,1.8934981,Latency Anomaly
2024-11-27 20:20:00,1.8806236,Latency Anomaly
2024-11-27 20:25:00,1.8549834,Latency Anomaly
2024-11-27 20:30:00,1.8340855,Latency Anomaly
2024-11-27 20:35:00,1.8129458,Latency Anomaly
2024-11-27 20:40:00,1.7968799,Latency Anomaly
2024-11-27 20:45:00,1.7725533,Latency Anomaly
2024-11-27 20:50:00,1.758575,Latency Anomaly
2024-11-27 20:55:00,1.74417,Latency Anomaly
2024-11-27 21:00:00,1.7289639,Latency Anomaly
2024-11-27 21:05:00,1.7106215,Latency Anomaly
2024-11-27 21:10:00,1.6998625,Latency Anomaly
2024-11-27 21:15:00,1.6880122,Latency Anomaly
2024-11-27 21:20:00,1.6761235,Latency Anomaly
2024-11-27 21:25:00,1.6618465,Latency Anomaly
2024-11-27 21:30:00,1.6475118,Latency Anomaly
2024-11-27 21:35:00,1.6294757,Latency Anomaly
2024-11-27 21:40:00,1.6175773,Latency Anomaly
2024-11-27 21:45:00,1.6002877,Latency Anomaly
2024-11-27 21:50:00,1.58942,Latency Anomaly
2024-11-27 21:55:00,1.5701028,Latency Anomaly
2024-11-27 22:00:00,1.5523524,Latency Anomaly
2024-11-27 22:05:00,1.5448813,Latency Anomaly
2024-11-27 22:10:00,1.5330607,Latency Anomaly
2024-11-27 22:15:00,1.5269431,Latency Anomaly
2024-11-27 22:20:00,1.5118258,Latency Anomaly
2024-11-27 22:25:00,1.4967786,Latency Anomaly
2024-11-27 22:30:00,1.4820406,Latency Anomaly
2024-11-27 22:35:00,1.4709142,Latency Anomaly
2024-11-27 22:40:00,1.4615223,Latency Anomaly
2024-11-27 22:45:00,1.4523603,Latency Anomaly
2024-11-27 22:50:00,1.4351003,Latency Anomaly
2024-11-27 22:55:00,1.4226167,Latency Anomaly
2024-11-27 23:00:00,1.4212536,Latency Anomaly
2024-11-27 23:05:00,1.4182384,Latency Anomaly
2024-11-27 23:10:00,1.4229803,Latency Anomaly
2024-11-27 23:15:00,1.4362665,Latency Anomaly
2024-11-27 23:20:00,1.4370822,Latency Anomaly
2024-11-27 23:25:00,1.4456047,Latency Anomaly
2024-11-27 23:30:00,1.4505799,Latency Anomaly
2024-11-27 23:35:00,1.4532878,Latency Anomaly
2024-11-27 23:40:00,1.472722,Latency Anomaly
2024-11-27 23:45:00,1.4808952,Latency Anomaly
2024-11-27 23:50:00,1.4735388,Latency Anomaly
2024-11-27 23:55:00,1.480612,Latency Anomaly
2024-11-28 00:00:00,1.4818926,Latency Anomaly
2024-11-28 00:05:00,1.4865378,Latency Anomaly
2024-11-28 00:10:00,1.5054586,Latency Anomaly
2024-11-28 00:15:00,1.5099235,Latency Anomaly
2024-11-28 00:20:00,1.5014476,Latency Anomaly
2024-11-28 00:25:00,1.4994174,Latency Anomaly
2024-11-28 00:30:00,1.5034201,Latency Anomaly
2024-11-28 00:35:00,1.5006261,Latency Anomaly
2024-11-28 00:40:00,1.5226214,Latency Anomaly
2024-11-28 00:45:00,1.5227487,Latency Anomaly
2024-11-28 00:50:00,1.5281855,Latency Anomaly
2024-11-28 00:55:00,1.5292158,Latency Anomaly
2024-11-28 01:00:00,1.5431757,Latency Anomaly
2024-11-28 01:05:00,1.5635685,Latency Anomaly
2024-11-28 01:10:00,1.587493,Latency Anomaly
2024-11-28 01:15:00,1.6037186,Latency Anomaly
2024-11-28 01:20:00,1.6224368,Latency Anomaly
2024-11-28 01:25:00,1.6379943,Latency Anomaly
2024-11-28 01:30:00,1.6642867,Latency Anomaly
2024-11-28 01:35:00,1.671294,Latency Anomaly
2024-11-28 01:40:00,1.6672592,Latency Anomaly
2024-11-28 01:45:00,1.7094297,Latency Anomaly
2024-11-28 01:50:00,1.7241175,Latency Anomaly
2024-11-28 01:55:00,1.734169,Latency Anomaly
2024-11-28 02:00:00,1.7542322,Latency Anomaly
2024-11-28 02:05:00,1.8180822,Latency Anomaly
2024-11-28 02:10:00,1.8524663,Latency Anomaly
2024-11-28 02:15:00,1.888661,Latency Anomaly
2024-11-28 02:20:00,1.8842691,Latency Anomaly
2024-11-28 02:25:00,1.913536,Latency Anomaly
2024-11-28 02:30:00,1.9286393,Latency Anomaly
2024-11-28 02:35:00,1.954058,Latency Anomaly
2024-11-28 02:40:00,1.9749918,Latency Anomaly
2024-11-28 02:45:00,2.0590086,Latency Anomaly
2024-11-28 02:50:00,2.0930812,Latency Anomaly
2024-11-28 02:55:00,2.1284723,Latency Anomaly
2024-11-28 03:00:00,2.1627717,Latency Anomaly
2024-11-28 03:05:00,2.2085676,Latency Anomaly
2024-11-28 03:10:00,2.2192633,Latency Anomaly
2024-11-28 03:15:00,2.2232282,Latency Anomaly
2024-11-28 03:20:00,2.2448132,Latency Anomaly
2024-11-28 03:25:00,2.2798893,Latency Anomaly
2024-11-28 03:30:00,2.3616982,Latency Anomaly
2024-11-28 03:35:00,2.375546,Latency Anomaly
2024-11-28 03:40:00,2.3825,Latency Anomaly
2024-11-28 03:45:00,2.4155462,Latency Anomaly
2024-11-28 03:50:00,2.421783,Latency Anomaly
2024-11-28 03:55:00,2.4593172,Latency Anomaly
2024-11-28 04:00:00,2.4793968,Latency Anomaly
2024-11-28 04:05:00,2.4956584,Latency Anomaly
2024-11-28 04:10:00,2.504233,Latency Anomaly
2024-11-28 04:15:00,2.502225,Latency Anomaly
2024-11-28 04:20:00,2.5366175,Latency Anomaly
2024-11-28 04:25:00,2.5459628,Latency Anomaly
2024-11-28 04:30:00,2.5526059,Latency Anomaly
2024-11-28 04:35:00,2.5528722,Latency Anomaly
2024-11-28 04:40:00,2.572025,Latency Anomaly
2024-11-28 04:45:00,2.601877,Latency Anomaly
2024-11-28 04:50:00,2.6142037,Latency Anomaly
2024-11-28 04:55:00,2.6218252,Latency Anomaly
2024-11-28 05:00:00,2.615693,Latency Anomaly
2024-11-28 05:05:00,2.612177,Latency Anomaly
2024-11-28 05:10:00,2.6099112,Latency Anomaly
2024-11-28 05:15:00,2.596598,Latency Anomaly
2024-11-28 05:20:00,2.5906143,Latency Anomaly
2024-11-28 05:25:00,2.5789258,Latency Anomaly
2024-11-28 05:30:00,2.5624797,Latency Anomaly
2024-11-28 05:35:00,2.567137,Latency Anomaly
2024-11-28 05:40:00,2.5622637,Latency Anomaly
2024-11-28 05:45:00,2.5536551,Latency Anomaly
2024-11-28 05:50:00,2.5721161,Latency Anomaly
2024-11-28 05:55:00,2.5655692,Latency Anomaly
2024-11-28 06:00:00,2.5535998,Latency Anomaly
2024-11-28 06:05:00,2.539044,Latency Anomaly
2024-11-28 06:10:00,2.5362039,Latency Anomaly
2024-11-28 06:15:00,2.517983,Latency Anomaly
2024-11-28 06:20:00,2.5297258,Latency Anomaly
2024-11-28 06:25:00,2.529031,Latency Anomaly
2024-11-28 06:30:00,2.5210316,Latency Anomaly
2024-11-28 06:35:00,2.5225298,Latency Anomaly
2024-11-28 06:40:00,2.500767,Latency Anomaly
2024-11-28 06:45:00,2.4894228,Latency Anomaly
2024-11-28 06:50:00,2.4807494,Latency Anomaly
2024-11-28 06:55:00,2.4762805,Latency Anomaly
2024-11-28 07:00:00,2.4587412,Latency Anomaly
2024-11-28 07:05:00,2.4370415,Latency Anomaly
2024-11-28 07:10:00,2.4211452,Latency Anomaly
2024-11-28 07:15:00,2.4031475,Latency Anomaly
2024-11-28 07:20:00,2.3826044,Latency Anomaly
2024-11-28 07:25:00,2.3635652,Latency Anomaly
2024-11-28 07:30:00,2.3374743,Latency Anomaly
2024-11-28 07:35:00,2.3274999,Latency Anomaly
2024-11-28 07:40:00,2.3188791,Latency Anomaly
2024-11-28 07:45:00,2.2742724,Latency Anomaly
2024-11-28 07:50:00,2.2572358,Latency Anomaly
2024-11-28 07:55:00,2.245753,Latency Anomaly
2024-11-28 08:00:00,2.2237701,Latency Anomaly
2024-11-28 08:05:00,2.1574554,Latency Anomaly
2024-11-28 08:10:00,2.1276495,Latency Anomaly
2024-11-28 08:15:00,2.0759764,Latency Anomaly
2024-11-28 08:20:00,2.07062,Latency Anomaly
2024-11-28 08:25:00,2.0479248,Latency Anomaly
2024-11-28 08:30:00,2.0326755,Latency Anomaly
2024-11-28 08:35:00,2.0114381,Latency Anomaly
2024-11-28 08:40:00,1.986288,Latency Anomaly
2024-11-28 08:45:00,1.9060998,Latency Anomaly
2024-11-28 08:50:00,1.8679519,Latency Anomaly
2024-11-28 08:55:00,1.839383,Latency Anomaly
2024-11-28 09:00:00,1.8077972,Latency Anomaly
2024-11-28 09:05:00,1.7631849,Latency Anomaly
2024-11-28 09:10:00,1.7485331,Latency Anomaly
2024-11-28 09:15:00,1.7373459,Latency Anomaly
2024-11-28 09:20:00,1.7203664,Latency Anomaly
2024-11-28 09:25:00,1.6871097,Latency Anomaly
2024-11-28 09:30:00,1.6034276,Latency Anomaly
2024-11-28 09:35:00,1.5925585,Latency Anomaly
2024-11-28 09:40:00,1.5841366,Latency Anomaly
2024-11-28 09:45:00,1.5540453,Latency Anomaly
2024-11-28 09:50:00,1.5544908,Latency Anomaly
2024-11-28 09:55:00,1.5270677,Latency Anomaly
2024-11-28 10:00:00,1.5213034,Latency Anomaly
2024-11-28 10:05:00,1.5077547,Latency Anomaly
2024-11-28 10:10:00,1.5071005,Latency Anomaly
2024-11-28 10:15:00,1.5049489,Latency Anomaly
2024-11-28 10:20:00,1.4799026,Latency Anomaly
2024-11-28 10:25:00,1.4854201,Latency Anomaly
2024-11-28 10:30:00,1.4868681,Latency Anomaly
2024-11-28 10:35:00,1.4839739,Latency Anomaly
2024-11-28 10:40:00,1.4607357,Latency Anomaly
2024-11-28 10:45:00,1.4389244,Latency Anomaly
2024-11-28 10:50:00,1.439654,Latency Anomaly
2024-11-28 10:55:00,1.4366102,Latency Anomaly
2024-11-28 11:00:00,1.440654,Latency Anomaly
2024-11-28 11:05:00,1.4460422,Latency Anomaly
2024-11-28 11:10:00,1.4477305,Latency Anomaly
2024-11-28 11:15:00,1.4538143,Latency Anomaly
2024-11-28 11:20:00,1.4722348,Latency Anomaly
2024-11-28 11:25:00,1.480128,Latency Anomaly
2024-11-28 11:30:00,1.4869914,Latency Anomaly
2024-11-28 11:35:00,1.4809824,Latency Anomaly
2024-11-28 11:40:00,1.4676007,Latency Anomaly
2024-11-28 11:45:00,1.4754934,Latency Anomaly
2024-11-28 11:50:00,1.458148,Latency Anomaly
2024-11-28 11:55:00,1.4556805,Latency Anomaly
2024-11-28 12:00:00,1.4699463,Latency Anomaly
2024-11-28 12:05:00,1.4930075,Latency Anomaly
2024-11-28 12:10:00,1.4901327,Latency Anomaly
2024-11-28 12:15:00,1.5035605,Latency Anomaly
2024-11-28 12:20:00,1.5047334,Latency Anomaly
2024-11-28 12:25:00,1.5140595,Latency Anomaly
2024-11-28 12:30:00,1.5371163,Latency Anomaly
2024-11-28 12:35:00,1.542781,Latency Anomaly
2024-11-28 12:40:00,1.5543773,Latency Anomaly
2024-11-28 12:45:00,1.5729645,Latency Anomaly
2024-11-28 12:50:00,1.5915478,Latency Anomaly
2024-11-28 12:55:00,1.6058152,Latency Anomaly
2024-11-28 13:00:00,1.6266847,Latency Anomaly
2024-11-28 13:05:00,1.6479188,Latency Anomaly
2024-11-28 13:10:00,1.6533016,Latency Anomaly
2024-11-28 13:15:00,1.6707445,Latency Anomaly
2024-11-28 13:20:00,1.6826085,Latency Anomaly
2024-11-28 13:25:00,1.6936191,Latency Anomaly
2024-11-28 13:30:00,1.7099177,Latency Anomaly
2024-11-28 13:35:00,1.7275877,Latency Anomaly
2024-11-28 13:40:00,1.7500501,Latency Anomaly
2024-11-28 13:45:00,1.7775841,Latency Anomaly
2024-11-28 13:50:00,1.7995805,Latency Anomaly
2024-11-28 13:55:00,1.8113266,Latency Anomaly
2024-11-28 14:00:00,1.8299527,Latency Anomaly
2024-11-28 14:05:00,1.8450946,Latency Anomaly
2024-11-28 14:10:00,1.8504637,Latency Anomaly
2024-11-28 14:15:00,1.8696653,Latency Anomaly
2024-11-28 14:20:00,1.9056525,Latency Anomaly
2024-11-28 14:25:00,1.9162753,Latency Anomaly
2024-11-28 14:30:00,1.9397341,Latency Anomaly
2024-11-28 14:35:00,1.9467613,Latency Anomaly
2024-11-28 14:40:00,1.9615636,Latency Anomaly
2024-11-28 14:45:00,1.9749281,Latency Anomaly
2024-11-28 14:50:00,1.9891664,Latency Anomaly
2024-11-28 14:55:00,2.0003123,Latency Anomaly
2024-11-28 15:00:00,2.014832,Latency Anomaly
2024-11-28 15:05:00,2.0272222,Latency Anomaly
2024-11-28 15:10:00,2.0450168,Latency Anomaly
2024-11-28 15:15:00,2.0606654,Latency Anomaly
2024-11-28 15:20:00,2.0789812,Latency Anomaly
2024-11-28 15:25:00,2.0931106,Latency Anomaly
2024-11-28 15:30:00,2.1077619,Latency Anomaly
2024-11-28 15:35:00,2.1186364,Latency Anomaly
2024-11-28 15:40:00,2.1356215,Latency Anomaly
2024-11-28 15:45:00,2.146153,Latency Anomaly
2024-11-28 15:50:00,2.1545856,Latency Anomaly
2024-11-28 15:55:00,2.1610053,Latency Anomaly
2024-11-28 16:00:00,2.1596034,Latency Anomaly
2024-11-28 16:05:00,2.165567,Latency Anomaly
2024-11-28 16:10:00,2.1702764,Latency Anomaly
2024-11-28 16:15:00,2.1751149,Latency Anomaly
2024-11-28 16:20:00,2.1850739,Latency Anomaly
2024-11-28 16:25:00,2.1939993,Latency Anomaly
2024-11-28 16:30:00,2.2055686,Latency Anomaly
2024-11-28 16:35:00,2.2161047,Latency Anomaly
2024-11-28 16:40:00,2.2252257,Latency Anomaly
2024-11-28 16:45:00,2.2249284,Latency Anomaly
2024-11-28 16:50:00,2.2280185,Latency Anomaly
2024-11-28 16:55:00,2.2345843,Latency Anomaly
2024-11-28 17:00:00,2.2446606,Latency Anomaly
2024-11-28 17:05:00,2.2505834,Latency Anomaly
2024-11-28 17:10:00,2.2507007,Latency Anomaly
2024-11-28 17:15:00,2.2485344,Latency Anomaly
2024-11-28 17:20:00,2.2415543,Latency Anomaly
2024-11-28 17:25:00,2.240227,Latency Anomaly
2024-11-28 17:30:00,2.2411819,Latency Anomaly
2024-11-28 17:35:00,2.2395942,Latency Anomaly
2024-11-28 17:40:00,2.242767,Latency Anomaly
2024-11-28 17:45:00,2.2429795,Latency Anomaly
2024-11-28 17:50:00,2.247046,Latency Anomaly
2024-11-28 17:55:00,2.2621143,Latency Anomaly
2024-11-28 18:00:00,2.2622268,Latency Anomaly
2024-11-28 18:05:00,2.2445762,Latency Anomaly
2024-11-28 18:10:00,2.2367935,Latency Anomaly
2024-11-28 18:15:00,2.2299821,Latency Anomaly
2024-11-28 18:20:00,2.223792,Latency Anomaly
2024-11-28 18:25:00,2.2190542,Latency Anomaly
2024-11-28 18:30:00,2.202579,Latency Anomaly
2024-11-28 18:35:00,2.1982262,Latency Anomaly
2024-11-28 18:40:00,2.1858141,Latency Anomaly
2024-11-28 18:45:00,2.1792316,Latency Anomaly
2024-11-28 18:50:00,2.1673696,Latency Anomaly
2024-11-28 18:55:00,2.1556535,Latency Anomaly
2024-11-28 19:00:00,2.136634,Latency Anomaly
2024-11-28 19:05:00,2.1287878,Latency Anomaly
2024-11-28 19:10:00,2.1150668,Latency Anomaly
2024-11-28 19:15:00,2.0978768,Latency Anomaly
2024-11-28 19:20:00,2.0903618,Latency Anomaly
2024-11-28 19:25:00,2.0793202,Latency Anomaly
2024-11-28 19:30:00,2.070802,Latency Anomaly
2024-11-28 19:35:00,2.0602987,Latency Anomaly
2024-11-28 19:40:00,2.0423064,Latency Anomaly
2024-11-28 19:45:00,2.019994,Latency Anomaly
2024-11-28 19:50:00,1.9984369,Latency Anomaly
2024-11-28 19:55:00,1.9852953,Latency Anomaly
2024-11-28 20:00:00,1.9737616,Latency Anomaly
2024-11-28 20:05:00,1.9577025,Latency Anomaly
2024-11-28 20:10:00,1.9432989,Latency Anomaly
2024-11-28 20:15:00,1.9238331,Latency Anomaly
2024-11-28 20:20:00,1.9007041,Latency Anomaly
2024-11-28 20:25:00,1.8856794,Latency Anomaly
2024-11-28 20:30:00,1.869449,Latency Anomaly
2024-11-28 20:35:00,1.8585942,Latency Anomaly
2024-11-28 20:40:00,1.8482922,Latency Anomaly
2024-11-28 20:45:00,1.8431385,Latency Anomaly
2024-11-28 20:50:00,1.8356231,Latency Anomaly
2024-11-28 20:55:00,1.8166187,Latency Anomaly
2024-11-28 21:00:00,1.8039694,Latency Anomaly
2024-11-28 21:05:00,1.8000593,Latency Anomaly
2024-11-28 21:10:00,1.7838987,Latency Anomaly
2024-11-28 21:15:00,1.7753161,Latency Anomaly
2024-11-28 21:20:00,1.7512174,Latency Anomaly
2024-11-28 21:25:00,1.7291512,Latency Anomaly
2024-11-28 21:30:00,1.71238,Latency Anomaly
2024-11-28 21:35:00,1.6987232,Latency Anomaly
2024-11-28 21:40:00,1.6790378,Latency Anomaly
2024-11-28 21:45:00,1.6723748,Latency Anomaly
2024-11-28 21:50:00,1.6612254,Latency Anomaly
2024-11-28 21:55:00,1.6468103,Latency Anomaly
2024-11-28 22:00:00,1.6345594,Latency Anomaly
2024-11-28 22:05:00,1.6227834,Latency Anomaly
2024-11-28 22:10:00,1.6098758,Latency Anomaly
2024-11-28 22:15:00,1.6010689,Latency Anomaly
2024-11-28 22:20:00,1.5915583,Latency Anomaly
2024-11-28 22:25:00,1.5735471,Latency Anomaly
2024-11-28 22:30:00,1.5541577,Latency Anomaly
2024-11-28 22:35:00,1.5433116,Latency Anomaly
2024-11-28 22:40:00,1.5303315,Latency Anomaly
2024-11-28 22:45:00,1.5214618,Latency Anomaly
2024-11-28 22:50:00,1.5009657,Latency Anomaly
2024-11-28 22:55:00,1.4926132,Latency Anomaly
2024-11-28 23:00:00,1.4780596,Latency Anomaly
2024-11-28 23:05:00,1.4720457,Latency Anomaly
2024-11-28 23:10:00,1.4598085,Latency Anomaly
2024-11-28 23:15:00,1.4581133,Latency Anomaly
2024-11-28 23:20:00,1.4480366,Latency Anomaly
2024-11-28 23:25:00,1.4540033,Latency Anomaly
2024-11-28 23:30:00,1.4475586,Latency Anomaly
2024-11-28 23:35:00,1.4441981,Latency Anomaly
2024-11-28 23:40:00,1.4342287,Latency Anomaly
2024-11-28 23:45:00,1.4256582,Latency Anomaly
2024-11-28 23:50:00,1.4262605,Latency Anomaly
2024-11-28 23:55:00,1.415034,Latency Anomaly
2024-11-29 00:00:00,1.4063492,Latency Anomaly
2024-11-29 00:05:00,1.41744,Latency Anomaly
2024-11-29 00:10:00,1.427212,Latency Anomaly
2024-11-29 00:15:00,1.4329082,Latency Anomaly
2024-11-29 00:20:00,1.4363759,Latency Anomaly
2024-11-29 00:25:00,1.4387347,Latency Anomaly
2024-11-29 00:30:00,1.436294,Latency Anomaly
2024-11-29 00:35:00,1.4389313,Latency Anomaly
2024-11-29 00:40:00,1.449243,Latency Anomaly
2024-11-29 00:45:00,1.4480697,Latency Anomaly
2024-11-29 00:50:00,1.454688,Latency Anomaly
2024-11-29 00:55:00,1.4544415,Latency Anomaly
2024-11-29 01:00:00,1.4758208,Latency Anomaly
2024-11-29 01:05:00,1.4799051,Latency Anomaly
2024-11-29 01:10:00,1.5007288,Latency Anomaly
2024-11-29 01:15:00,1.5490572,Latency Anomaly
2024-11-29 01:20:00,1.5649368,Latency Anomaly
2024-11-29 01:25:00,1.5928166,Latency Anomaly
2024-11-29 01:30:00,1.6011742,Latency Anomaly
2024-11-29 01:35:00,1.6092714,Latency Anomaly
2024-11-29 01:40:00,1.6136866,Latency Anomaly
2024-11-29 01:45:00,1.6387844,Latency Anomaly
2024-11-29 01:50:00,1.671616,Latency Anomaly
2024-11-29 01:55:00,1.6832705,Latency Anomaly
2024-11-29 02:00:00,1.6912434,Latency Anomaly
2024-11-29 02:05:00,1.7039326,Latency Anomaly
2024-11-29 02:10:00,1.7409278,Latency Anomaly
2024-11-29 02:15:00,1.7725664,Latency Anomaly
2024-11-29 02:20:00,1.7803562,Latency Anomaly
2024-11-29 02:25:00,1.8035659,Latency Anomaly
2024-11-29 02:30:00,1.8197737,Latency Anomaly
2024-11-29 02:35:00,1.8230428,Latency Anomaly
2024-11-29 02:40:00,1.8407916,Latency Anomaly
2024-11-29 02:45:00,1.8405305,Latency Anomaly
2024-11-29 02:50:00,1.8656275,Latency Anomaly
2024-11-29 02:55:00,1.8852688,Latency Anomaly
2024-11-29 03:00:00,1.9017739,Latency Anomaly
2024-11-29 03:05:00,1.9040285,Latency Anomaly
2024-11-29 03:10:00,1.9105545,Latency Anomaly
2024-11-29 03:15:00,1.9247023,Latency Anomaly
2024-11-29 03:20:00,1.9464809,Latency Anomaly
2024-11-29 03:25:00,1.9818332,Latency Anomaly
2024-11-29 03:30:00,1.9910918,Latency Anomaly
2024-11-29 03:35:00,1.9964272,Latency Anomaly
2024-11-29 03:40:00,2.0133653,Latency Anomaly
2024-11-29 03:45:00,2.0210538,Latency Anomaly
2024-11-29 03:50:00,2.0377288,Latency Anomaly
2024-11-29 03:55:00,2.0474632,Latency Anomaly
2024-11-29 04:00:00,2.0773537,Latency Anomaly
2024-11-29 04:05:00,2.09361,Latency Anomaly
2024-11-29 04:10:00,2.0993714,Latency Anomaly
2024-11-29 04:15:00,2.1038382,Latency Anomaly
2024-11-29 04:20:00,2.1087196,Latency Anomaly
2024-11-29 04:25:00,2.1115654,Latency Anomaly
2024-11-29 04:30:00,2.144432,Latency Anomaly
2024-11-29 04:35:00,2.1550567,Latency Anomaly
2024-11-29 04:40:00,2.1585152,Latency Anomaly
2024-11-29 04:45:00,2.1899595,Latency Anomaly
2024-11-29 04:50:00,2.2073998,Latency Anomaly
2024-11-29 04:55:00,2.2136283,Latency Anomaly
2024-11-29 05:00:00,2.209969,Latency Anomaly
2024-11-29 05:05:00,2.2040122,Latency Anomaly
2024-11-29 05:10:00,2.2083735,Latency Anomaly
2024-11-29 05:15:00,2.209552,Latency Anomaly
2024-11-29 05:20:00,2.2215385,Latency Anomaly
2024-11-29 05:25:00,2.2136784,Latency Anomaly
2024-11-29 05:30:00,2.221883,Latency Anomaly
2024-11-29 05:35:00,2.2189484,Latency Anomaly
2024-11-29 05:40:00,2.223676,Latency Anomaly
2024-11-29 05:45:00,2.2194967,Latency Anomaly
2024-11-29 05:50:00,2.213575,Latency Anomaly
2024-11-29 05:55:00,2.2141552,Latency Anomaly
2024-11-29 06:00:00,2.2398734,Latency Anomaly
2024-11-29 06:05:00,2.2332778,Latency Anomaly
2024-11-29 06:10:00,2.2139742,Latency Anomaly
2024-11-29 06:15:00,2.2043786,Latency Anomaly
2024-11-29 06:20:00,2.1931481,Latency Anomaly
2024-11-29 06:25:00,2.1905081,Latency Anomaly
2024-11-29 06:30:00,2.1872578,Latency Anomaly
2024-11-29 06:35:00,2.175194,Latency Anomaly
2024-11-29 06:40:00,2.1601238,Latency Anomaly
2024-11-29 06:45:00,2.1559098,Latency Anomaly
2024-11-29 06:50:00,2.1401787,Latency Anomaly
2024-11-29 06:55:00,2.1364257,Latency Anomaly
2024-11-29 07:00:00,2.115553,Latency Anomaly
2024-11-29 07:05:00,2.1010919,Latency Anomaly
2024-11-29 07:10:00,2.0706036,Latency Anomaly
2024-11-29 07:15:00,2.0206513,Latency Anomaly
2024-11-29 07:20:00,2.0140827,Latency Anomaly
2024-11-29 07:25:00,1.9800835,Latency Anomaly
2024-11-29 07:30:00,1.9699811,Latency Anomaly
2024-11-29 07:35:00,1.9575663,Latency Anomaly
2024-11-29 07:40:00,1.9533656,Latency Anomaly
2024-11-29 07:45:00,1.9263897,Latency Anomaly
2024-11-29 07:50:00,1.8943542,Latency Anomaly
2024-11-29 07:55:00,1.8816315,Latency Anomaly
2024-11-29 08:00:00,1.8676425,Latency Anomaly
2024-11-29 08:05:00,1.8534343,Latency Anomaly
2024-11-29 08:10:00,1.8156632,Latency Anomaly
2024-11-29 08:15:00,1.7887508,Latency Anomaly
2024-11-29 08:20:00,1.7771659,Latency Anomaly
2024-11-29 08:25:00,1.7548375,Latency Anomaly
2024-11-29 08:30:00,1.7316768,Latency Anomaly
2024-11-29 08:35:00,1.7269195,Latency Anomaly
2024-11-29 08:40:00,1.7074959,Latency Anomaly
2024-11-29 08:45:00,1.6964673,Latency Anomaly
2024-11-29 08:50:00,1.6681074,Latency Anomaly
2024-11-29 08:55:00,1.6503772,Latency Anomaly
2024-11-29 09:00:00,1.6373936,Latency Anomaly
2024-11-29 09:05:00,1.6365023,Latency Anomaly
2024-11-29 09:10:00,1.6337476,Latency Anomaly
2024-11-29 09:15:00,1.6181064,Latency Anomaly
2024-11-29 09:20:00,1.5978185,Latency Anomaly
2024-11-29 09:25:00,1.5719224,Latency Anomaly
2024-11-29 09:30:00,1.567799,Latency Anomaly
2024-11-29 09:35:00,1.5671208,Latency Anomaly
2024-11-29 09:40:00,1.5536673,Latency Anomaly
2024-11-29 09:45:00,1.5375204,Latency Anomaly
2024-11-29 09:50:00,1.516665,Latency Anomaly
2024-11-29 09:55:00,1.5054238,Latency Anomaly
2024-11-29 10:00:00,1.4926645,Latency Anomaly
2024-11-29 10:05:00,1.4820707,Latency Anomaly
2024-11-29 10:10:00,1.4830878,Latency Anomaly
2024-11-29 10:15:00,1.481478,Latency Anomaly
2024-11-29 10:20:00,1.4764397,Latency Anomaly
2024-11-29 10:25:00,1.4747907,Latency Anomaly
2024-11-29 10:30:00,1.4424523,Latency Anomaly
2024-11-29 10:35:00,1.4321319,Latency Anomaly
2024-11-29 10:40:00,1.4325302,Latency Anomaly
2024-11-29 10:45:00,1.4108157,Latency Anomaly
2024-11-29 10:50:00,1.4025539,Latency Anomaly
2024-11-29 10:55:00,1.3980342,Latency Anomaly
2024-11-29 11:00:00,1.4151064,Latency Anomaly
2024-11-29 11:05:00,1.4212663,Latency Anomaly
2024-11-29 11:10:00,1.4355929,Latency Anomaly
2024-11-29 11:15:00,1.4433938,Latency Anomaly
2024-11-29 11:20:00,1.4387336,Latency Anomaly
2024-11-29 11:25:00,1.4433005,Latency Anomaly
2024-11-29 11:30:00,1.441417,Latency Anomaly
2024-11-29 11:35:00,1.4567869,Latency Anomaly
2024-11-29 11:40:00,1.4605942,Latency Anomaly
2024-11-29 11:45:00,1.4676225,Latency Anomaly
2024-11-29 11:50:00,1.4751537,Latency Anomaly
2024-11-29 11:55:00,1.4674101,Latency Anomaly
2024-11-29 12:00:00,1.4541849,Latency Anomaly
2024-11-29 12:05:00,1.4630381,Latency Anomaly
2024-11-29 12:10:00,1.4828203,Latency Anomaly
2024-11-29 12:15:00,1.4946786,Latency Anomaly
2024-11-29 12:20:00,1.5081984,Latency Anomaly
2024-11-29 12:25:00,1.5135076,Latency Anomaly
2024-11-29 12:30:00,1.5196398,Latency Anomaly
2024-11-29 12:35:00,1.5373244,Latency Anomaly
2024-11-29 12:40:00,1.5491459,Latency Anomaly
2024-11-29 12:45:00,1.5622823,Latency Anomaly
2024-11-29 12:50:00,1.5853064,Latency Anomaly
2024-11-29 12:55:00,1.5981005,Latency Anomaly
2024-11-29 13:00:00,1.615121,Latency Anomaly
2024-11-29 13:05:00,1.6274947,Latency Anomaly
2024-11-29 13:10:00,1.650857,Latency Anomaly
2024-11-29 13:15:00,1.6622128,Latency Anomaly
2024-11-29 13:20:00,1.6579076,Latency Anomaly
2024-11-29 13:25:00,1.6771843,Latency Anomaly
2024-11-29 13:30:00,1.7003088,Latency Anomaly
2024-11-29 13:35:00,1.7150713,Latency Anomaly
2024-11-29 13:40:00,1.73022,Latency Anomaly
2024-11-29 13:45:00,1.7442057,Latency Anomaly
2024-11-29 13:50:00,1.7633182,Latency Anomaly
2024-11-29 13:55:00,1.7821382,Latency Anomaly
2024-11-29 14:00:00,1.8007795,Latency Anomaly
2024-11-29 14:05:00,1.82751,Latency Anomaly
2024-11-29 14:10:00,1.8498534,Latency Anomaly
2024-11-29 14:15:00,1.8708808,Latency Anomaly
2024-11-29 14:20:00,1.8840514,Latency Anomaly
2024-11-29 14:25:00,1.9065156,Latency Anomaly
2024-11-29 14:30:00,1.9374661,Latency Anomaly
2024-11-29 14:35:00,1.9460546,Latency Anomaly
2024-11-29 14:40:00,1.9590771,Latency Anomaly
2024-11-29 14:45:00,1.9748363,Latency Anomaly
2024-11-29 14:50:00,1.9827883,Latency Anomaly
2024-11-29 14:55:00,2.0103264,Latency Anomaly
2024-11-29 15:00:00,2.0163558,Latency Anomaly
2024-11-29 15:05:00,2.025751,Latency Anomaly
2024-11-29 15:10:00,2.0371175,Latency Anomaly
2024-11-29 15:15:00,2.0468786,Latency Anomaly
2024-11-29 15:20:00,2.0621188,Latency Anomaly
2024-11-29 15:25:00,2.0930502,Latency Anomaly
2024-11-29 15:30:00,2.1006355,Latency Anomaly
2024-11-29 15:35:00,2.1122584,Latency Anomaly
2024-11-29 15:40:00,2.1243508,Latency Anomaly
2024-11-29 15:45:00,2.1331553,Latency Anomaly
2024-11-29 15:50:00,2.1460593,Latency Anomaly
2024-11-29 15:55:00,2.1570368,Latency Anomaly
2024-11-29 16:00:00,2.1562092,Latency Anomaly
2024-11-29 16:05:00,2.1655977,Latency Anomaly
2024-11-29 16:10:00,2.176287,Latency Anomaly
2024-11-29 16:15:00,2.1811426,Latency Anomaly
2024-11-29 16:20:00,2.1948571,Latency Anomaly
2024-11-29 16:25:00,2.1999414,Latency Anomaly
2024-11-29 16:30:00,2.219264,Latency Anomaly
2024-11-29 16:35:00,2.2348382,Latency Anomaly
2024-11-29 16:40:00,2.2471492,Latency Anomaly
2024-11-29 16:45:00,2.2545996,Latency Anomaly
2024-11-29 16:50:00,2.2586322,Latency Anomaly
2024-11-29 16:55:00,2.2675679,Latency Anomaly
2024-11-29 17:00:00,2.2583034,Latency Anomaly
2024-11-29 17:05:00,2.2575283,Latency Anomaly
2024-11-29 17:10:00,2.2490923,Latency Anomaly
2024-11-29 17:15:00,2.241857,Latency Anomaly
2024-11-29 17:20:00,2.243931,Latency Anomaly
2024-11-29 17:25:00,2.2408426,Latency Anomaly
2024-11-29 17:30:00,2.2438889,Latency Anomaly
2024-11-29 17:35:00,2.2362885,Latency Anomaly
2024-11-29 17:40:00,2.2400775,Latency Anomaly
2024-11-29 17:45:00,2.2400358,Latency Anomaly
2024-11-29 17:50:00,2.2376094,Latency Anomaly
2024-11-29 17:55:00,2.2373512,Latency Anomaly
2024-11-29 18:00:00,2.2267816,Latency Anomaly
2024-11-29 18:05:00,2.2178698,Latency Anomaly
2024-11-29 18:10:00,2.20536,Latency Anomaly
2024-11-29 18:15:00,2.2045925,Latency Anomaly
2024-11-29 18:20:00,2.202864,Latency Anomaly
2024-11-29 18:25:00,2.194491,Latency Anomaly
2024-11-29 18:30:00,2.1867447,Latency Anomaly
2024-11-29 18:35:00,2.1805005,Latency Anomaly
2024-11-29 18:40:00,2.1763039,Latency Anomaly
2024-11-29 18:45:00,2.1639354,Latency Anomaly
2024-11-29 18:50:00,2.151427,Latency Anomaly
2024-11-29 18:55:00,2.1427672,Latency Anomaly
2024-11-29 19:00:00,2.1273956,Latency Anomaly
2024-11-29 19:05:00,2.1149426,Latency Anomaly
2024-11-29 19:10:00,2.097604,Latency Anomaly
2024-11-29 19:15:00,2.0885825,Latency Anomaly
2024-11-29 19:20:00,2.0825374,Latency Anomaly
2024-11-29 19:25:00,2.0730102,Latency Anomaly
2024-11-29 19:30:00,2.0523057,Latency Anomaly
2024-11-29 19:35:00,2.0344467,Latency Anomaly
2024-11-29 19:40:00,2.0232372,Latency Anomaly
2024-11-29 19:45:00,2.008335,Latency Anomaly
2024-11-29 19:50:00,1.9898809,Latency Anomaly
2024-11-29 19:55:00,1.9759914,Latency Anomaly
2024-11-29 20:00:00,1.9641138,Latency Anomaly
2024-11-29 20:05:00,1.9438854,Latency Anomaly
2024-11-29 20:10:00,1.9344205,Latency Anomaly
2024-11-29 20:15:00,1.9212835,Latency Anomaly
2024-11-29 20:20:00,1.8946294,Latency Anomaly
2024-11-29 20:25:00,1.8713194,Latency Anomaly
2024-11-29 20:30:00,1.8464361,Latency Anomaly
2024-11-29 20:35:00,1.8381677,Latency Anomaly
2024-11-29 20:40:00,1.8322036,Latency Anomaly
2024-11-29 20:45:00,1.8199133,Latency Anomaly
2024-11-29 20:50:00,1.8067542,Latency Anomaly
2024-11-29 20:55:00,1.7835432,Latency Anomaly
2024-11-29 21:00:00,1.7716793,Latency Anomaly
2024-11-29 21:05:00,1.7556916,Latency Anomaly
2024-11-29 21:10:00,1.7375953,Latency Anomaly
2024-11-29 21:15:00,1.7251924,Latency Anomaly
2024-11-29 21:20:00,1.7155886,Latency Anomaly
2024-11-29 21:25:00,1.6863371,Latency Anomaly
2024-11-29 21:30:00,1.6692818,Latency Anomaly
2024-11-29 21:35:00,1.6548777,Latency Anomaly
2024-11-29 21:40:00,1.6443808,Latency Anomaly
2024-11-29 21:45:00,1.6342,Latency Anomaly
2024-11-29 21:50:00,1.615585,Latency Anomaly
2024-11-29 21:55:00,1.5991123,Latency Anomaly
2024-11-29 22:00:00,1.5867522,Latency Anomaly
2024-11-29 22:05:00,1.5843371,Latency Anomaly
2024-11-29 22:10:00,1.5703316,Latency Anomaly
2024-11-29 22:15:00,1.564611,Latency Anomaly
2024-11-29 22:20:00,1.5538117,Latency Anomaly
2024-11-29 22:25:00,1.5480862,Latency Anomaly
2024-11-29 22:30:00,1.5338914,Latency Anomaly
2024-11-29 22:35:00,1.519387,Latency Anomaly
2024-11-29 22:40:00,1.5047982,Latency Anomaly
2024-11-29 22:45:00,1.4857403,Latency Anomaly
2024-11-29 22:50:00,1.4798303,Latency Anomaly
2024-11-29 22:55:00,1.465652,Latency Anomaly
2024-11-29 23:00:00,1.4654499,Latency Anomaly
2024-11-29 23:05:00,1.4571581,Latency Anomaly
2024-11-29 23:10:00,1.4577127,Latency Anomaly
2024-11-29 23:15:00,1.4551084,Latency Anomaly
2024-11-29 23:20:00,1.4535873,Latency Anomaly
2024-11-29 23:25:00,1.4580162,Latency Anomaly
2024-11-29 23:30:00,1.4503856,Latency Anomaly
2024-11-29 23:35:00,1.4468913,Latency Anomaly
2024-11-29 23:40:00,1.4434612,Latency Anomaly
2024-11-29 23:45:00,1.4409236,Latency Anomaly
2024-11-29 23:50:00,1.4567987,Latency Anomaly
2024-11-29 23:55:00,1.4543861,Latency Anomaly
2024-11-30 00:00:00,1.4859012,Latency Anomaly
2024-11-30 00:05:00,1.4923877,Latency Anomaly
2024-11-30 00:10:00,1.516189,Latency Anomaly
2024-11-30 00:15:00,1.5488415,Latency Anomaly
2024-11-30 00:20:00,1.5574389,Latency Anomaly
2024-11-30 00:25:00,1.5866839,Latency Anomaly
2024-11-30 00:30:00,1.5939629,Latency Anomaly
2024-11-30 00:35:00,1.5927835,Latency Anomaly
2024-11-30 00:40:00,1.6073239,Latency Anomaly
2024-11-30 00:45:00,1.622223,Latency Anomaly
2024-11-30 00:50:00,1.6533607,Latency Anomaly
2024-11-30 00:55:00,1.6537102,Latency Anomaly
2024-11-30 01:00:00,1.6688251,Latency Anomaly
2024-11-30 01:05:00,1.6901066,Latency Anomaly
2024-11-30 01:10:00,1.717754,Latency Anomaly
2024-11-30 01:15:00,1.7476667,Latency Anomaly
2024-11-30 01:20:00,1.75045,Latency Anomaly
2024-11-30 01:25:00,1.7618941,Latency Anomaly
2024-11-30 01:30:00,1.7822438,Latency Anomaly
2024-11-30 01:35:00,1.7973531,Latency Anomaly
2024-11-30 01:40:00,1.8175812,Latency Anomaly
2024-11-30 01:45:00,1.8450787,Latency Anomaly
2024-11-30 01:50:00,1.864506,Latency Anomaly
2024-11-30 01:55:00,1.8671737,Latency Anomaly
2024-11-30 02:00:00,1.8786739,Latency Anomaly
2024-11-30 02:05:00,1.9484878,Latency Anomaly
2024-11-30 02:10:00,2.0305984,Latency Anomaly
2024-11-30 02:15:00,2.0415213,Latency Anomaly
2024-11-30 02:20:00,2.0708992,Latency Anomaly
2024-11-30 02:25:00,2.1874769,Latency Anomaly
2024-11-30 02:30:00,2.221684,Latency Anomaly
2024-11-30 02:35:00,2.2403615,Latency Anomaly
2024-11-30 02:40:00,2.2446675,Latency Anomaly
2024-11-30 02:45:00,2.3009906,Latency Anomaly
2024-11-30 02:50:00,2.4042182,Latency Anomaly
2024-11-30 02:55:00,2.4372556,Latency Anomaly
2024-11-30 03:00:00,2.4638953,Latency Anomaly
2024-11-30 03:05:00,2.4899173,Latency Anomaly
2024-11-30 03:10:00,2.517396,Latency Anomaly
2024-11-30 03:15:00,2.539214,Latency Anomaly
2024-11-30 03:20:00,2.6083548,Latency Anomaly
2024-11-30 03:25:00,2.6483817,Latency Anomaly
2024-11-30 03:30:00,2.7111542,Latency Anomaly
2024-11-30 03:35:00,2.728219,Latency Anomaly
2024-11-30 03:40:00,2.7684665,Latency Anomaly
2024-11-30 03:45:00,2.8180408,Latency Anomaly
2024-11-30 03:50:00,2.847322,Latency Anomaly
2024-11-30 03:55:00,2.8740473,Latency Anomaly
2024-11-30 04:00:00,2.886217,Latency Anomaly
2024-11-30 04:05:00,2.8886874,Latency Anomaly
2024-11-30 04:10:00,2.901252,Latency Anomaly
2024-11-30 04:15:00,2.9079993,Latency Anomaly
2024-11-30 04:20:00,2.923016,Latency Anomaly
2024-11-30 04:25:00,2.9220133,Latency Anomaly
2024-11-30 04:30:00,2.9348474,Latency Anomaly
2024-11-30 04:35:00,2.9508867,Latency Anomaly
2024-11-30 04:40:00,2.9635518,Latency Anomaly
2024-11-30 04:45:00,2.9919865,Latency Anomaly
2024-11-30 04:50:00,3.0014093,Latency Anomaly
2024-11-30 04:55:00,3.0128508,Latency Anomaly
2024-11-30 05:00:00,3.0093868,Latency Anomaly
2024-11-30 05:05:00,3.01817,Latency Anomaly
2024-11-30 05:10:00,3.0130012,Latency Anomaly
2024-11-30 05:15:00,3.0154846,Latency Anomaly
2024-11-30 05:20:00,3.0161932,Latency Anomaly
2024-11-30 05:25:00,3.0270567,Latency Anomaly
2024-11-30 05:30:00,3.0363615,Latency Anomaly
2024-11-30 05:35:00,3.0483139,Latency Anomaly
2024-11-30 05:40:00,3.0533936,Latency Anomaly
2024-11-30 05:45:00,3.0507126,Latency Anomaly
2024-11-30 05:50:00,3.0304716,Latency Anomaly
2024-11-30 05:55:00,3.030175,Latency Anomaly
2024-11-30 06:00:00,2.9983582,Latency Anomaly
2024-11-30 06:05:00,2.996687,Latency Anomaly
2024-11-30 06:10:00,2.9799092,Latency Anomaly
2024-11-30 06:15:00,2.935281,Latency Anomaly
2024-11-30 06:20:00,2.9245713,Latency Anomaly
2024-11-30 06:25:00,2.896005,Latency Anomaly
2024-11-30 06:30:00,2.901412,Latency Anomaly
2024-11-30 06:35:00,2.891651,Latency Anomaly
2024-11-30 06:40:00,2.88635,Latency Anomaly
2024-11-30 06:45:00,2.8766878,Latency Anomaly
2024-11-30 06:50:00,2.8637037,Latency Anomaly
2024-11-30 06:55:00,2.862364,Latency Anomaly
2024-11-30 07:00:00,2.841811,Latency Anomaly
2024-11-30 07:05:00,2.8190522,Latency Anomaly
2024-11-30 07:10:00,2.7905686,Latency Anomaly
2024-11-30 07:15:00,2.7577274,Latency Anomaly
2024-11-30 07:20:00,2.7528307,Latency Anomaly
2024-11-30 07:25:00,2.7379348,Latency Anomaly
2024-11-30 07:30:00,2.7259898,Latency Anomaly
2024-11-30 07:35:00,2.7213318,Latency Anomaly
2024-11-30 07:40:00,2.6985867,Latency Anomaly
2024-11-30 07:45:00,2.6720717,Latency Anomaly
2024-11-30 07:50:00,2.651319,Latency Anomaly
2024-11-30 07:55:00,2.6533298,Latency Anomaly
2024-11-30 08:00:00,2.6394207,Latency Anomaly
2024-11-30 08:05:00,2.5703228,Latency Anomaly
2024-11-30 08:10:00,2.4825695,Latency Anomaly
2024-11-30 08:15:00,2.4708006,Latency Anomaly
2024-11-30 08:20:00,2.4461057,Latency Anomaly
2024-11-30 08:25:00,2.3280425,Latency Anomaly
2024-11-30 08:30:00,2.2864184,Latency Anomaly
2024-11-30 08:35:00,2.2634387,Latency Anomaly
2024-11-30 08:40:00,2.254551,Latency Anomaly
2024-11-30 08:45:00,2.217203,Latency Anomaly
2024-11-30 08:50:00,2.1188776,Latency Anomaly
2024-11-30 08:55:00,2.0867703,Latency Anomaly
2024-11-30 09:00:00,2.0588005,Latency Anomaly
2024-11-30 09:05:00,2.0365195,Latency Anomaly
2024-11-30 09:10:00,2.0088887,Latency Anomaly
2024-11-30 09:15:00,1.9865526,Latency Anomaly
2024-11-30 09:20:00,1.9083642,Latency Anomaly
2024-11-30 09:25:00,1.866038,Latency Anomaly
2024-11-30 09:30:00,1.8117337,Latency Anomaly
2024-11-30 09:35:00,1.8004975,Latency Anomaly
2024-11-30 09:40:00,1.7627555,Latency Anomaly
2024-11-30 09:45:00,1.7117894,Latency Anomaly
2024-11-30 09:50:00,1.6857679,Latency Anomaly
2024-11-30 09:55:00,1.6800225,Latency Anomaly
2024-11-30 10:00:00,1.6684761,Latency Anomaly
2024-11-30 10:05:00,1.6581194,Latency Anomaly
2024-11-30 10:10:00,1.6445249,Latency Anomaly
2024-11-30 10:15:00,1.6370164,Latency Anomaly
2024-11-30 10:20:00,1.6146165,Latency Anomaly
2024-11-30 10:25:00,1.6271724,Latency Anomaly
2024-11-30 10:30:00,1.6142038,Latency Anomaly
2024-11-30 10:35:00,1.5883516,Latency Anomaly
2024-11-30 10:40:00,1.5741194,Latency Anomaly
2024-11-30 10:45:00,1.5529097,Latency Anomaly
2024-11-30 10:50:00,1.5492156,Latency Anomaly
2024-11-30 10:55:00,1.5335768,Latency Anomaly
2024-11-30 11:00:00,1.5244577,Latency Anomaly
2024-11-30 11:05:00,1.5151953,Latency Anomaly
2024-11-30 11:10:00,1.5132964,Latency Anomaly
2024-11-30 11:15:00,1.5074745,Latency Anomaly
2024-11-30 11:20:00,1.4934182,Latency Anomaly
2024-11-30 11:25:00,1.4713211,Latency Anomaly
2024-11-30 11:30:00,1.4542919,Latency Anomaly
2024-11-30 11:35:00,1.4423941,Latency Anomaly
2024-11-30 11:40:00,1.4313879,Latency Anomaly
2024-11-30 11:45:00,1.4307374,Latency Anomaly
2024-11-30 11:50:00,1.4236889,Latency Anomaly
2024-11-30 11:55:00,1.420766,Latency Anomaly
2024-11-30 12:00:00,1.4201831,Latency Anomaly
2024-11-30 12:05:00,1.4084239,Latency Anomaly
2024-11-30 12:10:00,1.4058641,Latency Anomaly
2024-11-30 12:15:00,1.4007074,Latency Anomaly
2024-11-30 12:20:00,1.3945973,Latency Anomaly
2024-11-30 12:25:00,1.3890684,Latency Anomaly
2024-11-30 12:30:00,1.3709269,Latency Anomaly
2024-11-30 12:35:00,1.3719168,Latency Anomaly
2024-11-30 12:40:00,1.3527741,Latency Anomaly
2024-11-30 12:45:00,1.3450745,Latency Anomaly
2024-11-30 12:50:00,1.3201735,Latency Anomaly
2024-11-30 12:55:00,1.3203348,Latency Anomaly
2024-11-30 13:00:00,1.3248187,Latency Anomaly
2024-11-30 13:05:00,1.3266903,Latency Anomaly
2024-11-30 13:10:00,1.3329659,Latency Anomaly
2024-11-30 13:15:00,1.334464,Latency Anomaly
2024-11-30 13:20:00,1.3265834,Latency Anomaly
2024-11-30 13:25:00,1.3234593,Latency Anomaly
2024-11-30 13:30:00,1.3140227,Latency Anomaly
2024-11-30 13:35:00,1.3093419,Latency Anomaly
2024-11-30 13:40:00,1.3189023,Latency Anomaly
2024-11-30 13:45:00,1.3137503,Latency Anomaly
2024-11-30 13:50:00,1.3156092,Latency Anomaly
2024-11-30 13:55:00,1.3196528,Latency Anomaly
2024-11-30 14:00:00,1.3216124,Latency Anomaly
2024-11-30 14:05:00,1.3119246,Latency Anomaly
2024-11-30 14:10:00,1.3061646,Latency Anomaly
2024-11-30 14:15:00,1.3014642,Latency Anomaly
2024-11-30 14:20:00,1.3038044,Latency Anomaly
2024-11-30 14:25:00,1.3055,Latency Anomaly
2024-11-30 14:30:00,1.3095611,Latency Anomaly
2024-11-30 14:35:00,1.3142903,Latency Anomaly
2024-11-30 14:40:00,1.3147683,Latency Anomaly
2024-11-30 14:45:00,1.2953815,Latency Anomaly
2024-11-30 14:50:00,1.300761,Latency Anomaly
2024-11-30 14:55:00,1.2964356,Latency Anomaly
2024-11-30 15:00:00,1.3012125,Latency Anomaly
2024-11-30 15:05:00,1.3052006,Latency Anomaly
2024-11-30 15:10:00,1.3098181,Latency Anomaly
2024-11-30 15:15:00,1.3091369,Latency Anomaly
2024-11-30 15:20:00,1.3157469,Latency Anomaly
2024-11-30 15:25:00,1.3263123,Latency Anomaly
2024-11-30 15:30:00,1.3167088,Latency Anomaly
2024-11-30 15:35:00,1.3211037,Latency Anomaly
2024-11-30 15:40:00,1.3166314,Latency Anomaly
2024-11-30 15:45:00,1.3154261,Latency Anomaly
2024-11-30 15:50:00,1.3088983,Latency Anomaly
2024-11-30 15:55:00,1.2922751,Latency Anomaly
2024-11-30 16:00:00,1.291209,Latency Anomaly
2024-11-30 16:05:00,1.2868484,Latency Anomaly
2024-11-30 16:10:00,1.2870001,Latency Anomaly
2024-11-30 16:15:00,1.2821677,Latency Anomaly
2024-11-30 16:20:00,1.279028,Latency Anomaly
2024-11-30 16:25:00,1.2625021,Latency Anomaly
2024-11-30 16:30:00,1.2589469,Latency Anomaly
2024-11-30 16:35:00,1.2603393,Latency Anomaly
2024-11-30 16:40:00,1.265871,Latency Anomaly
2024-11-30 16:45:00,1.2633879,Latency Anomaly
2024-11-30 16:50:00,1.2528963,Latency Anomaly
2024-11-30 16:55:00,1.2624544,Latency Anomaly
2024-11-30 17:00:00,1.2680191,Latency Anomaly
2024-11-30 17:05:00,1.2725629,Latency Anomaly
2024-11-30 17:10:00,1.2743276,Latency Anomaly
2024-11-30 17:15:00,1.2701062,Latency Anomaly
2024-11-30 17:20:00,1.2854284,Latency Anomaly
2024-11-30 17:25:00,1.2959374,Latency Anomaly
2024-11-30 17:30:00,1.2960329,Latency Anomaly
2024-11-30 17:35:00,1.2920202,Latency Anomaly
2024-11-30 17:40:00,1.300069,Latency Anomaly
2024-11-30 17:45:00,1.3054498,Latency Anomaly
2024-11-30 17:50:00,1.3068259,Latency Anomaly
2024-11-30 17:55:00,1.3033884,Latency Anomaly
2024-11-30 18:00:00,1.3013455,Latency Anomaly
2024-11-30 18:05:00,1.3137385,Latency Anomaly
2024-11-30 18:10:00,1.3049502,Latency Anomaly
2024-11-30 18:15:00,1.3187108,Latency Anomaly
2024-11-30 18:20:00,1.3161678,Latency Anomaly
2024-11-30 18:25:00,1.3157655,Latency Anomaly
2024-11-30 18:30:00,1.3246285,Latency Anomaly
2024-11-30 18:35:00,1.3221173,Latency Anomaly
2024-11-30 18:40:00,1.3282077,Latency Anomaly
2024-11-30 18:45:00,1.3256581,Latency Anomaly
2024-11-30 18:50:00,1.3274276,Latency Anomaly
2024-11-30 18:55:00,1.3296819,Latency Anomaly
2024-11-30 19:00:00,1.3253751,Latency Anomaly
2024-11-30 19:05:00,1.3217479,Latency Anomaly
2024-11-30 19:10:00,1.3190746,Latency Anomaly
2024-11-30 19:15:00,1.312691,Latency Anomaly
2024-11-30 19:20:00,1.317919,Latency Anomaly
2024-11-30 19:25:00,1.3121048,Latency Anomaly
2024-11-30 19:30:00,1.3075484,Latency Anomaly
2024-11-30 19:35:00,1.3013047,Latency Anomaly
2024-11-30 19:40:00,1.2900563,Latency Anomaly
2024-11-30 19:45:00,1.2949213,Latency Anomaly
2024-11-30 19:50:00,1.2899042,Latency Anomaly
2024-11-30 19:55:00,1.2805816,Latency Anomaly
2024-11-30 20:00:00,1.2805364,Latency Anomaly
2024-11-30 20:05:00,1.2849928,Latency Anomaly
2024-11-30 20:10:00,1.2857308,Latency Anomaly
2024-11-30 20:15:00,1.2856047,Latency Anomaly
2024-11-30 20:20:00,1.2843754,Latency Anomaly
2024-11-30 20:25:00,1.2893962,Latency Anomaly
2024-11-30 20:30:00,1.2919008,Latency Anomaly
2024-11-30 20:35:00,1.2875215,Latency Anomaly
2024-11-30 20:40:00,1.2844839,Latency Anomaly
2024-11-30 20:45:00,1.281526,Latency Anomaly
2024-11-30 20:50:00,1.2796739,Latency Anomaly
2024-11-30 20:55:00,1.2833464,Latency Anomaly
2024-11-30 21:00:00,1.2808688,Latency Anomaly
2024-11-30 21:05:00,1.2866024,Latency Anomaly
2024-11-30 21:10:00,1.2874458,Latency Anomaly
2024-11-30 21:15:00,1.2889246,Latency Anomaly
2024-11-30 21:20:00,1.3057363,Latency Anomaly
2024-11-30 21:25:00,1.2991102,Latency Anomaly
2024-11-30 21:30:00,1.2993984,Latency Anomaly
2024-11-30 21:35:00,1.302295,Latency Anomaly
2024-11-30 21:40:00,1.3075408,Latency Anomaly
2024-11-30 21:45:00,1.3129628,Latency Anomaly
2024-11-30 21:50:00,1.3157809,Latency Anomaly
2024-11-30 21:55:00,1.317248,Latency Anomaly
2024-11-30 22:00:00,1.3270755,Latency Anomaly
2024-11-30 22:05:00,1.3257927,Latency Anomaly
2024-11-30 22:10:00,1.3279462,Latency Anomaly
2024-11-30 22:15:00,1.3473775,Latency Anomaly
2024-11-30 22:20:00,1.3639148,Latency Anomaly
2024-11-30 22:25:00,1.3727233,Latency Anomaly
2024-11-30 22:30:00,1.3738555,Latency Anomaly
2024-11-30 22:35:00,1.3765842,Latency Anomaly
2024-11-30 22:40:00,1.3820335,Latency Anomaly
2024-11-30 22:45:00,1.38463,Latency Anomaly
2024-11-30 22:50:00,1.3968861,Latency Anomaly
2024-11-30 22:55:00,1.3968308,Latency Anomaly
2024-11-30 23:00:00,1.4030638,Latency Anomaly
2024-11-30 23:05:00,1.415093,Latency Anomaly
2024-11-30 23:10:00,1.4213916,Latency Anomaly
2024-11-30 23:15:00,1.4339111,Latency Anomaly
2024-11-30 23:20:00,1.4383796,Latency Anomaly
2024-11-30 23:25:00,1.4355305,Latency Anomaly
2024-11-30 23:30:00,1.4513947,Latency Anomaly
2024-11-30 23:35:00,1.4731926,Latency Anomaly
2024-11-30 23:40:00,1.4743546,Latency Anomaly
2024-11-30 23:45:00,1.4795496,Latency Anomaly
2024-11-30 23:50:00,1.4875662,Latency Anomaly
2024-11-30 23:55:00,1.5200564,Latency Anomaly
2024-12-01 00:00:00,1.5385509,Latency Anomaly
2024-12-01 00:05:00,1.5380623,Latency Anomaly
2024-12-01 00:10:00,1.5598297,Latency Anomaly
2024-12-01 00:15:00,1.5566245,Latency Anomaly
2024-12-01 00:20:00,1.5831342,Latency Anomaly
2024-12-01 00:25:00,1.5962338,Latency Anomaly
2024-12-01 00:30:00,1.6075344,Latency Anomaly
2024-12-01 00:35:00,1.6211544,Latency Anomaly
2024-12-01 00:40:00,1.641133,Latency Anomaly
2024-12-01 00:45:00,1.6643257,Latency Anomaly
2024-12-01 00:50:00,1.6769975,Latency Anomaly
2024-12-01 00:55:00,1.6991904,Latency Anomaly
2024-12-01 01:00:00,1.7294431,Latency Anomaly
2024-12-01 01:05:00,1.7546614,Latency Anomaly
2024-12-01 01:10:00,1.7865064,Latency Anomaly
2024-12-01 01:15:00,1.8977052,Latency Anomaly
2024-12-01 01:20:00,1.945881,Latency Anomaly
2024-12-01 01:25:00,1.9903523,Latency Anomaly
2024-12-01 01:30:00,2.0227916,Latency Anomaly
2024-12-01 01:35:00,2.0402603,Latency Anomaly
2024-12-01 01:40:00,2.068318,Latency Anomaly
2024-12-01 01:45:00,2.10107,Latency Anomaly
2024-12-01 01:50:00,2.111284,Latency Anomaly
2024-12-01 01:55:00,2.1247737,Latency Anomaly
2024-12-01 02:00:00,2.1539001,Latency Anomaly
2024-12-01 02:05:00,2.3698976,Latency Anomaly
2024-12-01 02:10:00,2.4327269,Latency Anomaly
2024-12-01 02:15:00,2.4767764,Latency Anomaly
2024-12-01 02:20:00,2.5362325,Latency Anomaly
2024-12-01 02:25:00,2.576604,Latency Anomaly
2024-12-01 02:30:00,2.591651,Latency Anomaly
2024-12-01 02:35:00,2.6552086,Latency Anomaly
2024-12-01 02:40:00,2.6888518,Latency Anomaly
2024-12-01 02:45:00,2.7447968,Latency Anomaly
2024-12-01 02:50:00,2.8146756,Latency Anomaly
2024-12-01 02:55:00,2.8631134,Latency Anomaly
2024-12-01 03:00:00,2.8756716,Latency Anomaly
2024-12-01 03:05:00,2.8927593,Latency Anomaly
2024-12-01 03:10:00,2.932349,Latency Anomaly
2024-12-01 03:15:00,2.9427834,Latency Anomaly
2024-12-01 03:20:00,2.9786978,Latency Anomaly
2024-12-01 03:25:00,3.0218518,Latency Anomaly
2024-12-01 03:30:00,3.0367079,Latency Anomaly
2024-12-01 03:35:00,3.0459142,Latency Anomaly
2024-12-01 03:40:00,3.0541773,Latency Anomaly
2024-12-01 03:45:00,3.0692585,Latency Anomaly
2024-12-01 03:50:00,3.087077,Latency Anomaly
2024-12-01 03:55:00,3.1043015,Latency Anomaly
2024-12-01 04:00:00,3.1039858,Latency Anomaly
2024-12-01 04:05:00,3.1163363,Latency Anomaly
2024-12-01 04:10:00,3.133387,Latency Anomaly
2024-12-01 04:15:00,3.1217008,Latency Anomaly
2024-12-01 04:20:00,3.1225572,Latency Anomaly
2024-12-01 04:25:00,3.126492,Latency Anomaly
2024-12-01 04:30:00,3.131001,Latency Anomaly
2024-12-01 04:35:00,3.138176,Latency Anomaly
2024-12-01 04:40:00,3.1461554,Latency Anomaly
2024-12-01 04:45:00,3.1558025,Latency Anomaly
2024-12-01 04:50:00,3.1685574,Latency Anomaly
2024-12-01 04:55:00,3.1781785,Latency Anomaly
2024-12-01 05:00:00,3.1862774,Latency Anomaly
2024-12-01 05:05:00,3.1739368,Latency Anomaly
2024-12-01 05:10:00,3.1759276,Latency Anomaly
2024-12-01 05:15:00,3.2001717,Latency Anomaly
2024-12-01 05:20:00,3.240461,Latency Anomaly
2024-12-01 05:25:00,3.2419622,Latency Anomaly
2024-12-01 05:30:00,3.2379296,Latency Anomaly
2024-12-01 05:35:00,3.2235034,Latency Anomaly
2024-12-01 05:40:00,3.226508,Latency Anomaly
2024-12-01 05:45:00,3.2379012,Latency Anomaly
2024-12-01 05:50:00,3.252619,Latency Anomaly
2024-12-01 05:55:00,3.2474332,Latency Anomaly
2024-12-01 06:00:00,3.2278683,Latency Anomaly
2024-12-01 06:05:00,3.2359135,Latency Anomaly
2024-12-01 06:10:00,3.219254,Latency Anomaly
2024-12-01 06:15:00,3.220927,Latency Anomaly
2024-12-01 06:20:00,3.2016,Latency Anomaly
2024-12-01 06:25:00,3.195273,Latency Anomaly
2024-12-01 06:30:00,3.1956553,Latency Anomaly
2024-12-01 06:35:00,3.1905777,Latency Anomaly
2024-12-01 06:40:00,3.1694477,Latency Anomaly
2024-12-01 06:45:00,3.1699395,Latency Anomaly
2024-12-01 06:50:00,3.1728218,Latency Anomaly
2024-12-01 06:55:00,3.1515586,Latency Anomaly
2024-12-01 07:00:00,3.119022,Latency Anomaly
2024-12-01 07:05:00,3.098956,Latency Anomaly
2024-12-01 07:10:00,3.0593474,Latency Anomaly
2024-12-01 07:15:00,2.9746685,Latency Anomaly
2024-12-01 07:20:00,2.9284117,Latency Anomaly
2024-12-01 07:25:00,2.8890245,Latency Anomaly
2024-12-01 07:30:00,2.8658595,Latency Anomaly
2024-12-01 07:35:00,2.8515272,Latency Anomaly
2024-12-01 07:40:00,2.826548,Latency Anomaly
2024-12-01 07:45:00,2.793957,Latency Anomaly
2024-12-01 07:50:00,2.7841015,Latency Anomaly
2024-12-01 07:55:00,2.7669802,Latency Anomaly
2024-12-01 08:00:00,2.7438884,Latency Anomaly
2024-12-01 08:05:00,2.5204349,Latency Anomaly
2024-12-01 08:10:00,2.458571,Latency Anomaly
2024-12-01 08:15:00,2.4351397,Latency Anomaly
2024-12-01 08:20:00,2.3840756,Latency Anomaly
2024-12-01 08:25:00,2.3409748,Latency Anomaly
2024-12-01 08:30:00,2.3170178,Latency Anomaly
2024-12-01 08:35:00,2.2539184,Latency Anomaly
2024-12-01 08:40:00,2.2228208,Latency Anomaly
2024-12-01 08:45:00,2.1601486,Latency Anomaly
2024-12-01 08:50:00,2.0900497,Latency Anomaly
2024-12-01 08:55:00,2.0359585,Latency Anomaly
2024-12-01 09:00:00,2.0279844,Latency Anomaly
2024-12-01 09:05:00,2.0068526,Latency Anomaly
2024-12-01 09:10:00,1.9623747,Latency Anomaly
2024-12-01 09:15:00,1.9527842,Latency Anomaly
2024-12-01 09:20:00,1.8979058,Latency Anomaly
2024-12-01 09:25:00,1.8482417,Latency Anomaly
2024-12-01 09:30:00,1.8402187,Latency Anomaly
2024-12-01 09:35:00,1.8307447,Latency Anomaly
2024-12-01 09:40:00,1.8136721,Latency Anomaly
2024-12-01 09:45:00,1.791369,Latency Anomaly
2024-12-01 09:50:00,1.7763387,Latency Anomaly
2024-12-01 09:55:00,1.7571771,Latency Anomaly
2024-12-01 10:00:00,1.7506357,Latency Anomaly
2024-12-01 10:05:00,1.7358363,Latency Anomaly
2024-12-01 10:10:00,1.7164683,Latency Anomaly
2024-12-01 10:15:00,1.7095344,Latency Anomaly
2024-12-01 10:20:00,1.6921592,Latency Anomaly
2024-12-01 10:25:00,1.6761476,Latency Anomaly
2024-12-01 10:30:00,1.6668057,Latency Anomaly
2024-12-01 10:35:00,1.6598486,Latency Anomaly
2024-12-01 10:40:00,1.643205,Latency Anomaly
2024-12-01 10:45:00,1.6294196,Latency Anomaly
2024-12-01 10:50:00,1.606315,Latency Anomaly
2024-12-01 10:55:00,1.5948049,Latency Anomaly
2024-12-01 11:00:00,1.5781834,Latency Anomaly
2024-12-01 11:05:00,1.57188,Latency Anomaly
2024-12-01 11:10:00,1.5610805,Latency Anomaly
2024-12-01 11:15:00,1.5264534,Latency Anomaly
2024-12-01 11:20:00,1.4689384,Latency Anomaly
2024-12-01 11:25:00,1.470759,Latency Anomaly
2024-12-01 11:30:00,1.4610438,Latency Anomaly
2024-12-01 11:35:00,1.4601313,Latency Anomaly
2024-12-01 11:40:00,1.4549453,Latency Anomaly
2024-12-01 11:45:00,1.4370258,Latency Anomaly
2024-12-01 11:50:00,1.4182646,Latency Anomaly
2024-12-01 11:55:00,1.3921027,Latency Anomaly
2024-12-01 12:00:00,1.3908737,Latency Anomaly
2024-12-01 12:05:00,1.3757389,Latency Anomaly
2024-12-01 12:10:00,1.3759416,Latency Anomaly
2024-12-01 12:15:00,1.3674773,Latency Anomaly
2024-12-01 12:20:00,1.3644427,Latency Anomaly
2024-12-01 12:25:00,1.3605628,Latency Anomaly
2024-12-01 12:30:00,1.3498018,Latency Anomaly
2024-12-01 12:35:00,1.348735,Latency Anomaly
2024-12-01 12:40:00,1.3490329,Latency Anomaly
2024-12-01 12:45:00,1.3319848,Latency Anomaly
2024-12-01 12:50:00,1.324507,Latency Anomaly
2024-12-01 12:55:00,1.3266203,Latency Anomaly
2024-12-01 13:00:00,1.3318784,Latency Anomaly
2024-12-01 13:05:00,1.338273,Latency Anomaly
2024-12-01 13:10:00,1.346118,Latency Anomaly
2024-12-01 13:15:00,1.3253393,Latency Anomaly
2024-12-01 13:20:00,1.3271503,Latency Anomaly
2024-12-01 13:25:00,1.3356558,Latency Anomaly
2024-12-01 13:30:00,1.331284,Latency Anomaly
2024-12-01 13:35:00,1.3340696,Latency Anomaly
2024-12-01 13:40:00,1.3295738,Latency Anomaly
2024-12-01 13:45:00,1.3300089,Latency Anomaly
2024-12-01 13:50:00,1.330523,Latency Anomaly
2024-12-01 13:55:00,1.3349806,Latency Anomaly
2024-12-01 14:00:00,1.3321601,Latency Anomaly
2024-12-01 14:05:00,1.3322802,Latency Anomaly
2024-12-01 14:10:00,1.3345982,Latency Anomaly
2024-12-01 14:15:00,1.310798,Latency Anomaly
2024-12-01 14:20:00,1.3092747,Latency Anomaly
2024-12-01 14:25:00,1.3153901,Latency Anomaly
2024-12-01 14:30:00,1.3149551,Latency Anomaly
2024-12-01 14:35:00,1.3182342,Latency Anomaly
2024-12-01 14:40:00,1.3176851,Latency Anomaly
2024-12-01 14:45:00,1.323921,Latency Anomaly
2024-12-01 14:50:00,1.3247387,Latency Anomaly
2024-12-01 14:55:00,1.3296386,Latency Anomaly
2024-12-01 15:00:00,1.327607,Latency Anomaly
2024-12-01 15:05:00,1.3200758,Latency Anomaly
2024-12-01 15:10:00,1.3242117,Latency Anomaly
2024-12-01 15:15:00,1.3234898,Latency Anomaly
2024-12-01 15:20:00,1.318688,Latency Anomaly
2024-12-01 15:25:00,1.325877,Latency Anomaly
2024-12-01 15:30:00,1.3222215,Latency Anomaly
2024-12-01 15:35:00,1.3077979,Latency Anomaly
2024-12-01 15:40:00,1.3075565,Latency Anomaly
2024-12-01 15:45:00,1.3107167,Latency Anomaly
2024-12-01 15:50:00,1.3134955,Latency Anomaly
2024-12-01 15:55:00,1.310937,Latency Anomaly
2024-12-01 16:00:00,1.3143468,Latency Anomaly
2024-12-01 16:05:00,1.3161502,Latency Anomaly
2024-12-01 16:10:00,1.3162272,Latency Anomaly
2024-12-01 16:15:00,1.3199451,Latency Anomaly
2024-12-01 16:20:00,1.3276373,Latency Anomaly
2024-12-01 16:25:00,1.3319533,Latency Anomaly
2024-12-01 16:30:00,1.3315591,Latency Anomaly
2024-12-01 16:35:00,1.3336866,Latency Anomaly
2024-12-01 16:40:00,1.3319533,Latency Anomaly
2024-12-01 16:45:00,1.3301668,Latency Anomaly
2024-12-01 16:50:00,1.3318658,Latency Anomaly
2024-12-01 16:55:00,1.3281021,Latency Anomaly
2024-12-01 17:00:00,1.3269659,Latency Anomaly
2024-12-01 17:05:00,1.3308897,Latency Anomaly
2024-12-01 17:10:00,1.3381665,Latency Anomaly
2024-12-01 17:15:00,1.3341653,Latency Anomaly
2024-12-01 17:20:00,1.3320446,Latency Anomaly
2024-12-01 17:25:00,1.3227477,Latency Anomaly
2024-12-01 17:30:00,1.3266871,Latency Anomaly
2024-12-01 17:35:00,1.3268188,Latency Anomaly
2024-12-01 17:40:00,1.317264,Latency Anomaly
2024-12-01 17:45:00,1.3163247,Latency Anomaly
2024-12-01 17:50:00,1.3221104,Latency Anomaly
2024-12-01 17:55:00,1.3184131,Latency Anomaly
2024-12-01 18:00:00,1.3169807,Latency Anomaly
2024-12-01 18:05:00,1.3132938,Latency Anomaly
2024-12-01 18:10:00,1.304559,Latency Anomaly
2024-12-01 18:15:00,1.3010064,Latency Anomaly
2024-12-01 18:20:00,1.2992663,Latency Anomaly
2024-12-01 18:25:00,1.297761,Latency Anomaly
2024-12-01 18:30:00,1.2870296,Latency Anomaly
2024-12-01 18:35:00,1.280054,Latency Anomaly
2024-12-01 18:40:00,1.282471,Latency Anomaly
2024-12-01 18:45:00,1.2770027,Latency Anomaly
2024-12-01 18:50:00,1.2714795,Latency Anomaly
2024-12-01 18:55:00,1.2703769,Latency Anomaly
2024-12-01 19:00:00,1.266694,Latency Anomaly
2024-12-01 19:05:00,1.2660072,Latency Anomaly
2024-12-01 19:10:00,1.2604587,Latency Anomaly
2024-12-01 19:15:00,1.2565333,Latency Anomaly
2024-12-01 19:20:00,1.2522451,Latency Anomaly
2024-12-01 19:25:00,1.2463508,Latency Anomaly
2024-12-01 19:30:00,1.2438389,Latency Anomaly
2024-12-01 19:35:00,1.2490553,Latency Anomaly
2024-12-01 19:40:00,1.2569367,Latency Anomaly
2024-12-01 19:45:00,1.2522346,Latency Anomaly
2024-12-01 19:50:00,1.2564346,Latency Anomaly
2024-12-01 19:55:00,1.2634714,Latency Anomaly
2024-12-01 20:00:00,1.2634251,Latency Anomaly
2024-12-01 20:05:00,1.2646073,Latency Anomaly
2024-12-01 20:10:00,1.2703905,Latency Anomaly
2024-12-01 20:15:00,1.2744634,Latency Anomaly
2024-12-01 20:20:00,1.2655447,Latency Anomaly
2024-12-01 20:25:00,1.2629491,Latency Anomaly
2024-12-01 20:30:00,1.279374,Latency Anomaly
2024-12-01 20:35:00,1.2842526,Latency Anomaly
2024-12-01 20:40:00,1.2815462,Latency Anomaly
2024-12-01 20:45:00,1.2892101,Latency Anomaly
2024-12-01 20:50:00,1.2963095,Latency Anomaly
2024-12-01 20:55:00,1.2969455,Latency Anomaly
2024-12-01 21:00:00,1.3020704,Latency Anomaly
2024-12-01 21:05:00,1.3051281,Latency Anomaly
2024-12-01 21:10:00,1.3040708,Latency Anomaly
2024-12-01 21:15:00,1.3036716,Latency Anomaly
2024-12-01 21:20:00,1.3291504,Latency Anomaly
2024-12-01 21:25:00,1.32854,Latency Anomaly
2024-12-01 21:30:00,1.3286328,Latency Anomaly
2024-12-01 21:35:00,1.3326461,Latency Anomaly
2024-12-01 21:40:00,1.3366905,Latency Anomaly
2024-12-01 21:45:00,1.335565,Latency Anomaly
2024-12-01 21:50:00,1.333957,Latency Anomaly
2024-12-01 21:55:00,1.3377187,Latency Anomaly
2024-12-01 22:00:00,1.3352746,Latency Anomaly
2024-12-01 22:05:00,1.3368189,Latency Anomaly
2024-12-01 22:10:00,1.3389846,Latency Anomaly
2024-12-01 22:15:00,1.3425813,Latency Anomaly
2024-12-01 22:20:00,1.3446656,Latency Anomaly
2024-12-01 22:25:00,1.3512992,Latency Anomaly
2024-12-01 22:30:00,1.3720741,Latency Anomaly
2024-12-01 22:35:00,1.3784146,Latency Anomaly
2024-12-01 22:40:00,1.3806303,Latency Anomaly
2024-12-01 22:45:00,1.3928239,Latency Anomaly
2024-12-01 22:50:00,1.4029764,Latency Anomaly
2024-12-01 22:55:00,1.4055047,Latency Anomaly
2024-12-01 23:00:00,1.412785,Latency Anomaly
2024-12-01 23:05:00,1.4171219,Latency Anomaly
2024-12-01 23:10:00,1.4136132,Latency Anomaly
2024-12-01 23:15:00,1.4227834,Latency Anomaly
2024-12-01 23:20:00,1.4398786,Latency Anomaly
2024-12-01 23:25:00,1.4561509,Latency Anomaly
2024-12-01 23:30:00,1.4588717,Latency Anomaly
2024-12-01 23:35:00,1.4594866,Latency Anomaly
2024-12-01 23:40:00,1.4900542,Latency Anomaly
2024-12-01 23:45:00,1.4946768,Latency Anomaly
2024-12-01 23:50:00,1.4898478,Latency Anomaly
2024-12-01 23:55:00,1.508751,Latency Anomaly
2024-12-02 00:00:00,1.5180775,Latency Anomaly
2024-12-02 00:05:00,1.5225768,Latency Anomaly
2024-12-02 00:10:00,1.5376426,Latency Anomaly
2024-12-02 00:15:00,1.5602498,Latency Anomaly
2024-12-02 00:20:00,1.6045929,Latency Anomaly
2024-12-02 00:25:00,1.6101651,Latency Anomaly
2024-12-02 00:30:00,1.6267794,Latency Anomaly
2024-12-02 00:35:00,1.6637167,Latency Anomaly
2024-12-02 00:40:00,1.6752213,Latency Anomaly
2024-12-02 00:45:00,1.6927658,Latency Anomaly
2024-12-02 00:50:00,1.6977459,Latency Anomaly
2024-12-02 00:55:00,1.7022964,Latency Anomaly
2024-12-02 01:00:00,1.7205551,Latency Anomaly
2024-12-02 01:05:00,1.758022,Latency Anomaly
2024-12-02 01:10:00,1.7830833,Latency Anomaly
2024-12-02 01:15:00,1.7938526,Latency Anomaly
2024-12-02 01:20:00,1.8122083,Latency Anomaly
2024-12-02 01:25:00,1.8385835,Latency Anomaly
2024-12-02 01:30:00,1.8631712,Latency Anomaly
2024-12-02 01:35:00,1.8624922,Latency Anomaly
2024-12-02 01:40:00,1.8690575,Latency Anomaly
2024-12-02 01:45:00,1.8945822,Latency Anomaly
2024-12-02 01:50:00,1.8958588,Latency Anomaly
2024-12-02 01:55:00,1.9114724,Latency Anomaly
2024-12-02 02:00:00,1.9360919,Latency Anomaly
2024-12-02 02:05:00,2.001653,Latency Anomaly
2024-12-02 02:10:00,2.029166,Latency Anomaly
2024-12-02 02:15:00,2.0508235,Latency Anomaly
2024-12-02 02:20:00,2.0916867,Latency Anomaly
2024-12-02 02:25:00,2.1484175,Latency Anomaly
2024-12-02 02:30:00,2.1952589,Latency Anomaly
2024-12-02 02:35:00,2.2126777,Latency Anomaly
2024-12-02 02:40:00,2.2317944,Latency Anomaly
2024-12-02 02:45:00,2.2355494,Latency Anomaly
2024-12-02 02:50:00,2.2355828,Latency Anomaly
2024-12-02 02:55:00,2.2735248,Latency Anomaly
2024-12-02 03:00:00,2.308345,Latency Anomaly
2024-12-02 03:05:00,2.3272753,Latency Anomaly
2024-12-02 03:10:00,2.3352282,Latency Anomaly
2024-12-02 03:15:00,2.440792,Latency Anomaly
2024-12-02 03:20:00,2.443325,Latency Anomaly
2024-12-02 03:25:00,2.4588358,Latency Anomaly
2024-12-02 03:30:00,2.4702487,Latency Anomaly
2024-12-02 03:35:00,2.471343,Latency Anomaly
2024-12-02 03:40:00,2.4968815,Latency Anomaly
2024-12-02 03:45:00,2.5045621,Latency Anomaly
2024-12-02 03:50:00,2.513529,Latency Anomaly
2024-12-02 03:55:00,2.520572,Latency Anomaly
2024-12-02 04:00:00,2.5235498,Latency Anomaly
2024-12-02 04:05:00,2.527208,Latency Anomaly
2024-12-02 04:10:00,2.5280287,Latency Anomaly
2024-12-02 04:15:00,2.538822,Latency Anomaly
2024-12-02 04:20:00,2.5378277,Latency Anomaly
2024-12-02 04:25:00,2.5326958,Latency Anomaly
2024-12-02 04:30:00,2.530659,Latency Anomaly
2024-12-02 04:35:00,2.5298579,Latency Anomaly
2024-12-02 04:40:00,2.53729,Latency Anomaly
2024-12-02 04:45:00,2.5437205,Latency Anomaly
2024-12-02 04:50:00,2.5363374,Latency Anomaly
2024-12-02 04:55:00,2.568802,Latency Anomaly
2024-12-02 05:00:00,2.5683715,Latency Anomaly
2024-12-02 05:05:00,2.5691953,Latency Anomaly
2024-12-02 05:10:00,2.5795422,Latency Anomaly
2024-12-02 05:15:00,2.5802488,Latency Anomaly
2024-12-02 05:20:00,2.5650494,Latency Anomaly
2024-12-02 05:25:00,2.5528193,Latency Anomaly
2024-12-02 05:30:00,2.551094,Latency Anomaly
2024-12-02 05:35:00,2.5538056,Latency Anomaly
2024-12-02 05:40:00,2.5527532,Latency Anomaly
2024-12-02 05:45:00,2.546189,Latency Anomaly
2024-12-02 05:50:00,2.5548828,Latency Anomaly
2024-12-02 05:55:00,2.5638957,Latency Anomaly
2024-12-02 06:00:00,2.5559616,Latency Anomaly
2024-12-02 06:05:00,2.5530546,Latency Anomaly
2024-12-02 06:10:00,2.5389826,Latency Anomaly
2024-12-02 06:15:00,2.5227747,Latency Anomaly
2024-12-02 06:20:00,2.4768581,Latency Anomaly
2024-12-02 06:25:00,2.471485,Latency Anomaly
2024-12-02 06:30:00,2.462593,Latency Anomaly
2024-12-02 06:35:00,2.432066,Latency Anomaly
2024-12-02 06:40:00,2.4206142,Latency Anomaly
2024-12-02 06:45:00,2.3986824,Latency Anomaly
2024-12-02 06:50:00,2.3963492,Latency Anomaly
2024-12-02 06:55:00,2.3994267,Latency Anomaly
2024-12-02 07:00:00,2.3834622,Latency Anomaly
2024-12-02 07:05:00,2.3383439,Latency Anomaly
2024-12-02 07:10:00,2.308436,Latency Anomaly
2024-12-02 07:15:00,2.317789,Latency Anomaly
2024-12-02 07:20:00,2.3046694,Latency Anomaly
2024-12-02 07:25:00,2.2774394,Latency Anomaly
2024-12-02 07:30:00,2.2524004,Latency Anomaly
2024-12-02 07:35:00,2.2484863,Latency Anomaly
2024-12-02 07:40:00,2.2442608,Latency Anomaly
2024-12-02 07:45:00,2.2247193,Latency Anomaly
2024-12-02 07:50:00,2.2144642,Latency Anomaly
2024-12-02 07:55:00,2.1867197,Latency Anomaly
2024-12-02 08:00:00,2.1596727,Latency Anomaly
2024-12-02 08:05:00,2.0925262,Latency Anomaly
2024-12-02 08:10:00,2.0567946,Latency Anomaly
2024-12-02 08:15:00,2.0352638,Latency Anomaly
2024-12-02 08:20:00,2.0005672,Latency Anomaly
2024-12-02 08:25:00,1.9416451,Latency Anomaly
2024-12-02 08:30:00,1.883104,Latency Anomaly
2024-12-02 08:35:00,1.8583863,Latency Anomaly
2024-12-02 08:40:00,1.8338754,Latency Anomaly
2024-12-02 08:45:00,1.8184614,Latency Anomaly
2024-12-02 08:50:00,1.8110263,Latency Anomaly
2024-12-02 08:55:00,1.7680109,Latency Anomaly
2024-12-02 09:00:00,1.7289408,Latency Anomaly
2024-12-02 09:05:00,1.7126797,Latency Anomaly
2024-12-02 09:10:00,1.7115741,Latency Anomaly
2024-12-02 09:15:00,1.6062276,Latency Anomaly
2024-12-02 09:20:00,1.5903796,Latency Anomaly
2024-12-02 09:25:00,1.5708272,Latency Anomaly
2024-12-02 09:30:00,1.5624602,Latency Anomaly
2024-12-02 09:35:00,1.5598844,Latency Anomaly
2024-12-02 09:40:00,1.5299131,Latency Anomaly
2024-12-02 09:45:00,1.525115,Latency Anomaly
2024-12-02 09:50:00,1.5215654,Latency Anomaly
2024-12-02 09:55:00,1.5146258,Latency Anomaly
2024-12-02 10:00:00,1.5204904,Latency Anomaly
2024-12-02 10:05:00,1.5205157,Latency Anomaly
2024-12-02 10:10:00,1.5224686,Latency Anomaly
2024-12-02 10:15:00,1.5128056,Latency Anomaly
2024-12-02 10:20:00,1.5214934,Latency Anomaly
2024-12-02 10:25:00,1.5237819,Latency Anomaly
2024-12-02 10:30:00,1.5132562,Latency Anomaly
2024-12-02 10:35:00,1.5063263,Latency Anomaly
2024-12-02 10:40:00,1.500372,Latency Anomaly
2024-12-02 10:45:00,1.4958698,Latency Anomaly
2024-12-02 10:50:00,1.5027946,Latency Anomaly
2024-12-02 10:55:00,1.4800625,Latency Anomaly
2024-12-02 11:00:00,1.4833205,Latency Anomaly
2024-12-02 11:05:00,1.4854258,Latency Anomaly
2024-12-02 11:10:00,1.4765973,Latency Anomaly
2024-12-02 11:15:00,1.4777731,Latency Anomaly
2024-12-02 11:20:00,1.489797,Latency Anomaly
2024-12-02 11:25:00,1.4926221,Latency Anomaly
2024-12-02 11:30:00,1.4976687,Latency Anomaly
2024-12-02 11:35:00,1.4941417,Latency Anomaly
2024-12-02 11:40:00,1.4722562,Latency Anomaly
2024-12-02 11:45:00,1.480268,Latency Anomaly
2024-12-02 11:50:00,1.4797187,Latency Anomaly
2024-12-02 11:55:00,1.463673,Latency Anomaly
2024-12-02 12:00:00,1.4776858,Latency Anomaly
2024-12-02 12:05:00,1.48556,Latency Anomaly
2024-12-02 12:10:00,1.5080825,Latency Anomaly
2024-12-02 12:15:00,1.5461485,Latency Anomaly
2024-12-02 12:20:00,1.5626799,Latency Anomaly
2024-12-02 12:25:00,1.5828674,Latency Anomaly
2024-12-02 12:30:00,1.5952446,Latency Anomaly
2024-12-02 12:35:00,1.6057312,Latency Anomaly
2024-12-02 12:40:00,1.6241871,Latency Anomaly
2024-12-02 12:45:00,1.6434013,Latency Anomaly
2024-12-02 12:50:00,1.6482372,Latency Anomaly
2024-12-02 12:55:00,1.6522536,Latency Anomaly
2024-12-02 13:00:00,1.6622968,Latency Anomaly
2024-12-02 13:05:00,1.6810265,Latency Anomaly
2024-12-02 13:10:00,1.7106886,Latency Anomaly
2024-12-02 13:15:00,1.7140983,Latency Anomaly
2024-12-02 13:20:00,1.7280389,Latency Anomaly
2024-12-02 13:25:00,1.7477607,Latency Anomaly
2024-12-02 13:30:00,1.7611471,Latency Anomaly
2024-12-02 13:35:00,1.7706429,Latency Anomaly
2024-12-02 13:40:00,1.7860534,Latency Anomaly
2024-12-02 13:45:00,1.7971503,Latency Anomaly
2024-12-02 13:50:00,1.8274709,Latency Anomaly
2024-12-02 13:55:00,1.8471795,Latency Anomaly
2024-12-02 14:00:00,1.8626765,Latency Anomaly
2024-12-02 14:05:00,1.8853388,Latency Anomaly
2024-12-02 14:10:00,1.9028637,Latency Anomaly
2024-12-02 14:15:00,1.9162458,Latency Anomaly
2024-12-02 14:20:00,1.9321872,Latency Anomaly
2024-12-02 14:25:00,1.9575104,Latency Anomaly
2024-12-02 14:30:00,1.981049,Latency Anomaly
2024-12-02 14:35:00,1.9965597,Latency Anomaly
2024-12-02 14:40:00,2.0234373,Latency Anomaly
2024-12-02 14:45:00,2.0399435,Latency Anomaly
2024-12-02 14:50:00,2.0599332,Latency Anomaly
2024-12-02 14:55:00,2.0863407,Latency Anomaly
2024-12-02 15:00:00,2.0970266,Latency Anomaly
2024-12-02 15:05:00,2.111121,Latency Anomaly
2024-12-02 15:10:00,2.1253102,Latency Anomaly
2024-12-02 15:15:00,2.152104,Latency Anomaly
2024-12-02 15:20:00,2.1563544,Latency Anomaly
2024-12-02 15:25:00,2.1790035,Latency Anomaly
2024-12-02 15:30:00,2.1915102,Latency Anomaly
2024-12-02 15:35:00,2.2024207,Latency Anomaly
2024-12-02 15:40:00,2.2165947,Latency Anomaly
2024-12-02 15:45:00,2.236039,Latency Anomaly
2024-12-02 15:50:00,2.2495725,Latency Anomaly
2024-12-02 15:55:00,2.274475,Latency Anomaly
2024-12-02 16:00:00,2.2835295,Latency Anomaly
2024-12-02 16:05:00,2.3000982,Latency Anomaly
2024-12-02 16:10:00,2.3115616,Latency Anomaly
2024-12-02 16:15:00,2.3190851,Latency Anomaly
2024-12-02 16:20:00,2.3268788,Latency Anomaly
2024-12-02 16:25:00,2.3337111,Latency Anomaly
2024-12-02 16:30:00,2.3400629,Latency Anomaly
2024-12-02 16:35:00,2.3508506,Latency Anomaly
2024-12-02 16:40:00,2.3575144,Latency Anomaly
2024-12-02 16:45:00,2.3654468,Latency Anomaly
2024-12-02 16:50:00,2.3644567,Latency Anomaly
2024-12-02 16:55:00,2.372999,Latency Anomaly
2024-12-02 17:00:00,2.3843756,Latency Anomaly
2024-12-02 17:05:00,2.3844543,Latency Anomaly
2024-12-02 17:10:00,2.3866625,Latency Anomaly
2024-12-02 17:15:00,2.385641,Latency Anomaly
2024-12-02 17:20:00,2.383407,Latency Anomaly
2024-12-02 17:25:00,2.3776758,Latency Anomaly
2024-12-02 17:30:00,2.3813875,Latency Anomaly
2024-12-02 17:35:00,2.3844762,Latency Anomaly
2024-12-02 17:40:00,2.3868566,Latency Anomaly
2024-12-02 17:45:00,2.3877542,Latency Anomaly
2024-12-02 17:50:00,2.3911102,Latency Anomaly
2024-12-02 17:55:00,2.3973186,Latency Anomaly
2024-12-02 18:00:00,2.3865998,Latency Anomaly
2024-12-02 18:05:00,2.385879,Latency Anomaly
2024-12-02 18:10:00,2.3719554,Latency Anomaly
2024-12-02 18:15:00,2.332057,Latency Anomaly
2024-12-02 18:20:00,2.3254094,Latency Anomaly
2024-12-02 18:25:00,2.3158872,Latency Anomaly
2024-12-02 18:30:00,2.305263,Latency Anomaly
2024-12-02 18:35:00,2.3036919,Latency Anomaly
2024-12-02 18:40:00,2.2923446,Latency Anomaly
2024-12-02 18:45:00,2.277568,Latency Anomaly
2024-12-02 18:50:00,2.2763455,Latency Anomaly
2024-12-02 18:55:00,2.2644157,Latency Anomaly
2024-12-02 19:00:00,2.25671,Latency Anomaly
2024-12-02 19:05:00,2.2463453,Latency Anomaly
2024-12-02 19:10:00,2.2169685,Latency Anomaly
2024-12-02 19:15:00,2.1980603,Latency Anomaly
2024-12-02 19:20:00,2.1819358,Latency Anomaly
2024-12-02 19:25:00,2.17254,Latency Anomaly
2024-12-02 19:30:00,2.1708658,Latency Anomaly
2024-12-02 19:35:00,2.161397,Latency Anomaly
2024-12-02 19:40:00,2.1416674,Latency Anomaly
2024-12-02 19:45:00,2.126323,Latency Anomaly
2024-12-02 19:50:00,2.099461,Latency Anomaly
2024-12-02 19:55:00,2.0889137,Latency Anomaly
2024-12-02 20:00:00,2.0778468,Latency Anomaly
2024-12-02 20:05:00,2.054805,Latency Anomaly
2024-12-02 20:10:00,2.0321877,Latency Anomaly
2024-12-02 20:15:00,2.0252802,Latency Anomaly
2024-12-02 20:20:00,2.0080523,Latency Anomaly
2024-12-02 20:25:00,1.9844394,Latency Anomaly
2024-12-02 20:30:00,1.9616331,Latency Anomaly
2024-12-02 20:35:00,1.9504423,Latency Anomaly
2024-12-02 20:40:00,1.9332931,Latency Anomaly
2024-12-02 20:45:00,1.9151922,Latency Anomaly
2024-12-02 20:50:00,1.8929622,Latency Anomaly
2024-12-02 20:55:00,1.8852376,Latency Anomaly
2024-12-02 21:00:00,1.8682263,Latency Anomaly
2024-12-02 21:05:00,1.8492501,Latency Anomaly
2024-12-02 21:10:00,1.8247709,Latency Anomaly
2024-12-02 21:15:00,1.7948844,Latency Anomaly
2024-12-02 21:20:00,1.7771442,Latency Anomaly
2024-12-02 21:25:00,1.7520399,Latency Anomaly
2024-12-02 21:30:00,1.735966,Latency Anomaly
2024-12-02 21:35:00,1.723497,Latency Anomaly
2024-12-02 21:40:00,1.7106731,Latency Anomaly
2024-12-02 21:45:00,1.6891562,Latency Anomaly
2024-12-02 21:50:00,1.6674806,Latency Anomaly
2024-12-02 21:55:00,1.6480027,Latency Anomaly
2024-12-02 22:00:00,1.6385291,Latency Anomaly
2024-12-02 22:05:00,1.6214123,Latency Anomaly
2024-12-02 22:10:00,1.6096449,Latency Anomaly
2024-12-02 22:15:00,1.5948795,Latency Anomaly
2024-12-02 22:20:00,1.5744909,Latency Anomaly
2024-12-02 22:25:00,1.5621756,Latency Anomaly
2024-12-02 22:30:00,1.5611745,Latency Anomaly
2024-12-02 22:35:00,1.5485436,Latency Anomaly
2024-12-02 22:40:00,1.5422566,Latency Anomaly
2024-12-02 22:45:00,1.5212878,Latency Anomaly
2024-12-02 22:50:00,1.5175759,Latency Anomaly
2024-12-02 22:55:00,1.5144656,Latency Anomaly
2024-12-02 23:00:00,1.5101901,Latency Anomaly
2024-12-02 23:05:00,1.5079052,Latency Anomaly
2024-12-02 23:10:00,1.500071,Latency Anomaly
2024-12-02 23:15:00,1.4951142,Latency Anomaly
2024-12-02 23:20:00,1.4882265,Latency Anomaly
2024-12-02 23:25:00,1.4860859,Latency Anomaly
2024-12-02 23:30:00,1.474905,Latency Anomaly
2024-12-02 23:35:00,1.467671,Latency Anomaly
2024-12-02 23:40:00,1.4621202,Latency Anomaly
2024-12-02 23:45:00,1.4562123,Latency Anomaly
2024-12-02 23:50:00,1.4487962,Latency Anomaly
2024-12-02 23:55:00,1.4338527,Latency Anomaly
2024-12-03 00:00:00,1.4420353,Latency Anomaly
2024-12-03 00:05:00,1.4524939,Latency Anomaly
2024-12-03 00:10:00,1.456346,Latency Anomaly
2024-12-03 00:15:00,1.4597667,Latency Anomaly
2024-12-03 00:20:00,1.4614582,Latency Anomaly
2024-12-03 00:25:00,1.4663471,Latency Anomaly
2024-12-03 00:30:00,1.4741777,Latency Anomaly
2024-12-03 00:35:00,1.4792637,Latency Anomaly
2024-12-03 00:40:00,1.4791348,Latency Anomaly
2024-12-03 00:45:00,1.4972544,Latency Anomaly
2024-12-03 00:50:00,1.5297427,Latency Anomaly
2024-12-03 00:55:00,1.5326447,Latency Anomaly
2024-12-03 01:00:00,1.5512707,Latency Anomaly
2024-12-03 01:05:00,1.551193,Latency Anomaly
2024-12-03 01:10:00,1.565921,Latency Anomaly
2024-12-03 01:15:00,1.5894823,Latency Anomaly
2024-12-03 01:20:00,1.6349329,Latency Anomaly
2024-12-03 01:25:00,1.661104,Latency Anomaly
2024-12-03 01:30:00,1.6666579,Latency Anomaly
2024-12-03 01:35:00,1.6900835,Latency Anomaly
2024-12-03 01:40:00,1.7036549,Latency Anomaly
2024-12-03 01:45:00,1.7140619,Latency Anomaly
2024-12-03 01:50:00,1.7279944,Latency Anomaly
2024-12-03 01:55:00,1.7613119,Latency Anomaly
2024-12-03 02:00:00,1.7698381,Latency Anomaly
2024-12-03 02:05:00,1.7783496,Latency Anomaly
2024-12-03 02:10:00,1.847973,Latency Anomaly
2024-12-03 02:15:00,1.8605314,Latency Anomaly
2024-12-03 02:20:00,1.8666708,Latency Anomaly
2024-12-03 02:25:00,1.9267399,Latency Anomaly
2024-12-03 02:30:00,1.9774053,Latency Anomaly
2024-12-03 02:35:00,1.9936843,Latency Anomaly
2024-12-03 02:40:00,2.027392,Latency Anomaly
2024-12-03 02:45:00,2.1185634,Latency Anomaly
2024-12-03 02:50:00,2.1319299,Latency Anomaly
2024-12-03 02:55:00,2.1578367,Latency Anomaly
2024-12-03 03:00:00,2.1689992,Latency Anomaly
2024-12-03 03:05:00,2.1897337,Latency Anomaly
2024-12-03 03:10:00,2.204498,Latency Anomaly
2024-12-03 03:15:00,2.2488995,Latency Anomaly
2024-12-03 03:20:00,2.2624288,Latency Anomaly
2024-12-03 03:25:00,2.2856305,Latency Anomaly
2024-12-03 03:30:00,2.3079078,Latency Anomaly
2024-12-03 03:35:00,2.3182077,Latency Anomaly
2024-12-03 03:40:00,2.3401484,Latency Anomaly
2024-12-03 03:45:00,2.352511,Latency Anomaly
2024-12-03 03:50:00,2.365174,Latency Anomaly
2024-12-03 03:55:00,2.3698163,Latency Anomaly
2024-12-03 04:00:00,2.3705401,Latency Anomaly
2024-12-03 04:05:00,2.3871958,Latency Anomaly
2024-12-03 04:10:00,2.4095588,Latency Anomaly
2024-12-03 04:15:00,2.4250677,Latency Anomaly
2024-12-03 04:20:00,2.4324825,Latency Anomaly
2024-12-03 04:25:00,2.4451404,Latency Anomaly
2024-12-03 04:30:00,2.4330666,Latency Anomaly
2024-12-03 04:35:00,2.44754,Latency Anomaly
2024-12-03 04:40:00,2.4599702,Latency Anomaly
2024-12-03 04:45:00,2.4689586,Latency Anomaly
2024-12-03 04:50:00,2.508808,Latency Anomaly
2024-12-03 04:55:00,2.5096314,Latency Anomaly
2024-12-03 05:00:00,2.4965825,Latency Anomaly
2024-12-03 05:05:00,2.495918,Latency Anomaly
2024-12-03 05:10:00,2.5103061,Latency Anomaly
2024-12-03 05:15:00,2.5124335,Latency Anomaly
2024-12-03 05:20:00,2.5382898,Latency Anomaly
2024-12-03 05:25:00,2.54745,Latency Anomaly
2024-12-03 05:30:00,2.553866,Latency Anomaly
2024-12-03 05:35:00,2.5612907,Latency Anomaly
2024-12-03 05:40:00,2.5618198,Latency Anomaly
2024-12-03 05:45:00,2.5652623,Latency Anomaly
2024-12-03 05:50:00,2.570464,Latency Anomaly
2024-12-03 05:55:00,2.5777438,Latency Anomaly
2024-12-03 06:00:00,2.5674067,Latency Anomaly
2024-12-03 06:05:00,2.5532823,Latency Anomaly
2024-12-03 06:10:00,2.5494545,Latency Anomaly
2024-12-03 06:15:00,2.5450597,Latency Anomaly
2024-12-03 06:20:00,2.5387623,Latency Anomaly
2024-12-03 06:25:00,2.5219085,Latency Anomaly
2024-12-03 06:30:00,2.5106788,Latency Anomaly
2024-12-03 06:35:00,2.5030344,Latency Anomaly
2024-12-03 06:40:00,2.49711,Latency Anomaly
2024-12-03 06:45:00,2.4903216,Latency Anomaly
2024-12-03 06:50:00,2.4503582,Latency Anomaly
2024-12-03 06:55:00,2.4486983,Latency Anomaly
2024-12-03 07:00:00,2.427537,Latency Anomaly
2024-12-03 07:05:00,2.4228613,Latency Anomaly
2024-12-03 07:10:00,2.408359,Latency Anomaly
2024-12-03 07:15:00,2.3830779,Latency Anomaly
2024-12-03 07:20:00,2.338656,Latency Anomaly
2024-12-03 07:25:00,2.3036516,Latency Anomaly
2024-12-03 07:30:00,2.287252,Latency Anomaly
2024-12-03 07:35:00,2.269885,Latency Anomaly
2024-12-03 07:40:00,2.2539968,Latency Anomaly
2024-12-03 07:45:00,2.2419128,Latency Anomaly
2024-12-03 07:50:00,2.2289534,Latency Anomaly
2024-12-03 07:55:00,2.1885037,Latency Anomaly
2024-12-03 08:00:00,2.1776855,Latency Anomaly
2024-12-03 08:05:00,2.1684556,Latency Anomaly
2024-12-03 08:10:00,2.1027713,Latency Anomaly
2024-12-03 08:15:00,2.0848436,Latency Anomaly
2024-12-03 08:20:00,2.0772033,Latency Anomaly
2024-12-03 08:25:00,2.01752,Latency Anomaly
2024-12-03 08:30:00,1.9619572,Latency Anomaly
2024-12-03 08:35:00,1.9452057,Latency Anomaly
2024-12-03 08:40:00,1.9043574,Latency Anomaly
2024-12-03 08:45:00,1.8161308,Latency Anomaly
2024-12-03 08:50:00,1.8012016,Latency Anomaly
2024-12-03 08:55:00,1.7559638,Latency Anomaly
2024-12-03 09:00:00,1.7496221,Latency Anomaly
2024-12-03 09:05:00,1.7325196,Latency Anomaly
2024-12-03 09:10:00,1.7280198,Latency Anomaly
2024-12-03 09:15:00,1.685903,Latency Anomaly
2024-12-03 09:20:00,1.6776794,Latency Anomaly
2024-12-03 09:25:00,1.659244,Latency Anomaly
2024-12-03 09:30:00,1.6465389,Latency Anomaly
2024-12-03 09:35:00,1.6364439,Latency Anomaly
2024-12-03 09:40:00,1.6247698,Latency Anomaly
2024-12-03 09:45:00,1.6137925,Latency Anomaly
2024-12-03 09:50:00,1.6001066,Latency Anomaly
2024-12-03 09:55:00,1.5948231,Latency Anomaly
2024-12-03 10:00:00,1.5847229,Latency Anomaly
2024-12-03 10:05:00,1.5736227,Latency Anomaly
2024-12-03 10:10:00,1.5512891,Latency Anomaly
2024-12-03 10:15:00,1.542441,Latency Anomaly
2024-12-03 10:20:00,1.5468501,Latency Anomaly
2024-12-03 10:25:00,1.5409484,Latency Anomaly
2024-12-03 10:30:00,1.5438708,Latency Anomaly
2024-12-03 10:35:00,1.5459214,Latency Anomaly
2024-12-03 10:40:00,1.538014,Latency Anomaly
2024-12-03 10:45:00,1.5347863,Latency Anomaly
2024-12-03 10:50:00,1.4987937,Latency Anomaly
2024-12-03 10:55:00,1.4880078,Latency Anomaly
2024-12-03 11:00:00,1.4944816,Latency Anomaly
2024-12-03 11:05:00,1.5046465,Latency Anomaly
2024-12-03 11:10:00,1.49523,Latency Anomaly
2024-12-03 11:15:00,1.4995737,Latency Anomaly
2024-12-03 11:20:00,1.4820033,Latency Anomaly
2024-12-03 11:25:00,1.4800084,Latency Anomaly
2024-12-03 11:30:00,1.4774348,Latency Anomaly
2024-12-03 11:35:00,1.474729,Latency Anomaly
2024-12-03 11:40:00,1.4831259,Latency Anomaly
2024-12-03 11:45:00,1.4918616,Latency Anomaly
2024-12-03 11:50:00,1.4953825,Latency Anomaly
2024-12-03 11:55:00,1.5003653,Latency Anomaly
2024-12-03 12:00:00,1.5115689,Latency Anomaly
2024-12-03 12:05:00,1.5286404,Latency Anomaly
2024-12-03 12:10:00,1.5436556,Latency Anomaly
2024-12-03 12:15:00,1.5595483,Latency Anomaly
2024-12-03 12:20:00,1.5688641,Latency Anomaly
2024-12-03 12:25:00,1.5849962,Latency Anomaly
2024-12-03 12:30:00,1.6013236,Latency Anomaly
2024-12-03 12:35:00,1.6079097,Latency Anomaly
2024-12-03 12:40:00,1.6330726,Latency Anomaly
2024-12-03 12:45:00,1.6272788,Latency Anomaly
2024-12-03 12:50:00,1.6467842,Latency Anomaly
2024-12-03 12:55:00,1.6576985,Latency Anomaly
2024-12-03 13:00:00,1.6715893,Latency Anomaly
2024-12-03 13:05:00,1.6896966,Latency Anomaly
2024-12-03 13:10:00,1.7018412,Latency Anomaly
2024-12-03 13:15:00,1.7148589,Latency Anomaly
2024-12-03 13:20:00,1.7345572,Latency Anomaly
2024-12-03 13:25:00,1.7463928,Latency Anomaly
2024-12-03 13:30:00,1.7586439,Latency Anomaly
2024-12-03 13:35:00,1.774146,Latency Anomaly
2024-12-03 13:40:00,1.7888367,Latency Anomaly
2024-12-03 13:45:00,1.8162428,Latency Anomaly
2024-12-03 13:50:00,1.8342316,Latency Anomaly
2024-12-03 13:55:00,1.853539,Latency Anomaly
2024-12-03 14:00:00,1.8655782,Latency Anomaly
2024-12-03 14:05:00,1.8836911,Latency Anomaly
2024-12-03 14:10:00,1.9006642,Latency Anomaly
2024-12-03 14:15:00,1.9150262,Latency Anomaly
2024-12-03 14:20:00,1.9353915,Latency Anomaly
2024-12-03 14:25:00,1.9513153,Latency Anomaly
2024-12-03 14:30:00,1.9677944,Latency Anomaly
2024-12-03 14:35:00,1.9851553,Latency Anomaly
2024-12-03 14:40:00,2.0028684,Latency Anomaly
2024-12-03 14:45:00,2.0188282,Latency Anomaly
2024-12-03 14:50:00,2.0370884,Latency Anomaly
2024-12-03 14:55:00,2.0551128,Latency Anomaly
2024-12-03 15:00:00,2.0727017,Latency Anomaly
2024-12-03 15:05:00,2.0870266,Latency Anomaly
2024-12-03 15:10:00,2.0984614,Latency Anomaly
2024-12-03 15:15:00,2.1230109,Latency Anomaly
2024-12-03 15:20:00,2.1314728,Latency Anomaly
2024-12-03 15:25:00,2.1606648,Latency Anomaly
2024-12-03 15:30:00,2.1707888,Latency Anomaly
2024-12-03 15:35:00,2.1919286,Latency Anomaly
2024-12-03 15:40:00,2.2013059,Latency Anomaly
2024-12-03 15:45:00,2.2188935,Latency Anomaly
2024-12-03 15:50:00,2.2378976,Latency Anomaly
2024-12-03 15:55:00,2.2436035,Latency Anomaly
2024-12-03 16:00:00,2.2557776,Latency Anomaly
2024-12-03 16:05:00,2.261519,Latency Anomaly
2024-12-03 16:10:00,2.273471,Latency Anomaly
2024-12-03 16:15:00,2.2755055,Latency Anomaly
2024-12-03 16:20:00,2.2893186,Latency Anomaly
2024-12-03 16:25:00,2.2930593,Latency Anomaly
2024-12-03 16:30:00,2.3023705,Latency Anomaly
2024-12-03 16:35:00,2.301467,Latency Anomaly
2024-12-03 16:40:00,2.3086348,Latency Anomaly
2024-12-03 16:45:00,2.3194203,Latency Anomaly
2024-12-03 16:50:00,2.3225305,Latency Anomaly
2024-12-03 16:55:00,2.3328483,Latency Anomaly
2024-12-03 17:00:00,2.330351,Latency Anomaly
2024-12-03 17:05:00,2.3255184,Latency Anomaly
2024-12-03 17:10:00,2.3284307,Latency Anomaly
2024-12-03 17:15:00,2.3348467,Latency Anomaly
2024-12-03 17:20:00,2.3306978,Latency Anomaly
2024-12-03 17:25:00,2.3320246,Latency Anomaly
2024-12-03 17:30:00,2.3389142,Latency Anomaly
2024-12-03 17:35:00,2.3440704,Latency Anomaly
2024-12-03 17:40:00,2.3477929,Latency Anomaly
2024-12-03 17:45:00,2.3540661,Latency Anomaly
2024-12-03 17:50:00,2.3496575,Latency Anomaly
2024-12-03 17:55:00,2.3456585,Latency Anomaly
2024-12-03 18:00:00,2.3398511,Latency Anomaly
2024-12-03 18:05:00,2.32863,Latency Anomaly
2024-12-03 18:10:00,2.314466,Latency Anomaly
2024-12-03 18:15:00,2.3003368,Latency Anomaly
2024-12-03 18:20:00,2.305735,Latency Anomaly
2024-12-03 18:25:00,2.3054364,Latency Anomaly
2024-12-03 18:30:00,2.2975392,Latency Anomaly
2024-12-03 18:35:00,2.2858386,Latency Anomaly
2024-12-03 18:40:00,2.2585695,Latency Anomaly
2024-12-03 18:45:00,2.2574897,Latency Anomaly
2024-12-03 18:50:00,2.2436483,Latency Anomaly
2024-12-03 18:55:00,2.233083,Latency Anomaly
2024-12-03 19:00:00,2.2236862,Latency Anomaly
2024-12-03 19:05:00,2.203881,Latency Anomaly
2024-12-03 19:10:00,2.199106,Latency Anomaly
2024-12-03 19:15:00,2.1865733,Latency Anomaly
2024-12-03 19:20:00,2.1659636,Latency Anomaly
2024-12-03 19:25:00,2.1622362,Latency Anomaly
2024-12-03 19:30:00,2.1530297,Latency Anomaly
2024-12-03 19:35:00,2.1255152,Latency Anomaly
2024-12-03 19:40:00,2.1136844,Latency Anomaly
2024-12-03 19:45:00,2.088423,Latency Anomaly
2024-12-03 19:50:00,2.0727983,Latency Anomaly
2024-12-03 19:55:00,2.0573337,Latency Anomaly
2024-12-03 20:00:00,2.0417705,Latency Anomaly
2024-12-03 20:05:00,2.027959,Latency Anomaly
2024-12-03 20:10:00,2.0107687,Latency Anomaly
2024-12-03 20:15:00,1.9923624,Latency Anomaly
2024-12-03 20:20:00,1.97459,Latency Anomaly
2024-12-03 20:25:00,1.9579803,Latency Anomaly
2024-12-03 20:30:00,1.9440954,Latency Anomaly
2024-12-03 20:35:00,1.9225981,Latency Anomaly
2024-12-03 20:40:00,1.9104346,Latency Anomaly
2024-12-03 20:45:00,1.8908333,Latency Anomaly
2024-12-03 20:50:00,1.8762032,Latency Anomaly
2024-12-03 20:55:00,1.8612269,Latency Anomaly
2024-12-03 21:00:00,1.842743,Latency Anomaly
2024-12-03 21:05:00,1.8247863,Latency Anomaly
2024-12-03 21:10:00,1.8058058,Latency Anomaly
2024-12-03 21:15:00,1.7781558,Latency Anomaly
2024-12-03 21:20:00,1.7624012,Latency Anomaly
2024-12-03 21:25:00,1.7302705,Latency Anomaly
2024-12-03 21:30:00,1.7082846,Latency Anomaly
2024-12-03 21:35:00,1.6903644,Latency Anomaly
2024-12-03 21:40:00,1.6763965,Latency Anomaly
2024-12-03 21:45:00,1.6542879,Latency Anomaly
2024-12-03 21:50:00,1.6384516,Latency Anomaly
2024-12-03 21:55:00,1.6229461,Latency Anomaly
2024-12-03 22:00:00,1.6090822,Latency Anomaly
2024-12-03 22:05:00,1.5913674,Latency Anomaly
2024-12-03 22:10:00,1.5754427,Latency Anomaly
2024-12-03 22:15:00,1.5635043,Latency Anomaly
2024-12-03 22:20:00,1.548215,Latency Anomaly
2024-12-03 22:25:00,1.5331761,Latency Anomaly
2024-12-03 22:30:00,1.5144114,Latency Anomaly
2024-12-03 22:35:00,1.5068932,Latency Anomaly
2024-12-03 22:40:00,1.4978925,Latency Anomaly
2024-12-03 22:45:00,1.4908187,Latency Anomaly
2024-12-03 22:50:00,1.4777344,Latency Anomaly
2024-12-03 22:55:00,1.468047,Latency Anomaly
2024-12-03 23:00:00,1.4663303,Latency Anomaly
2024-12-03 23:05:00,1.4640061,Latency Anomaly
2024-12-03 23:10:00,1.4704556,Latency Anomaly
2024-12-03 23:15:00,1.458013,Latency Anomaly
2024-12-03 23:20:00,1.4508619,Latency Anomaly
2024-12-03 23:25:00,1.445506,Latency Anomaly
2024-12-03 23:30:00,1.4481844,Latency Anomaly
2024-12-03 23:35:00,1.4487717,Latency Anomaly
2024-12-03 23:40:00,1.4334539,Latency Anomaly
2024-12-03 23:45:00,1.4150567,Latency Anomaly
2024-12-03 23:50:00,1.4086894,Latency Anomaly
2024-12-03 23:55:00,1.4061685,Latency Anomaly
2024-12-04 00:00:00,1.4165877,Latency Anomaly
2024-12-04 00:05:00,1.4254271,Latency Anomaly
2024-12-04 00:10:00,1.4363505,Latency Anomaly
2024-12-04 00:15:00,1.4558045,Latency Anomaly
2024-12-04 00:20:00,1.4465041,Latency Anomaly
2024-12-04 00:25:00,1.4466157,Latency Anomaly
2024-12-04 00:30:00,1.4507759,Latency Anomaly
2024-12-04 00:35:00,1.455941,Latency Anomaly
2024-12-04 00:40:00,1.4635512,Latency Anomaly
2024-12-04 00:45:00,1.4775227,Latency Anomaly
2024-12-04 00:50:00,1.491567,Latency Anomaly
2024-12-04 00:55:00,1.5044959,Latency Anomaly
2024-12-04 01:00:00,1.5261533,Latency Anomaly
2024-12-04 01:05:00,1.5369499,Latency Anomaly
2024-12-04 01:10:00,1.5593513,Latency Anomaly
2024-12-04 01:15:00,1.5843648,Latency Anomaly
2024-12-04 01:20:00,1.6020643,Latency Anomaly
2024-12-04 01:25:00,1.6091936,Latency Anomaly
2024-12-04 01:30:00,1.6193575,Latency Anomaly
2024-12-04 01:35:00,1.6276911,Latency Anomaly
2024-12-04 01:40:00,1.6470659,Latency Anomaly
2024-12-04 01:45:00,1.6927032,Latency Anomaly
2024-12-04 01:50:00,1.7121272,Latency Anomaly
2024-12-04 01:55:00,1.7250577,Latency Anomaly
2024-12-04 02:00:00,1.7734746,Latency Anomaly
2024-12-04 02:05:00,1.7907499,Latency Anomaly
2024-12-04 02:10:00,1.8358208,Latency Anomaly
2024-12-04 02:15:00,1.8619733,Latency Anomaly
2024-12-04 02:20:00,1.8838974,Latency Anomaly
2024-12-04 02:25:00,1.9427314,Latency Anomaly
2024-12-04 02:30:00,1.9634359,Latency Anomaly
2024-12-04 02:35:00,1.9773506,Latency Anomaly
2024-12-04 02:40:00,2.002652,Latency Anomaly
2024-12-04 02:45:00,2.0237427,Latency Anomaly
2024-12-04 02:50:00,2.035001,Latency Anomaly
2024-12-04 02:55:00,2.0560918,Latency Anomaly
2024-12-04 03:00:00,2.0851467,Latency Anomaly
2024-12-04 03:05:00,2.1401405,Latency Anomaly
2024-12-04 03:10:00,2.1485038,Latency Anomaly
2024-12-04 03:15:00,2.1788785,Latency Anomaly
2024-12-04 03:20:00,2.1989405,Latency Anomaly
2024-12-04 03:25:00,2.2475193,Latency Anomaly
2024-12-04 03:30:00,2.299847,Latency Anomaly
2024-12-04 03:35:00,2.319144,Latency Anomaly
2024-12-04 03:40:00,2.3284657,Latency Anomaly
2024-12-04 03:45:00,2.343912,Latency Anomaly
2024-12-04 03:50:00,2.3740053,Latency Anomaly
2024-12-04 03:55:00,2.4172468,Latency Anomaly
2024-12-04 04:00:00,2.4283621,Latency Anomaly
2024-12-04 04:05:00,2.451508,Latency Anomaly
2024-12-04 04:10:00,2.4909961,Latency Anomaly
2024-12-04 04:15:00,2.4945095,Latency Anomaly
2024-12-04 04:20:00,2.4869957,Latency Anomaly
2024-12-04 04:25:00,2.5098855,Latency Anomaly
2024-12-04 04:30:00,2.52289,Latency Anomaly
2024-12-04 04:35:00,2.5254288,Latency Anomaly
2024-12-04 04:40:00,2.5323145,Latency Anomaly
2024-12-04 04:45:00,2.5331824,Latency Anomaly
2024-12-04 04:50:00,2.5452945,Latency Anomaly
2024-12-04 04:55:00,2.559692,Latency Anomaly
2024-12-04 05:00:00,2.5597908,Latency Anomaly
2024-12-04 05:05:00,2.555491,Latency Anomaly
2024-12-04 05:10:00,2.548377,Latency Anomaly
2024-12-04 05:15:00,2.5507984,Latency Anomaly
2024-12-04 05:20:00,2.552292,Latency Anomaly
2024-12-04 05:25:00,2.5554857,Latency Anomaly
2024-12-04 05:30:00,2.5415158,Latency Anomaly
2024-12-04 05:35:00,2.5444834,Latency Anomaly
2024-12-04 05:40:00,2.5444884,Latency Anomaly
2024-12-04 05:45:00,2.5484145,Latency Anomaly
2024-12-04 05:50:00,2.5639784,Latency Anomaly
2024-12-04 05:55:00,2.5601232,Latency Anomaly
2024-12-04 06:00:00,2.5471494,Latency Anomaly
2024-12-04 06:05:00,2.530252,Latency Anomaly
2024-12-04 06:10:00,2.5139475,Latency Anomaly
2024-12-04 06:15:00,2.493777,Latency Anomaly
2024-12-04 06:20:00,2.4775603,Latency Anomaly
2024-12-04 06:25:00,2.493667,Latency Anomaly
2024-12-04 06:30:00,2.4888978,Latency Anomaly
2024-12-04 06:35:00,2.47739,Latency Anomaly
2024-12-04 06:40:00,2.4794748,Latency Anomaly
2024-12-04 06:45:00,2.4645162,Latency Anomaly
2024-12-04 06:50:00,2.446306,Latency Anomaly
2024-12-04 06:55:00,2.4285977,Latency Anomaly
2024-12-04 07:00:00,2.400023,Latency Anomaly
2024-12-04 07:05:00,2.3903894,Latency Anomaly
2024-12-04 07:10:00,2.3590333,Latency Anomaly
2024-12-04 07:15:00,2.339667,Latency Anomaly
2024-12-04 07:20:00,2.325646,Latency Anomaly
2024-12-04 07:25:00,2.3096588,Latency Anomaly
2024-12-04 07:30:00,2.2989132,Latency Anomaly
2024-12-04 07:35:00,2.2943487,Latency Anomaly
2024-12-04 07:40:00,2.2733245,Latency Anomaly
2024-12-04 07:45:00,2.227398,Latency Anomaly
2024-12-04 07:50:00,2.2038622,Latency Anomaly
2024-12-04 07:55:00,2.1919043,Latency Anomaly
2024-12-04 08:00:00,2.145634,Latency Anomaly
2024-12-04 08:05:00,2.127431,Latency Anomaly
2024-12-04 08:10:00,2.089186,Latency Anomaly
2024-12-04 08:15:00,2.0662467,Latency Anomaly
2024-12-04 08:20:00,2.0418758,Latency Anomaly
2024-12-04 08:25:00,1.9855356,Latency Anomaly
2024-12-04 08:30:00,1.969746,Latency Anomaly
2024-12-04 08:35:00,1.959331,Latency Anomaly
2024-12-04 08:40:00,1.9290947,Latency Anomaly
2024-12-04 08:45:00,1.9089403,Latency Anomaly
2024-12-04 08:50:00,1.8928293,Latency Anomaly
2024-12-04 08:55:00,1.8832273,Latency Anomaly
2024-12-04 09:00:00,1.868213,Latency Anomaly
2024-12-04 09:05:00,1.8247149,Latency Anomaly
2024-12-04 09:10:00,1.8232136,Latency Anomaly
2024-12-04 09:15:00,1.7940056,Latency Anomaly
2024-12-04 09:20:00,1.7741034,Latency Anomaly
2024-12-04 09:25:00,1.7322383,Latency Anomaly
2024-12-04 09:30:00,1.6849558,Latency Anomaly
2024-12-04 09:35:00,1.6772616,Latency Anomaly
2024-12-04 09:40:00,1.6636897,Latency Anomaly
2024-12-04 09:45:00,1.6592228,Latency Anomaly
2024-12-04 09:50:00,1.629963,Latency Anomaly
2024-12-04 09:55:00,1.5968806,Latency Anomaly
2024-12-04 10:00:00,1.5882024,Latency Anomaly
2024-12-04 10:05:00,1.5746268,Latency Anomaly
2024-12-04 10:10:00,1.541295,Latency Anomaly
2024-12-04 10:15:00,1.546152,Latency Anomaly
2024-12-04 10:20:00,1.5613443,Latency Anomaly
2024-12-04 10:25:00,1.5589228,Latency Anomaly
2024-12-04 10:30:00,1.5634183,Latency Anomaly
2024-12-04 10:35:00,1.5590386,Latency Anomaly
2024-12-04 10:40:00,1.5525732,Latency Anomaly
2024-12-04 10:45:00,1.547131,Latency Anomaly
2024-12-04 10:50:00,1.5486037,Latency Anomaly
2024-12-04 10:55:00,1.5308778,Latency Anomaly
2024-12-04 11:00:00,1.5347451,Latency Anomaly
2024-12-04 11:05:00,1.5423415,Latency Anomaly
2024-12-04 11:10:00,1.543306,Latency Anomaly
2024-12-04 11:15:00,1.5485089,Latency Anomaly
2024-12-04 11:20:00,1.5524158,Latency Anomaly
2024-12-04 11:25:00,1.5529392,Latency Anomaly
2024-12-04 11:30:00,1.5653931,Latency Anomaly
2024-12-04 11:35:00,1.560411,Latency Anomaly
2024-12-04 11:40:00,1.569134,Latency Anomaly
2024-12-04 11:45:00,1.5895389,Latency Anomaly
2024-12-04 11:50:00,1.5743371,Latency Anomaly
2024-12-04 11:55:00,1.5810305,Latency Anomaly
2024-12-04 12:00:00,1.6206621,Latency Anomaly
2024-12-04 12:05:00,1.635331,Latency Anomaly
2024-12-04 12:10:00,1.651505,Latency Anomaly
2024-12-04 12:15:00,1.6616968,Latency Anomaly
2024-12-04 12:20:00,1.6740953,Latency Anomaly
2024-12-04 12:25:00,1.6561307,Latency Anomaly
2024-12-04 12:30:00,1.6610856,Latency Anomaly
2024-12-04 12:35:00,1.6905203,Latency Anomaly
2024-12-04 12:40:00,1.6901392,Latency Anomaly
2024-12-04 12:45:00,1.6959716,Latency Anomaly
2024-12-04 12:50:00,1.7137424,Latency Anomaly
2024-12-04 12:55:00,1.7304167,Latency Anomaly
2024-12-04 13:00:00,1.7414254,Latency Anomaly
2024-12-04 13:05:00,1.7556796,Latency Anomaly
2024-12-04 13:10:00,1.7815657,Latency Anomaly
2024-12-04 13:15:00,1.7937473,Latency Anomaly
2024-12-04 13:20:00,1.8133684,Latency Anomaly
2024-12-04 13:25:00,1.830463,Latency Anomaly
2024-12-04 13:30:00,1.8485053,Latency Anomaly
2024-12-04 13:35:00,1.8638017,Latency Anomaly
2024-12-04 13:40:00,1.8760293,Latency Anomaly
2024-12-04 13:45:00,1.8908448,Latency Anomaly
2024-12-04 13:50:00,1.910107,Latency Anomaly
2024-12-04 13:55:00,1.9180775,Latency Anomaly
2024-12-04 14:00:00,1.9371464,Latency Anomaly
2024-12-04 14:05:00,1.9536825,Latency Anomaly
2024-12-04 14:10:00,1.9701996,Latency Anomaly
2024-12-04 14:15:00,1.9908123,Latency Anomaly
2024-12-04 14:20:00,2.0118933,Latency Anomaly
2024-12-04 14:25:00,2.0238633,Latency Anomaly
2024-12-04 14:30:00,2.0309117,Latency Anomaly
2024-12-04 14:35:00,2.0531216,Latency Anomaly
2024-12-04 14:40:00,2.0735397,Latency Anomaly
2024-12-04 14:45:00,2.0970225,Latency Anomaly
2024-12-04 14:50:00,2.117974,Latency Anomaly
2024-12-04 14:55:00,2.1214123,Latency Anomaly
2024-12-04 15:00:00,2.132371,Latency Anomaly
2024-12-04 15:05:00,2.13986,Latency Anomaly
2024-12-04 15:10:00,2.1573994,Latency Anomaly
2024-12-04 15:15:00,2.1701424,Latency Anomaly
2024-12-04 15:20:00,2.1887913,Latency Anomaly
2024-12-04 15:25:00,2.192673,Latency Anomaly
2024-12-04 15:30:00,2.2077017,Latency Anomaly
2024-12-04 15:35:00,2.2115366,Latency Anomaly
2024-12-04 15:40:00,2.2306058,Latency Anomaly
2024-12-04 15:45:00,2.245074,Latency Anomaly
2024-12-04 15:50:00,2.2657728,Latency Anomaly
2024-12-04 15:55:00,2.2798011,Latency Anomaly
2024-12-04 16:00:00,2.2915268,Latency Anomaly
2024-12-04 16:05:00,2.2946427,Latency Anomaly
2024-12-04 16:10:00,2.3009527,Latency Anomaly
2024-12-04 16:15:00,2.3122084,Latency Anomaly
2024-12-04 16:20:00,2.3113713,Latency Anomaly
2024-12-04 16:25:00,2.3085515,Latency Anomaly
2024-12-04 16:30:00,2.3102148,Latency Anomaly
2024-12-04 16:35:00,2.3131247,Latency Anomaly
2024-12-04 16:40:00,2.325013,Latency Anomaly
2024-12-04 16:45:00,2.336333,Latency Anomaly
2024-12-04 16:50:00,2.3333776,Latency Anomaly
2024-12-04 16:55:00,2.3419578,Latency Anomaly
2024-12-04 17:00:00,2.341279,Latency Anomaly
2024-12-04 17:05:00,2.3373816,Latency Anomaly
2024-12-04 17:10:00,2.3484132,Latency Anomaly
2024-12-04 17:15:00,2.3480856,Latency Anomaly
2024-12-04 17:20:00,2.34986,Latency Anomaly
2024-12-04 17:25:00,2.3531234,Latency Anomaly
2024-12-04 17:30:00,2.3504074,Latency Anomaly
2024-12-04 17:35:00,2.3545325,Latency Anomaly
2024-12-04 17:40:00,2.3574998,Latency Anomaly
2024-12-04 17:45:00,2.3442566,Latency Anomaly
2024-12-04 17:50:00,2.3457878,Latency Anomaly
2024-12-04 17:55:00,2.346288,Latency Anomaly
2024-12-04 18:00:00,2.317864,Latency Anomaly
2024-12-04 18:05:00,2.3080153,Latency Anomaly
2024-12-04 18:10:00,2.29539,Latency Anomaly
2024-12-04 18:15:00,2.2877078,Latency Anomaly
2024-12-04 18:20:00,2.2843025,Latency Anomaly
2024-12-04 18:25:00,2.2759635,Latency Anomaly
2024-12-04 18:30:00,2.2722733,Latency Anomaly
2024-12-04 18:35:00,2.2529554,Latency Anomaly
2024-12-04 18:40:00,2.2439008,Latency Anomaly
2024-12-04 18:45:00,2.2455199,Latency Anomaly
2024-12-04 18:50:00,2.2421417,Latency Anomaly
2024-12-04 18:55:00,2.233843,Latency Anomaly
2024-12-04 19:00:00,2.2272482,Latency Anomaly
2024-12-04 19:05:00,2.2132134,Latency Anomaly
2024-12-04 19:10:00,2.1905487,Latency Anomaly
2024-12-04 19:15:00,2.1752703,Latency Anomaly
2024-12-04 19:20:00,2.158927,Latency Anomaly
2024-12-04 19:25:00,2.1511836,Latency Anomaly
2024-12-04 19:30:00,2.1370878,Latency Anomaly
2024-12-04 19:35:00,2.1208968,Latency Anomaly
2024-12-04 19:40:00,2.1120446,Latency Anomaly
2024-12-04 19:45:00,2.101486,Latency Anomaly
2024-12-04 19:50:00,2.0875762,Latency Anomaly
2024-12-04 19:55:00,2.0751688,Latency Anomaly
2024-12-04 20:00:00,2.058056,Latency Anomaly
2024-12-04 20:05:00,2.0430586,Latency Anomaly
2024-12-04 20:10:00,2.0232425,Latency Anomaly
2024-12-04 20:15:00,1.9997278,Latency Anomaly
2024-12-04 20:20:00,1.9752696,Latency Anomaly
2024-12-04 20:25:00,1.9637479,Latency Anomaly
2024-12-04 20:30:00,1.9708784,Latency Anomaly
2024-12-04 20:35:00,1.9636183,Latency Anomaly
2024-12-04 20:40:00,1.9511417,Latency Anomaly
2024-12-04 20:45:00,1.9276142,Latency Anomaly
2024-12-04 20:50:00,1.9176319,Latency Anomaly
2024-12-04 20:55:00,1.8995585,Latency Anomaly
2024-12-04 21:00:00,1.8782365,Latency Anomaly
2024-12-04 21:05:00,1.8648883,Latency Anomaly
2024-12-04 21:10:00,1.845224,Latency Anomaly
2024-12-04 21:15:00,1.8323227,Latency Anomaly
2024-12-04 21:20:00,1.8176633,Latency Anomaly
2024-12-04 21:25:00,1.8014152,Latency Anomaly
2024-12-04 21:30:00,1.7864891,Latency Anomaly
2024-12-04 21:35:00,1.7703019,Latency Anomaly
2024-12-04 21:40:00,1.7502418,Latency Anomaly
2024-12-04 21:45:00,1.7307996,Latency Anomaly
2024-12-04 21:50:00,1.7196028,Latency Anomaly
2024-12-04 21:55:00,1.6970756,Latency Anomaly
2024-12-04 22:00:00,1.6819599,Latency Anomaly
2024-12-04 22:05:00,1.6747321,Latency Anomaly
2024-12-04 22:10:00,1.6619714,Latency Anomaly
2024-12-04 22:15:00,1.6434758,Latency Anomaly
2024-12-04 22:20:00,1.6315714,Latency Anomaly
2024-12-04 22:25:00,1.6239346,Latency Anomaly
2024-12-04 22:30:00,1.6107907,Latency Anomaly
2024-12-04 22:35:00,1.60829,Latency Anomaly
2024-12-04 22:40:00,1.5944908,Latency Anomaly
2024-12-04 22:45:00,1.5777904,Latency Anomaly
2024-12-04 22:50:00,1.5659877,Latency Anomaly
2024-12-04 22:55:00,1.5541521,Latency Anomaly
2024-12-04 23:00:00,1.5512908,Latency Anomaly
2024-12-04 23:05:00,1.553674,Latency Anomaly
2024-12-04 23:10:00,1.536489,Latency Anomaly
2024-12-04 23:15:00,1.5385784,Latency Anomaly
2024-12-04 23:20:00,1.541763,Latency Anomaly
2024-12-04 23:25:00,1.5381293,Latency Anomaly
2024-12-04 23:30:00,1.5323595,Latency Anomaly
2024-12-04 23:35:00,1.5378605,Latency Anomaly
2024-12-04 23:40:00,1.5319582,Latency Anomaly
2024-12-04 23:45:00,1.5205336,Latency Anomaly
2024-12-04 23:50:00,1.5224435,Latency Anomaly
2024-12-04 23:55:00,1.5178093,Latency Anomaly
2024-12-05 00:00:00,1.513895,Latency Anomaly
2024-12-05 00:05:00,1.5176812,Latency Anomaly
2024-12-05 00:10:00,1.5255626,Latency Anomaly
2024-12-05 00:15:00,1.5368711,Latency Anomaly
2024-12-05 00:20:00,1.5445453,Latency Anomaly
2024-12-05 00:25:00,1.5520523,Latency Anomaly
2024-12-05 00:30:00,1.5550991,Latency Anomaly
2024-12-05 00:35:00,1.5682465,Latency Anomaly
2024-12-05 00:40:00,1.593566,Latency Anomaly
2024-12-05 00:45:00,1.5906843,Latency Anomaly
2024-12-05 00:50:00,1.5827813,Latency Anomaly
2024-12-05 00:55:00,1.5952455,Latency Anomaly
2024-12-05 01:00:00,1.6260475,Latency Anomaly
2024-12-05 01:05:00,1.6372458,Latency Anomaly
2024-12-05 01:10:00,1.6479234,Latency Anomaly
2024-12-05 01:15:00,1.6739047,Latency Anomaly
2024-12-05 01:20:00,1.6785816,Latency Anomaly
2024-12-05 01:25:00,1.6848897,Latency Anomaly
2024-12-05 01:30:00,1.7045004,Latency Anomaly
2024-12-05 01:35:00,1.7167184,Latency Anomaly
2024-12-05 01:40:00,1.7436329,Latency Anomaly
2024-12-05 01:45:00,1.8228977,Latency Anomaly
2024-12-05 01:50:00,1.8262043,Latency Anomaly
2024-12-05 01:55:00,1.844389,Latency Anomaly
2024-12-05 02:00:00,1.8552487,Latency Anomaly
2024-12-05 02:05:00,1.8607017,Latency Anomaly
2024-12-05 02:10:00,1.9022914,Latency Anomaly
2024-12-05 02:15:00,1.9480566,Latency Anomaly
2024-12-05 02:20:00,1.9933528,Latency Anomaly
2024-12-05 02:25:00,2.0112472,Latency Anomaly
2024-12-05 02:30:00,2.005693,Latency Anomaly
2024-12-05 02:35:00,2.0129669,Latency Anomaly
2024-12-05 02:40:00,2.0422554,Latency Anomaly
2024-12-05 02:45:00,2.068149,Latency Anomaly
2024-12-05 02:50:00,2.071877,Latency Anomaly
2024-12-05 02:55:00,2.0840688,Latency Anomaly
2024-12-05 03:00:00,2.112387,Latency Anomaly
2024-12-05 03:05:00,2.1449823,Latency Anomaly
2024-12-05 03:10:00,2.2099512,Latency Anomaly
2024-12-05 03:15:00,2.2259831,Latency Anomaly
2024-12-05 03:20:00,2.2418327,Latency Anomaly
2024-12-05 03:25:00,2.2695804,Latency Anomaly
2024-12-05 03:30:00,2.2728872,Latency Anomaly
2024-12-05 03:35:00,2.294581,Latency Anomaly
2024-12-05 03:40:00,2.3127491,Latency Anomaly
2024-12-05 03:45:00,2.3204496,Latency Anomaly
2024-12-05 03:50:00,2.3223882,Latency Anomaly
2024-12-05 03:55:00,2.364003,Latency Anomaly
2024-12-05 04:00:00,2.3698225,Latency Anomaly
2024-12-05 04:05:00,2.3889825,Latency Anomaly
2024-12-05 04:10:00,2.4030886,Latency Anomaly
2024-12-05 04:15:00,2.411616,Latency Anomaly
2024-12-05 04:20:00,2.4147086,Latency Anomaly
2024-12-05 04:25:00,2.4415848,Latency Anomaly
2024-12-05 04:30:00,2.4532619,Latency Anomaly
2024-12-05 04:35:00,2.4541414,Latency Anomaly
2024-12-05 04:40:00,2.4687428,Latency Anomaly
2024-12-05 04:45:00,2.4894836,Latency Anomaly
2024-12-05 04:50:00,2.4882047,Latency Anomaly
2024-12-05 04:55:00,2.5039465,Latency Anomaly
2024-12-05 05:00:00,2.499106,Latency Anomaly
2024-12-05 05:05:00,2.4950416,Latency Anomaly
2024-12-05 05:10:00,2.496691,Latency Anomaly
2024-12-05 05:15:00,2.4928558,Latency Anomaly
2024-12-05 05:20:00,2.4875145,Latency Anomaly
2024-12-05 05:25:00,2.489248,Latency Anomaly
2024-12-05 05:30:00,2.491937,Latency Anomaly
2024-12-05 05:35:00,2.481306,Latency Anomaly
2024-12-05 05:40:00,2.482182,Latency Anomaly
2024-12-05 05:45:00,2.4836748,Latency Anomaly
2024-12-05 05:50:00,2.4911656,Latency Anomaly
2024-12-05 05:55:00,2.49175,Latency Anomaly
2024-12-05 06:00:00,2.4806182,Latency Anomaly
2024-12-05 06:05:00,2.475863,Latency Anomaly
2024-12-05 06:10:00,2.474846,Latency Anomaly
2024-12-05 06:15:00,2.4626617,Latency Anomaly
2024-12-05 06:20:00,2.4477837,Latency Anomaly
2024-12-05 06:25:00,2.4374652,Latency Anomaly
2024-12-05 06:30:00,2.4309533,Latency Anomaly
2024-12-05 06:35:00,2.4232605,Latency Anomaly
2024-12-05 06:40:00,2.393028,Latency Anomaly
2024-12-05 06:45:00,2.394581,Latency Anomaly
2024-12-05 06:50:00,2.3999038,Latency Anomaly
2024-12-05 06:55:00,2.3821657,Latency Anomaly
2024-12-05 07:00:00,2.3439126,Latency Anomaly
2024-12-05 07:05:00,2.3291588,Latency Anomaly
2024-12-05 07:10:00,2.3194606,Latency Anomaly
2024-12-05 07:15:00,2.2884214,Latency Anomaly
2024-12-05 07:20:00,2.279383,Latency Anomaly
2024-12-05 07:25:00,2.2628906,Latency Anomaly
2024-12-05 07:30:00,2.2388856,Latency Anomaly
2024-12-05 07:35:00,2.223949,Latency Anomaly
2024-12-05 07:40:00,2.197082,Latency Anomaly
2024-12-05 07:45:00,2.1108747,Latency Anomaly
2024-12-05 07:50:00,2.1009438,Latency Anomaly
2024-12-05 07:55:00,2.08412,Latency Anomaly
2024-12-05 08:00:00,2.081733,Latency Anomaly
2024-12-05 08:05:00,2.0781748,Latency Anomaly
2024-12-05 08:10:00,2.0369878,Latency Anomaly
2024-12-05 08:15:00,1.9960611,Latency Anomaly
2024-12-05 08:20:00,1.9560442,Latency Anomaly
2024-12-05 08:25:00,1.9341173,Latency Anomaly
2024-12-05 08:30:00,1.9216148,Latency Anomaly
2024-12-05 08:35:00,1.8979063,Latency Anomaly
2024-12-05 08:40:00,1.8641944,Latency Anomaly
2024-12-05 08:45:00,1.8372595,Latency Anomaly
2024-12-05 08:50:00,1.8261509,Latency Anomaly
2024-12-05 08:55:00,1.8212543,Latency Anomaly
2024-12-05 09:00:00,1.7972827,Latency Anomaly
2024-12-05 09:05:00,1.767468,Latency Anomaly
2024-12-05 09:10:00,1.696463,Latency Anomaly
2024-12-05 09:15:00,1.687219,Latency Anomaly
2024-12-05 09:20:00,1.6753283,Latency Anomaly
2024-12-05 09:25:00,1.6497618,Latency Anomaly
2024-12-05 09:30:00,1.6437627,Latency Anomaly
2024-12-05 09:35:00,1.6247625,Latency Anomaly
2024-12-05 09:40:00,1.6139084,Latency Anomaly
2024-12-05 09:45:00,1.6058162,Latency Anomaly
2024-12-05 09:50:00,1.592791,Latency Anomaly
2024-12-05 09:55:00,1.5575072,Latency Anomaly
2024-12-05 10:00:00,1.5506269,Latency Anomaly
2024-12-05 10:05:00,1.5396442,Latency Anomaly
2024-12-05 10:10:00,1.529131,Latency Anomaly
2024-12-05 10:15:00,1.5318341,Latency Anomaly
2024-12-05 10:20:00,1.5316724,Latency Anomaly
2024-12-05 10:25:00,1.5038698,Latency Anomaly
2024-12-05 10:30:00,1.4944999,Latency Anomaly
2024-12-05 10:35:00,1.4980708,Latency Anomaly
2024-12-05 10:40:00,1.4840384,Latency Anomaly
2024-12-05 10:45:00,1.4730262,Latency Anomaly
2024-12-05 10:50:00,1.4756994,Latency Anomaly
2024-12-05 10:55:00,1.4718702,Latency Anomaly
2024-12-05 11:00:00,1.4811348,Latency Anomaly
2024-12-05 11:05:00,1.4872391,Latency Anomaly
2024-12-05 11:10:00,1.493774,Latency Anomaly
2024-12-05 11:15:00,1.4967271,Latency Anomaly
2024-12-05 11:20:00,1.501758,Latency Anomaly
2024-12-05 11:25:00,1.5010346,Latency Anomaly
2024-12-05 11:30:00,1.5024997,Latency Anomaly
2024-12-05 11:35:00,1.5064216,Latency Anomaly
2024-12-05 11:40:00,1.5128092,Latency Anomaly
2024-12-05 11:45:00,1.5150958,Latency Anomaly
2024-12-05 11:50:00,1.510631,Latency Anomaly
2024-12-05 11:55:00,1.5160372,Latency Anomaly
2024-12-05 12:00:00,1.5311733,Latency Anomaly
2024-12-05 12:05:00,1.5396078,Latency Anomaly
2024-12-05 12:10:00,1.5419631,Latency Anomaly
2024-12-05 12:15:00,1.5491645,Latency Anomaly
2024-12-05 12:20:00,1.5603493,Latency Anomaly
2024-12-05 12:25:00,1.5781801,Latency Anomaly
2024-12-05 12:30:00,1.5821644,Latency Anomaly
2024-12-05 12:35:00,1.5813255,Latency Anomaly
2024-12-05 12:40:00,1.5951555,Latency Anomaly
2024-12-05 12:45:00,1.6011854,Latency Anomaly
2024-12-05 12:50:00,1.5975413,Latency Anomaly
2024-12-05 12:55:00,1.6117542,Latency Anomaly
2024-12-05 13:00:00,1.6300925,Latency Anomaly
2024-12-05 13:05:00,1.6576627,Latency Anomaly
2024-12-05 13:10:00,1.6765698,Latency Anomaly
2024-12-05 13:15:00,1.6914595,Latency Anomaly
2024-12-05 13:20:00,1.7081801,Latency Anomaly
2024-12-05 13:25:00,1.7280275,Latency Anomaly
2024-12-05 13:30:00,1.7442387,Latency Anomaly
2024-12-05 13:35:00,1.765128,Latency Anomaly
2024-12-05 13:40:00,1.7719616,Latency Anomaly
2024-12-05 13:45:00,1.7853804,Latency Anomaly
2024-12-05 13:50:00,1.8077266,Latency Anomaly
2024-12-05 13:55:00,1.8243223,Latency Anomaly
2024-12-05 14:00:00,1.8322258,Latency Anomaly
2024-12-05 14:05:00,1.8566507,Latency Anomaly
2024-12-05 14:10:00,1.8660902,Latency Anomaly
2024-12-05 14:15:00,1.8802209,Latency Anomaly
2024-12-05 14:20:00,1.9007074,Latency Anomaly
2024-12-05 14:25:00,1.9154315,Latency Anomaly
2024-12-05 14:30:00,1.9283998,Latency Anomaly
2024-12-05 14:35:00,1.9523969,Latency Anomaly
2024-12-05 14:40:00,1.9677608,Latency Anomaly
2024-12-05 14:45:00,1.9844682,Latency Anomaly
2024-12-05 14:50:00,1.9978521,Latency Anomaly
2024-12-05 14:55:00,2.0121012,Latency Anomaly
2024-12-05 15:00:00,2.0298843,Latency Anomaly
2024-12-05 15:05:00,2.041999,Latency Anomaly
2024-12-05 15:10:00,2.0644093,Latency Anomaly
2024-12-05 15:15:00,2.0726,Latency Anomaly
2024-12-05 15:20:00,2.0823286,Latency Anomaly
2024-12-05 15:25:00,2.1003346,Latency Anomaly
2024-12-05 15:30:00,2.1190102,Latency Anomaly
2024-12-05 15:35:00,2.136686,Latency Anomaly
2024-12-05 15:40:00,2.1454937,Latency Anomaly
2024-12-05 15:45:00,2.163324,Latency Anomaly
2024-12-05 15:50:00,2.1841652,Latency Anomaly
2024-12-05 15:55:00,2.2005677,Latency Anomaly
2024-12-05 16:00:00,2.2104385,Latency Anomaly
2024-12-05 16:05:00,2.2233622,Latency Anomaly
2024-12-05 16:10:00,2.2334719,Latency Anomaly
2024-12-05 16:15:00,2.2329874,Latency Anomaly
2024-12-05 16:20:00,2.243638,Latency Anomaly
2024-12-05 16:25:00,2.2572486,Latency Anomaly
2024-12-05 16:30:00,2.263804,Latency Anomaly
2024-12-05 16:35:00,2.2647362,Latency Anomaly
2024-12-05 16:40:00,2.2759316,Latency Anomaly
2024-12-05 16:45:00,2.2857156,Latency Anomaly
2024-12-05 16:50:00,2.2971177,Latency Anomaly
2024-12-05 16:55:00,2.300756,Latency Anomaly
2024-12-05 17:00:00,2.3034394,Latency Anomaly
2024-12-05 17:05:00,2.3036656,Latency Anomaly
2024-12-05 17:10:00,2.3054435,Latency Anomaly
2024-12-05 17:15:00,2.306601,Latency Anomaly
2024-12-05 17:20:00,2.3081348,Latency Anomaly
2024-12-05 17:25:00,2.3056855,Latency Anomaly
2024-12-05 17:30:00,2.3176441,Latency Anomaly
2024-12-05 17:35:00,2.311896,Latency Anomaly
2024-12-05 17:40:00,2.3088818,Latency Anomaly
2024-12-05 17:45:00,2.3169942,Latency Anomaly
2024-12-05 17:50:00,2.3123634,Latency Anomaly
2024-12-05 17:55:00,2.3129349,Latency Anomaly
2024-12-05 18:00:00,2.3038938,Latency Anomaly
2024-12-05 18:05:00,2.293782,Latency Anomaly
2024-12-05 18:10:00,2.2842588,Latency Anomaly
2024-12-05 18:15:00,2.276902,Latency Anomaly
2024-12-05 18:20:00,2.2759354,Latency Anomaly
2024-12-05 18:25:00,2.2697635,Latency Anomaly
2024-12-05 18:30:00,2.2623887,Latency Anomaly
2024-12-05 18:35:00,2.2642915,Latency Anomaly
2024-12-05 18:40:00,2.2568219,Latency Anomaly
2024-12-05 18:45:00,2.2576525,Latency Anomaly
2024-12-05 18:50:00,2.251644,Latency Anomaly
2024-12-05 18:55:00,2.2487967,Latency Anomaly
2024-12-05 19:00:00,2.2347815,Latency Anomaly
2024-12-05 19:05:00,2.2130897,Latency Anomaly
2024-12-05 19:10:00,2.196068,Latency Anomaly
2024-12-05 19:15:00,2.1893692,Latency Anomaly
2024-12-05 19:20:00,2.1779888,Latency Anomaly
2024-12-05 19:25:00,2.1654875,Latency Anomaly
2024-12-05 19:30:00,2.1498866,Latency Anomaly
2024-12-05 19:35:00,2.1327112,Latency Anomaly
2024-12-05 19:40:00,2.1319392,Latency Anomaly
2024-12-05 19:45:00,2.1211476,Latency Anomaly
2024-12-05 19:50:00,2.1071916,Latency Anomaly
2024-12-05 19:55:00,2.0902174,Latency Anomaly
2024-12-05 20:00:00,2.074956,Latency Anomaly
2024-12-05 20:05:00,2.0489748,Latency Anomaly
2024-12-05 20:10:00,2.0379906,Latency Anomaly
2024-12-05 20:15:00,2.023913,Latency Anomaly
2024-12-05 20:20:00,2.0038686,Latency Anomaly
2024-12-05 20:25:00,1.9877297,Latency Anomaly
2024-12-05 20:30:00,1.9782305,Latency Anomaly
2024-12-05 20:35:00,1.9567071,Latency Anomaly
2024-12-05 20:40:00,1.9526066,Latency Anomaly
2024-12-05 20:45:00,1.938125,Latency Anomaly
2024-12-05 20:50:00,1.9236966,Latency Anomaly
2024-12-05 20:55:00,1.9012381,Latency Anomaly
2024-12-05 21:00:00,1.8781582,Latency Anomaly
2024-12-05 21:05:00,1.8611394,Latency Anomaly
2024-12-05 21:10:00,1.8498032,Latency Anomaly
2024-12-05 21:15:00,1.8318903,Latency Anomaly
2024-12-05 21:20:00,1.8139685,Latency Anomaly
2024-12-05 21:25:00,1.8004243,Latency Anomaly
2024-12-05 21:30:00,1.7884004,Latency Anomaly
2024-12-05 21:35:00,1.7694622,Latency Anomaly
2024-12-05 21:40:00,1.7522889,Latency Anomaly
2024-12-05 21:45:00,1.7388059,Latency Anomaly
2024-12-05 21:50:00,1.7239263,Latency Anomaly
2024-12-05 21:55:00,1.7053795,Latency Anomaly
2024-12-05 22:00:00,1.6970816,Latency Anomaly
2024-12-05 22:05:00,1.6725353,Latency Anomaly
2024-12-05 22:10:00,1.6600549,Latency Anomaly
2024-12-05 22:15:00,1.6490104,Latency Anomaly
2024-12-05 22:20:00,1.639742,Latency Anomaly
2024-12-05 22:25:00,1.6227144,Latency Anomaly
2024-12-05 22:30:00,1.6112626,Latency Anomaly
2024-12-05 22:35:00,1.603193,Latency Anomaly
2024-12-05 22:40:00,1.5929983,Latency Anomaly
2024-12-05 22:45:00,1.5822463,Latency Anomaly
2024-12-05 22:50:00,1.5677456,Latency Anomaly
2024-12-05 22:55:00,1.5703882,Latency Anomaly
2024-12-05 23:00:00,1.570557,Latency Anomaly
2024-12-05 23:05:00,1.5625134,Latency Anomaly
2024-12-05 23:10:00,1.5597457,Latency Anomaly
2024-12-05 23:15:00,1.5664402,Latency Anomaly
2024-12-05 23:20:00,1.5630404,Latency Anomaly
2024-12-05 23:25:00,1.5585426,Latency Anomaly
2024-12-05 23:30:00,1.536438,Latency Anomaly
2024-12-05 23:35:00,1.5485004,Latency Anomaly
2024-12-05 23:40:00,1.5612826,Latency Anomaly
2024-12-05 23:45:00,1.5499458,Latency Anomaly
2024-12-05 23:50:00,1.5433667,Latency Anomaly
2024-12-05 23:55:00,1.5428536,Latency Anomaly
2024-12-06 00:00:00,1.5454965,Latency Anomaly
2024-12-06 00:05:00,1.5669501,Latency Anomaly
2024-12-06 00:10:00,1.5823548,Latency Anomaly
2024-12-06 00:15:00,1.601573,Latency Anomaly
2024-12-06 00:20:00,1.6346985,Latency Anomaly
2024-12-06 00:25:00,1.6285841,Latency Anomaly
2024-12-06 00:30:00,1.6356912,Latency Anomaly
2024-12-06 00:35:00,1.625202,Latency Anomaly
2024-12-06 00:40:00,1.6298652,Latency Anomaly
2024-12-06 00:45:00,1.6272472,Latency Anomaly
2024-12-06 00:50:00,1.6324453,Latency Anomaly
2024-12-06 00:55:00,1.6569011,Latency Anomaly
2024-12-06 01:00:00,1.6948818,Latency Anomaly
2024-12-06 01:05:00,1.7026483,Latency Anomaly
2024-12-06 01:10:00,1.7175572,Latency Anomaly
2024-12-06 01:15:00,1.7306772,Latency Anomaly
2024-12-06 01:20:00,1.7445474,Latency Anomaly
2024-12-06 01:25:00,1.7465856,Latency Anomaly
2024-12-06 01:30:00,1.7614348,Latency Anomaly
2024-12-06 01:35:00,1.770479,Latency Anomaly
2024-12-06 01:40:00,1.7685913,Latency Anomaly
2024-12-06 01:45:00,1.7853277,Latency Anomaly
2024-12-06 01:50:00,1.7893946,Latency Anomaly
2024-12-06 01:55:00,1.8216355,Latency Anomaly
2024-12-06 02:00:00,1.8322257,Latency Anomaly
2024-12-06 02:05:00,1.854803,Latency Anomaly
2024-12-06 02:10:00,1.9567548,Latency Anomaly
2024-12-06 02:15:00,1.9829055,Latency Anomaly
2024-12-06 02:20:00,1.9870807,Latency Anomaly
2024-12-06 02:25:00,2.0008602,Latency Anomaly
2024-12-06 02:30:00,2.0082958,Latency Anomaly
2024-12-06 02:35:00,2.023408,Latency Anomaly
2024-12-06 02:40:00,2.0270247,Latency Anomaly
2024-12-06 02:45:00,2.0484753,Latency Anomaly
2024-12-06 02:50:00,2.0835884,Latency Anomaly
2024-12-06 02:55:00,2.101115,Latency Anomaly
2024-12-06 03:00:00,2.1505017,Latency Anomaly
2024-12-06 03:05:00,2.1617033,Latency Anomaly
2024-12-06 03:10:00,2.1598077,Latency Anomaly
2024-12-06 03:15:00,2.1973367,Latency Anomaly
2024-12-06 03:20:00,2.2066245,Latency Anomaly
2024-12-06 03:25:00,2.2286773,Latency Anomaly
2024-12-06 03:30:00,2.2419357,Latency Anomaly
2024-12-06 03:35:00,2.2616894,Latency Anomaly
2024-12-06 03:40:00,2.2992957,Latency Anomaly
2024-12-06 03:45:00,2.3138878,Latency Anomaly
2024-12-06 03:50:00,2.319933,Latency Anomaly
2024-12-06 03:55:00,2.335225,Latency Anomaly
2024-12-06 04:00:00,2.3447454,Latency Anomaly
2024-12-06 04:05:00,2.370298,Latency Anomaly
2024-12-06 04:10:00,2.370305,Latency Anomaly
2024-12-06 04:15:00,2.384334,Latency Anomaly
2024-12-06 04:20:00,2.3823845,Latency Anomaly
2024-12-06 04:25:00,2.38795,Latency Anomaly
2024-12-06 04:30:00,2.3907206,Latency Anomaly
2024-12-06 04:35:00,2.3910627,Latency Anomaly
2024-12-06 04:40:00,2.4324837,Latency Anomaly
2024-12-06 04:45:00,2.4370353,Latency Anomaly
2024-12-06 04:50:00,2.4457264,Latency Anomaly
2024-12-06 04:55:00,2.443423,Latency Anomaly
2024-12-06 05:00:00,2.43615,Latency Anomaly
2024-12-06 05:05:00,2.4408894,Latency Anomaly
2024-12-06 05:10:00,2.4377985,Latency Anomaly
2024-12-06 05:15:00,2.426724,Latency Anomaly
2024-12-06 05:20:00,2.421427,Latency Anomaly
2024-12-06 05:25:00,2.4295015,Latency Anomaly
2024-12-06 05:30:00,2.4390678,Latency Anomaly
2024-12-06 05:35:00,2.4169714,Latency Anomaly
2024-12-06 05:40:00,2.4017289,Latency Anomaly
2024-12-06 05:45:00,2.4067085,Latency Anomaly
2024-12-06 05:50:00,2.4081,Latency Anomaly
2024-12-06 05:55:00,2.4029021,Latency Anomaly
2024-12-06 06:00:00,2.3982155,Latency Anomaly
2024-12-06 06:05:00,2.3751853,Latency Anomaly
2024-12-06 06:10:00,2.3659127,Latency Anomaly
2024-12-06 06:15:00,2.3428597,Latency Anomaly
2024-12-06 06:20:00,2.2951517,Latency Anomaly
2024-12-06 06:25:00,2.2927868,Latency Anomaly
2024-12-06 06:30:00,2.2804332,Latency Anomaly
2024-12-06 06:35:00,2.2810636,Latency Anomaly
2024-12-06 06:40:00,2.2779677,Latency Anomaly
2024-12-06 06:45:00,2.260955,Latency Anomaly
2024-12-06 06:50:00,2.2621925,Latency Anomaly
2024-12-06 06:55:00,2.2275736,Latency Anomaly
2024-12-06 07:00:00,2.186873,Latency Anomaly
2024-12-06 07:05:00,2.176534,Latency Anomaly
2024-12-06 07:10:00,2.1623836,Latency Anomaly
2024-12-06 07:15:00,2.1450124,Latency Anomaly
2024-12-06 07:20:00,2.1291041,Latency Anomaly
2024-12-06 07:25:00,2.1249568,Latency Anomaly
2024-12-06 07:30:00,2.1131744,Latency Anomaly
2024-12-06 07:35:00,2.1058614,Latency Anomaly
2024-12-06 07:40:00,2.095299,Latency Anomaly
2024-12-06 07:45:00,2.0843103,Latency Anomaly
2024-12-06 07:50:00,2.0709548,Latency Anomaly
2024-12-06 07:55:00,2.0342793,Latency Anomaly
2024-12-06 08:00:00,2.0180438,Latency Anomaly
2024-12-06 08:05:00,1.9997462,Latency Anomaly
2024-12-06 08:10:00,1.8919657,Latency Anomaly
2024-12-06 08:15:00,1.8648785,Latency Anomaly
2024-12-06 08:20:00,1.8546379,Latency Anomaly
2024-12-06 08:25:00,1.8464898,Latency Anomaly
2024-12-06 08:30:00,1.8315517,Latency Anomaly
2024-12-06 08:35:00,1.8176575,Latency Anomaly
2024-12-06 08:40:00,1.8120519,Latency Anomaly
2024-12-06 08:45:00,1.7954092,Latency Anomaly
2024-12-06 08:50:00,1.7713159,Latency Anomaly
2024-12-06 08:55:00,1.760248,Latency Anomaly
2024-12-06 09:00:00,1.7100669,Latency Anomaly
2024-12-06 09:05:00,1.7004176,Latency Anomaly
2024-12-06 09:10:00,1.6956705,Latency Anomaly
2024-12-06 09:15:00,1.6681834,Latency Anomaly
2024-12-06 09:20:00,1.6633985,Latency Anomaly
2024-12-06 09:25:00,1.6461418,Latency Anomaly
2024-12-06 09:30:00,1.6309748,Latency Anomaly
2024-12-06 09:35:00,1.6116129,Latency Anomaly
2024-12-06 09:40:00,1.5767102,Latency Anomaly
2024-12-06 09:45:00,1.5572529,Latency Anomaly
2024-12-06 09:50:00,1.5413655,Latency Anomaly
2024-12-06 09:55:00,1.5254359,Latency Anomaly
2024-12-06 10:00:00,1.5205253,Latency Anomaly
2024-12-06 10:05:00,1.5068339,Latency Anomaly
2024-12-06 10:10:00,1.513016,Latency Anomaly
2024-12-06 10:15:00,1.5021065,Latency Anomaly
2024-12-06 10:20:00,1.5042123,Latency Anomaly
2024-12-06 10:25:00,1.5009232,Latency Anomaly
2024-12-06 10:30:00,1.5011016,Latency Anomaly
2024-12-06 10:35:00,1.503313,Latency Anomaly
2024-12-06 10:40:00,1.4610075,Latency Anomaly
2024-12-06 10:45:00,1.4533278,Latency Anomaly
2024-12-06 10:50:00,1.4520601,Latency Anomaly
2024-12-06 10:55:00,1.4533814,Latency Anomaly
2024-12-06 11:00:00,1.4597771,Latency Anomaly
2024-12-06 11:05:00,1.4708747,Latency Anomaly
2024-12-06 11:10:00,1.4695269,Latency Anomaly
2024-12-06 11:15:00,1.483228,Latency Anomaly
2024-12-06 11:20:00,1.4938134,Latency Anomaly
2024-12-06 11:25:00,1.4900565,Latency Anomaly
2024-12-06 11:30:00,1.488217,Latency Anomaly
2024-12-06 11:35:00,1.5002935,Latency Anomaly
2024-12-06 11:40:00,1.4962267,Latency Anomaly
2024-12-06 11:45:00,1.4989709,Latency Anomaly
2024-12-06 11:50:00,1.508432,Latency Anomaly
2024-12-06 11:55:00,1.5133263,Latency Anomaly
2024-12-06 12:00:00,1.5312264,Latency Anomaly
2024-12-06 12:05:00,1.5447408,Latency Anomaly
2024-12-06 12:10:00,1.5482919,Latency Anomaly
2024-12-06 12:15:00,1.5639294,Latency Anomaly
2024-12-06 12:20:00,1.5792283,Latency Anomaly
2024-12-06 12:25:00,1.589287,Latency Anomaly
2024-12-06 12:30:00,1.6066008,Latency Anomaly
2024-12-06 12:35:00,1.6243558,Latency Anomaly
2024-12-06 12:40:00,1.6323003,Latency Anomaly
2024-12-06 12:45:00,1.6416544,Latency Anomaly
2024-12-06 12:50:00,1.6496288,Latency Anomaly
2024-12-06 12:55:00,1.6609452,Latency Anomaly
2024-12-06 13:00:00,1.680197,Latency Anomaly
2024-12-06 13:05:00,1.7005348,Latency Anomaly
2024-12-06 13:10:00,1.7133112,Latency Anomaly
2024-12-06 13:15:00,1.7305802,Latency Anomaly
2024-12-06 13:20:00,1.738814,Latency Anomaly
2024-12-06 13:25:00,1.7529,Latency Anomaly
2024-12-06 13:30:00,1.7658747,Latency Anomaly
2024-12-06 13:35:00,1.7726787,Latency Anomaly
2024-12-06 13:40:00,1.7995893,Latency Anomaly
2024-12-06 13:45:00,1.8208115,Latency Anomaly
2024-12-06 13:50:00,1.845786,Latency Anomaly
2024-12-06 13:55:00,1.8695878,Latency Anomaly
2024-12-06 14:00:00,1.9071912,Latency Anomaly
2024-12-06 14:05:00,1.9202757,Latency Anomaly
2024-12-06 14:10:00,1.9452349,Latency Anomaly
2024-12-06 14:15:00,1.9598634,Latency Anomaly
2024-12-06 14:20:00,1.9736476,Latency Anomaly
2024-12-06 14:25:00,1.9892776,Latency Anomaly
2024-12-06 14:30:00,2.0089366,Latency Anomaly
2024-12-06 14:35:00,2.026903,Latency Anomaly
2024-12-06 14:40:00,2.030857,Latency Anomaly
2024-12-06 14:45:00,2.0466383,Latency Anomaly
2024-12-06 14:50:00,2.0495265,Latency Anomaly
2024-12-06 14:55:00,2.0682313,Latency Anomaly
2024-12-06 15:00:00,2.0844533,Latency Anomaly
2024-12-06 15:05:00,2.0968745,Latency Anomaly
2024-12-06 15:10:00,2.115038,Latency Anomaly
2024-12-06 15:15:00,2.127799,Latency Anomaly
2024-12-06 15:20:00,2.1423876,Latency Anomaly
2024-12-06 15:25:00,2.1511142,Latency Anomaly
2024-12-06 15:30:00,2.1693275,Latency Anomaly
2024-12-06 15:35:00,2.1835473,Latency Anomaly
2024-12-06 15:40:00,2.204552,Latency Anomaly
2024-12-06 15:45:00,2.2150915,Latency Anomaly
2024-12-06 15:50:00,2.2361116,Latency Anomaly
2024-12-06 15:55:00,2.2487154,Latency Anomaly
2024-12-06 16:00:00,2.2550282,Latency Anomaly
2024-12-06 16:05:00,2.264362,Latency Anomaly
2024-12-06 16:10:00,2.269731,Latency Anomaly
2024-12-06 16:15:00,2.2791848,Latency Anomaly
2024-12-06 16:20:00,2.2871435,Latency Anomaly
2024-12-06 16:25:00,2.2927835,Latency Anomaly
2024-12-06 16:30:00,2.3037405,Latency Anomaly
2024-12-06 16:35:00,2.3100648,Latency Anomaly
2024-12-06 16:40:00,2.3138206,Latency Anomaly
2024-12-06 16:45:00,2.3187742,Latency Anomaly
2024-12-06 16:50:00,2.3359125,Latency Anomaly
2024-12-06 16:55:00,2.3363247,Latency Anomaly
2024-12-06 17:00:00,2.3405838,Latency Anomaly
2024-12-06 17:05:00,2.3339875,Latency Anomaly
2024-12-06 17:10:00,2.340774,Latency Anomaly
2024-12-06 17:15:00,2.3267431,Latency Anomaly
2024-12-06 17:20:00,2.322053,Latency Anomaly
2024-12-06 17:25:00,2.3295424,Latency Anomaly
2024-12-06 17:30:00,2.3414052,Latency Anomaly
2024-12-06 17:35:00,2.3411179,Latency Anomaly
2024-12-06 17:40:00,2.3440285,Latency Anomaly
2024-12-06 17:45:00,2.3402061,Latency Anomaly
2024-12-06 17:50:00,2.337211,Latency Anomaly
2024-12-06 17:55:00,2.3399587,Latency Anomaly
2024-12-06 18:00:00,2.327469,Latency Anomaly
2024-12-06 18:05:00,2.3247762,Latency Anomaly
2024-12-06 18:10:00,2.3259156,Latency Anomaly
2024-12-06 18:15:00,2.3149178,Latency Anomaly
2024-12-06 18:20:00,2.3123608,Latency Anomaly
2024-12-06 18:25:00,2.3200943,Latency Anomaly
2024-12-06 18:30:00,2.3067806,Latency Anomaly
2024-12-06 18:35:00,2.291759,Latency Anomaly
2024-12-06 18:40:00,2.2890463,Latency Anomaly
2024-12-06 18:45:00,2.2870858,Latency Anomaly
2024-12-06 18:50:00,2.2756104,Latency Anomaly
2024-12-06 18:55:00,2.2641,Latency Anomaly
2024-12-06 19:00:00,2.2449722,Latency Anomaly
2024-12-06 19:05:00,2.232406,Latency Anomaly
2024-12-06 19:10:00,2.2297447,Latency Anomaly
2024-12-06 19:15:00,2.2127035,Latency Anomaly
2024-12-06 19:20:00,2.2039113,Latency Anomaly
2024-12-06 19:25:00,2.193938,Latency Anomaly
2024-12-06 19:30:00,2.1880744,Latency Anomaly
2024-12-06 19:35:00,2.174914,Latency Anomaly
2024-12-06 19:40:00,2.1500018,Latency Anomaly
2024-12-06 19:45:00,2.1307676,Latency Anomaly
2024-12-06 19:50:00,2.116695,Latency Anomaly
2024-12-06 19:55:00,2.0950494,Latency Anomaly
2024-12-06 20:00:00,2.0620348,Latency Anomaly
2024-12-06 20:05:00,2.054203,Latency Anomaly
2024-12-06 20:10:00,2.030813,Latency Anomaly
2024-12-06 20:15:00,2.0141847,Latency Anomaly
2024-12-06 20:20:00,2.004383,Latency Anomaly
2024-12-06 20:25:00,1.9844278,Latency Anomaly
2024-12-06 20:30:00,1.9677284,Latency Anomaly
2024-12-06 20:35:00,1.9467676,Latency Anomaly
2024-12-06 20:40:00,1.9344637,Latency Anomaly
2024-12-06 20:45:00,1.9209789,Latency Anomaly
2024-12-06 20:50:00,1.9074185,Latency Anomaly
2024-12-06 20:55:00,1.8869381,Latency Anomaly
2024-12-06 21:00:00,1.8750005,Latency Anomaly
2024-12-06 21:05:00,1.8575222,Latency Anomaly
2024-12-06 21:10:00,1.8371156,Latency Anomaly
2024-12-06 21:15:00,1.8191129,Latency Anomaly
2024-12-06 21:20:00,1.8042979,Latency Anomaly
2024-12-06 21:25:00,1.7907251,Latency Anomaly
2024-12-06 21:30:00,1.7725284,Latency Anomaly
2024-12-06 21:35:00,1.7584507,Latency Anomaly
2024-12-06 21:40:00,1.739033,Latency Anomaly
2024-12-06 21:45:00,1.7397331,Latency Anomaly
2024-12-06 21:50:00,1.7163676,Latency Anomaly
2024-12-06 21:55:00,1.7059162,Latency Anomaly
2024-12-06 22:00:00,1.706434,Latency Anomaly
2024-12-06 22:05:00,1.6962143,Latency Anomaly
2024-12-06 22:10:00,1.6828631,Latency Anomaly
2024-12-06 22:15:00,1.6691295,Latency Anomaly
2024-12-06 22:20:00,1.654494,Latency Anomaly
2024-12-06 22:25:00,1.6457995,Latency Anomaly
2024-12-06 22:30:00,1.6303643,Latency Anomaly
2024-12-06 22:35:00,1.6199316,Latency Anomaly
2024-12-06 22:40:00,1.6089762,Latency Anomaly
2024-12-06 22:45:00,1.5995461,Latency Anomaly
2024-12-06 22:50:00,1.5804621,Latency Anomaly
2024-12-06 22:55:00,1.5680966,Latency Anomaly
2024-12-06 23:00:00,1.5655857,Latency Anomaly
2024-12-06 23:05:00,1.5580826,Latency Anomaly
2024-12-06 23:10:00,1.5597503,Latency Anomaly
2024-12-06 23:15:00,1.5482006,Latency Anomaly
2024-12-06 23:20:00,1.5445856,Latency Anomaly
2024-12-06 23:25:00,1.5463275,Latency Anomaly
2024-12-06 23:30:00,1.5269227,Latency Anomaly
2024-12-06 23:35:00,1.5268222,Latency Anomaly
2024-12-06 23:40:00,1.5251278,Latency Anomaly
2024-12-06 23:45:00,1.524238,Latency Anomaly
2024-12-06 23:50:00,1.5474617,Latency Anomaly
2024-12-06 23:55:00,1.5480716,Latency Anomaly
2024-12-07 00:00:00,1.5657897,Latency Anomaly
2024-12-07 00:05:00,1.564821,Latency Anomaly
2024-12-07 00:10:00,1.6000618,Latency Anomaly
2024-12-07 00:15:00,1.6060946,Latency Anomaly
2024-12-07 00:20:00,1.6220856,Latency Anomaly
2024-12-07 00:25:00,1.6418669,Latency Anomaly
2024-12-07 00:30:00,1.6659724,Latency Anomaly
2024-12-07 00:35:00,1.6919339,Latency Anomaly
2024-12-07 00:40:00,1.7249105,Latency Anomaly
2024-12-07 00:45:00,1.7248282,Latency Anomaly
2024-12-07 00:50:00,1.7354279,Latency Anomaly
2024-12-07 00:55:00,1.7716681,Latency Anomaly
2024-12-07 01:00:00,1.7963358,Latency Anomaly
2024-12-07 01:05:00,1.849768,Latency Anomaly
2024-12-07 01:10:00,1.8749801,Latency Anomaly
2024-12-07 01:15:00,1.8879555,Latency Anomaly
2024-12-07 01:20:00,1.9231684,Latency Anomaly
2024-12-07 01:25:00,1.9485917,Latency Anomaly
2024-12-07 01:30:00,1.985822,Latency Anomaly
2024-12-07 01:35:00,2.019814,Latency Anomaly
2024-12-07 01:40:00,2.0345583,Latency Anomaly
2024-12-07 01:45:00,2.0899944,Latency Anomaly
2024-12-07 01:50:00,2.0976157,Latency Anomaly
2024-12-07 01:55:00,2.1722481,Latency Anomaly
2024-12-07 02:00:00,2.2193546,Latency Anomaly
2024-12-07 02:05:00,2.245787,Latency Anomaly
2024-12-07 02:10:00,2.258712,Latency Anomaly
2024-12-07 02:15:00,2.315922,Latency Anomaly
2024-12-07 02:20:00,2.4095106,Latency Anomaly
2024-12-07 02:25:00,2.4228425,Latency Anomaly
2024-12-07 02:30:00,2.4979029,Latency Anomaly
2024-12-07 02:35:00,2.5355663,Latency Anomaly
2024-12-07 02:40:00,2.5834336,Latency Anomaly
2024-12-07 02:45:00,2.615579,Latency Anomaly
2024-12-07 02:50:00,2.6523762,Latency Anomaly
2024-12-07 02:55:00,2.6645594,Latency Anomaly
2024-12-07 03:00:00,2.7033868,Latency Anomaly
2024-12-07 03:05:00,2.7197013,Latency Anomaly
2024-12-07 03:10:00,2.7361472,Latency Anomaly
2024-12-07 03:15:00,2.756029,Latency Anomaly
2024-12-07 03:20:00,2.78795,Latency Anomaly
2024-12-07 03:25:00,2.7976727,Latency Anomaly
2024-12-07 03:30:00,2.8376057,Latency Anomaly
2024-12-07 03:35:00,2.8723934,Latency Anomaly
2024-12-07 03:40:00,2.9136825,Latency Anomaly
2024-12-07 03:45:00,2.9274855,Latency Anomaly
2024-12-07 03:50:00,2.9441671,Latency Anomaly
2024-12-07 03:55:00,2.9697413,Latency Anomaly
2024-12-07 04:00:00,2.969853,Latency Anomaly
2024-12-07 04:05:00,2.980922,Latency Anomaly
2024-12-07 04:10:00,3.0093648,Latency Anomaly
2024-12-07 04:15:00,3.0212257,Latency Anomaly
2024-12-07 04:20:00,3.0527751,Latency Anomaly
2024-12-07 04:25:00,3.0638504,Latency Anomaly
2024-12-07 04:30:00,3.0941195,Latency Anomaly
2024-12-07 04:35:00,3.1358047,Latency Anomaly
2024-12-07 04:40:00,3.1455884,Latency Anomaly
2024-12-07 04:45:00,3.1618848,Latency Anomaly
2024-12-07 04:50:00,3.1778798,Latency Anomaly
2024-12-07 04:55:00,3.219286,Latency Anomaly
2024-12-07 05:00:00,3.2184424,Latency Anomaly
2024-12-07 05:05:00,3.2236977,Latency Anomaly
2024-12-07 05:10:00,3.2218025,Latency Anomaly
2024-12-07 05:15:00,3.2455697,Latency Anomaly
2024-12-07 05:20:00,3.2478764,Latency Anomaly
2024-12-07 05:25:00,3.2457678,Latency Anomaly
2024-12-07 05:30:00,3.2732878,Latency Anomaly
2024-12-07 05:35:00,3.275142,Latency Anomaly
2024-12-07 05:40:00,3.2812173,Latency Anomaly
2024-12-07 05:45:00,3.3066475,Latency Anomaly
2024-12-07 05:50:00,3.2905984,Latency Anomaly
2024-12-07 05:55:00,3.2907722,Latency Anomaly
2024-12-07 06:00:00,3.2731493,Latency Anomaly
2024-12-07 06:05:00,3.2743251,Latency Anomaly
2024-12-07 06:10:00,3.2363935,Latency Anomaly
2024-12-07 06:15:00,3.2507727,Latency Anomaly
2024-12-07 06:20:00,3.2288506,Latency Anomaly
2024-12-07 06:25:00,3.2034621,Latency Anomaly
2024-12-07 06:30:00,3.1910255,Latency Anomaly
2024-12-07 06:35:00,3.1591523,Latency Anomaly
2024-12-07 06:40:00,3.1169138,Latency Anomaly
2024-12-07 06:45:00,3.1148777,Latency Anomaly
2024-12-07 06:50:00,3.0977035,Latency Anomaly
2024-12-07 06:55:00,3.0691912,Latency Anomaly
2024-12-07 07:00:00,3.0511684,Latency Anomaly
2024-12-07 07:05:00,2.9981608,Latency Anomaly
2024-12-07 07:10:00,2.9599466,Latency Anomaly
2024-12-07 07:15:00,2.955744,Latency Anomaly
2024-12-07 07:20:00,2.9436078,Latency Anomaly
2024-12-07 07:25:00,2.9141006,Latency Anomaly
2024-12-07 07:30:00,2.8643873,Latency Anomaly
2024-12-07 07:35:00,2.832204,Latency Anomaly
2024-12-07 07:40:00,2.83241,Latency Anomaly
2024-12-07 07:45:00,2.7744803,Latency Anomaly
2024-12-07 07:50:00,2.7670968,Latency Anomaly
2024-12-07 07:55:00,2.695751,Latency Anomaly
2024-12-07 08:00:00,2.6594062,Latency Anomaly
2024-12-07 08:05:00,2.6352737,Latency Anomaly
2024-12-07 08:10:00,2.6218054,Latency Anomaly
2024-12-07 08:15:00,2.572127,Latency Anomaly
2024-12-07 08:20:00,2.4772048,Latency Anomaly
2024-12-07 08:25:00,2.4642794,Latency Anomaly
2024-12-07 08:30:00,2.3836968,Latency Anomaly
2024-12-07 08:35:00,2.348271,Latency Anomaly
2024-12-07 08:40:00,2.3002522,Latency Anomaly
2024-12-07 08:45:00,2.2682073,Latency Anomaly
2024-12-07 08:50:00,2.2381144,Latency Anomaly
2024-12-07 08:55:00,2.2233787,Latency Anomaly
2024-12-07 09:00:00,2.178663,Latency Anomaly
2024-12-07 09:05:00,2.1611311,Latency Anomaly
2024-12-07 09:10:00,2.1450903,Latency Anomaly
2024-12-07 09:15:00,2.1272602,Latency Anomaly
2024-12-07 09:20:00,2.107379,Latency Anomaly
2024-12-07 09:25:00,2.0991943,Latency Anomaly
2024-12-07 09:30:00,2.0505998,Latency Anomaly
2024-12-07 09:35:00,2.0135546,Latency Anomaly
2024-12-07 09:40:00,1.9684768,Latency Anomaly
2024-12-07 09:45:00,1.945714,Latency Anomaly
2024-12-07 09:50:00,1.9367586,Latency Anomaly
2024-12-07 09:55:00,1.9103957,Latency Anomaly
2024-12-07 10:00:00,1.8963058,Latency Anomaly
2024-12-07 10:05:00,1.874702,Latency Anomaly
2024-12-07 10:10:00,1.8457716,Latency Anomaly
2024-12-07 10:15:00,1.8319218,Latency Anomaly
2024-12-07 10:20:00,1.8065867,Latency Anomaly
2024-12-07 10:25:00,1.794262,Latency Anomaly
2024-12-07 10:30:00,1.7718465,Latency Anomaly
2024-12-07 10:35:00,1.723191,Latency Anomaly
2024-12-07 10:40:00,1.7135153,Latency Anomaly
2024-12-07 10:45:00,1.7084365,Latency Anomaly
2024-12-07 10:50:00,1.6912533,Latency Anomaly
2024-12-07 10:55:00,1.6461034,Latency Anomaly
2024-12-07 11:00:00,1.6387006,Latency Anomaly
2024-12-07 11:05:00,1.6355535,Latency Anomaly
2024-12-07 11:10:00,1.6323451,Latency Anomaly
2024-12-07 11:15:00,1.6075783,Latency Anomaly
2024-12-07 11:20:00,1.598352,Latency Anomaly
2024-12-07 11:25:00,1.5841905,Latency Anomaly
2024-12-07 11:30:00,1.5626826,Latency Anomaly
2024-12-07 11:35:00,1.5540828,Latency Anomaly
2024-12-07 11:40:00,1.5392345,Latency Anomaly
2024-12-07 11:45:00,1.5071772,Latency Anomaly
2024-12-07 11:50:00,1.4933766,Latency Anomaly
2024-12-07 11:55:00,1.481779,Latency Anomaly
2024-12-07 12:00:00,1.4780034,Latency Anomaly
2024-12-07 12:05:00,1.4685504,Latency Anomaly
2024-12-07 12:10:00,1.4628133,Latency Anomaly
2024-12-07 12:15:00,1.4369377,Latency Anomaly
2024-12-07 12:20:00,1.4318644,Latency Anomaly
2024-12-07 12:25:00,1.424605,Latency Anomaly
2024-12-07 12:30:00,1.4106086,Latency Anomaly
2024-12-07 12:35:00,1.4161333,Latency Anomaly
2024-12-07 12:40:00,1.4126694,Latency Anomaly
2024-12-07 12:45:00,1.4116138,Latency Anomaly
2024-12-07 12:50:00,1.4143745,Latency Anomaly
2024-12-07 12:55:00,1.4070724,Latency Anomaly
2024-12-07 13:00:00,1.4117186,Latency Anomaly
2024-12-07 13:05:00,1.4054961,Latency Anomaly
2024-12-07 13:10:00,1.4014965,Latency Anomaly
2024-12-07 13:15:00,1.3915249,Latency Anomaly
2024-12-07 13:20:00,1.3704544,Latency Anomaly
2024-12-07 13:25:00,1.3702508,Latency Anomaly
2024-12-07 13:30:00,1.3708844,Latency Anomaly
2024-12-07 13:35:00,1.3767495,Latency Anomaly
2024-12-07 13:40:00,1.3569624,Latency Anomaly
2024-12-07 13:45:00,1.3607032,Latency Anomaly
2024-12-07 13:50:00,1.361359,Latency Anomaly
2024-12-07 13:55:00,1.3623321,Latency Anomaly
2024-12-07 14:00:00,1.3592603,Latency Anomaly
2024-12-07 14:05:00,1.3508322,Latency Anomaly
2024-12-07 14:10:00,1.3602397,Latency Anomaly
2024-12-07 14:15:00,1.3504428,Latency Anomaly
2024-12-07 14:20:00,1.3586636,Latency Anomaly
2024-12-07 14:25:00,1.3575915,Latency Anomaly
2024-12-07 14:30:00,1.3644305,Latency Anomaly
2024-12-07 14:35:00,1.3637805,Latency Anomaly
2024-12-07 14:40:00,1.3674917,Latency Anomaly
2024-12-07 14:45:00,1.3652248,Latency Anomaly
2024-12-07 14:50:00,1.366954,Latency Anomaly
2024-12-07 14:55:00,1.3678874,Latency Anomaly
2024-12-07 15:00:00,1.3687588,Latency Anomaly
2024-12-07 15:05:00,1.3778204,Latency Anomaly
2024-12-07 15:10:00,1.378003,Latency Anomaly
2024-12-07 15:15:00,1.3756902,Latency Anomaly
2024-12-07 15:20:00,1.3623693,Latency Anomaly
2024-12-07 15:25:00,1.3568646,Latency Anomaly
2024-12-07 15:30:00,1.3605884,Latency Anomaly
2024-12-07 15:35:00,1.3638045,Latency Anomaly
2024-12-07 15:40:00,1.3709501,Latency Anomaly
2024-12-07 15:45:00,1.3673655,Latency Anomaly
2024-12-07 15:50:00,1.3640103,Latency Anomaly
2024-12-07 15:55:00,1.3606564,Latency Anomaly
2024-12-07 16:00:00,1.3638515,Latency Anomaly
2024-12-07 16:05:00,1.3641305,Latency Anomaly
2024-12-07 16:10:00,1.3630104,Latency Anomaly
2024-12-07 16:15:00,1.3622906,Latency Anomaly
2024-12-07 16:20:00,1.3648599,Latency Anomaly
2024-12-07 16:25:00,1.373601,Latency Anomaly
2024-12-07 16:30:00,1.3742385,Latency Anomaly
2024-12-07 16:35:00,1.3782197,Latency Anomaly
2024-12-07 16:40:00,1.3818358,Latency Anomaly
2024-12-07 16:45:00,1.3743441,Latency Anomaly
2024-12-07 16:50:00,1.3741904,Latency Anomaly
2024-12-07 16:55:00,1.3759156,Latency Anomaly
2024-12-07 17:00:00,1.3787509,Latency Anomaly
2024-12-07 17:05:00,1.3777982,Latency Anomaly
2024-12-07 17:10:00,1.367331,Latency Anomaly
2024-12-07 17:15:00,1.3774304,Latency Anomaly
2024-12-07 17:20:00,1.3777031,Latency Anomaly
2024-12-07 17:25:00,1.3770133,Latency Anomaly
2024-12-07 17:30:00,1.3685545,Latency Anomaly
2024-12-07 17:35:00,1.3693368,Latency Anomaly
2024-12-07 17:40:00,1.3738363,Latency Anomaly
2024-12-07 17:45:00,1.3765063,Latency Anomaly
2024-12-07 17:50:00,1.3743415,Latency Anomaly
2024-12-07 17:55:00,1.3731977,Latency Anomaly
2024-12-07 18:00:00,1.3717698,Latency Anomaly
2024-12-07 18:05:00,1.3698506,Latency Anomaly
2024-12-07 18:10:00,1.3727151,Latency Anomaly
2024-12-07 18:15:00,1.3825191,Latency Anomaly
2024-12-07 18:20:00,1.3825097,Latency Anomaly
2024-12-07 18:25:00,1.3857957,Latency Anomaly
2024-12-07 18:30:00,1.3935231,Latency Anomaly
2024-12-07 18:35:00,1.3896918,Latency Anomaly
2024-12-07 18:40:00,1.3860565,Latency Anomaly
2024-12-07 18:45:00,1.3820074,Latency Anomaly
2024-12-07 18:50:00,1.3812371,Latency Anomaly
2024-12-07 18:55:00,1.3795451,Latency Anomaly
2024-12-07 19:00:00,1.3675225,Latency Anomaly
2024-12-07 19:05:00,1.3659694,Latency Anomaly
2024-12-07 19:10:00,1.3697273,Latency Anomaly
2024-12-07 19:15:00,1.3670384,Latency Anomaly
2024-12-07 19:20:00,1.3611984,Latency Anomaly
2024-12-07 19:25:00,1.3626894,Latency Anomaly
2024-12-07 19:30:00,1.3696185,Latency Anomaly
2024-12-07 19:35:00,1.3606571,Latency Anomaly
2024-12-07 19:40:00,1.3637892,Latency Anomaly
2024-12-07 19:45:00,1.3545295,Latency Anomaly
2024-12-07 19:50:00,1.3509665,Latency Anomaly
2024-12-07 19:55:00,1.3441014,Latency Anomaly
2024-12-07 20:00:00,1.3445313,Latency Anomaly
2024-12-07 20:05:00,1.344146,Latency Anomaly
2024-12-07 20:10:00,1.3324385,Latency Anomaly
2024-12-07 20:15:00,1.3365074,Latency Anomaly
2024-12-07 20:20:00,1.3342904,Latency Anomaly
2024-12-07 20:25:00,1.3474177,Latency Anomaly
2024-12-07 20:30:00,1.351293,Latency Anomaly
2024-12-07 20:35:00,1.3563881,Latency Anomaly
2024-12-07 20:40:00,1.352961,Latency Anomaly
2024-12-07 20:45:00,1.3553048,Latency Anomaly
2024-12-07 20:50:00,1.3523127,Latency Anomaly
2024-12-07 20:55:00,1.3631076,Latency Anomaly
2024-12-07 21:00:00,1.3751341,Latency Anomaly
2024-12-07 21:05:00,1.3660963,Latency Anomaly
2024-12-07 21:10:00,1.3694594,Latency Anomaly
2024-12-07 21:15:00,1.3812681,Latency Anomaly
2024-12-07 21:20:00,1.3841763,Latency Anomaly
2024-12-07 21:25:00,1.4028467,Latency Anomaly
2024-12-07 21:30:00,1.4264768,Latency Anomaly
2024-12-07 21:35:00,1.4370136,Latency Anomaly
2024-12-07 21:40:00,1.4351134,Latency Anomaly
2024-12-07 21:45:00,1.4414802,Latency Anomaly
2024-12-07 21:50:00,1.450235,Latency Anomaly
2024-12-07 21:55:00,1.4539146,Latency Anomaly
2024-12-07 22:00:00,1.4580888,Latency Anomaly
2024-12-07 22:05:00,1.4601308,Latency Anomaly
2024-12-07 22:10:00,1.4764115,Latency Anomaly
2024-12-07 22:15:00,1.4856845,Latency Anomaly
2024-12-07 22:20:00,1.4837269,Latency Anomaly
2024-12-07 22:25:00,1.5063869,Latency Anomaly
2024-12-07 22:30:00,1.5014933,Latency Anomaly
2024-12-07 22:35:00,1.5045258,Latency Anomaly
2024-12-07 22:40:00,1.5083783,Latency Anomaly
2024-12-07 22:45:00,1.5114142,Latency Anomaly
2024-12-07 22:50:00,1.514119,Latency Anomaly
2024-12-07 22:55:00,1.5161822,Latency Anomaly
2024-12-07 23:00:00,1.5173072,Latency Anomaly
2024-12-07 23:05:00,1.5294787,Latency Anomaly
2024-12-07 23:10:00,1.5433296,Latency Anomaly
2024-12-07 23:15:00,1.5383482,Latency Anomaly
2024-12-07 23:20:00,1.5660229,Latency Anomaly
2024-12-07 23:25:00,1.5729825,Latency Anomaly
2024-12-07 23:30:00,1.586592,Latency Anomaly
2024-12-07 23:35:00,1.6050487,Latency Anomaly
2024-12-07 23:40:00,1.6063114,Latency Anomaly
2024-12-07 23:45:00,1.6324675,Latency Anomaly
2024-12-07 23:50:00,1.6342865,Latency Anomaly
2024-12-07 23:55:00,1.6683035,Latency Anomaly
2024-12-08 00:00:00,1.6870269,Latency Anomaly
2024-12-08 00:05:00,1.6881194,Latency Anomaly
2024-12-08 00:10:00,1.6883976,Latency Anomaly
2024-12-08 00:15:00,1.6953118,Latency Anomaly
2024-12-08 00:20:00,1.7032712,Latency Anomaly
2024-12-08 00:25:00,1.7109308,Latency Anomaly
2024-12-08 00:30:00,1.7212082,Latency Anomaly
2024-12-08 00:35:00,1.7310948,Latency Anomaly
2024-12-08 00:40:00,1.7495828,Latency Anomaly
2024-12-08 00:45:00,1.7535237,Latency Anomaly
2024-12-08 00:50:00,1.7571558,Latency Anomaly
2024-12-08 00:55:00,1.7822444,Latency Anomaly
2024-12-08 01:00:00,1.8030028,Latency Anomaly
2024-12-08 01:05:00,1.8417755,Latency Anomaly
2024-12-08 01:10:00,1.8664244,Latency Anomaly
2024-12-08 01:15:00,1.8905758,Latency Anomaly
2024-12-08 01:20:00,1.9429753,Latency Anomaly
2024-12-08 01:25:00,1.9658732,Latency Anomaly
2024-12-08 01:30:00,1.9823831,Latency Anomaly
2024-12-08 01:35:00,2.0065403,Latency Anomaly
2024-12-08 01:40:00,2.047179,Latency Anomaly
2024-12-08 01:45:00,2.0685384,Latency Anomaly
2024-12-08 01:50:00,2.0952582,Latency Anomaly
2024-12-08 01:55:00,2.102943,Latency Anomaly
2024-12-08 02:00:00,2.103272,Latency Anomaly
2024-12-08 02:05:00,2.1219735,Latency Anomaly
2024-12-08 02:10:00,2.1636443,Latency Anomaly
2024-12-08 02:15:00,2.1867526,Latency Anomaly
2024-12-08 02:20:00,2.1873775,Latency Anomaly
2024-12-08 02:25:00,2.196192,Latency Anomaly
2024-12-08 02:30:00,2.2274857,Latency Anomaly
2024-12-08 02:35:00,2.3432643,Latency Anomaly
2024-12-08 02:40:00,2.3818307,Latency Anomaly
2024-12-08 02:45:00,2.4276495,Latency Anomaly
2024-12-08 02:50:00,2.4718626,Latency Anomaly
2024-12-08 02:55:00,2.490352,Latency Anomaly
2024-12-08 03:00:00,2.562643,Latency Anomaly
2024-12-08 03:05:00,2.6018627,Latency Anomaly
2024-12-08 03:10:00,2.6311402,Latency Anomaly
2024-12-08 03:15:00,2.6375165,Latency Anomaly
2024-12-08 03:20:00,2.6607175,Latency Anomaly
2024-12-08 03:25:00,2.6470172,Latency Anomaly
2024-12-08 03:30:00,2.678926,Latency Anomaly
2024-12-08 03:35:00,2.696024,Latency Anomaly
2024-12-08 03:40:00,2.7067046,Latency Anomaly
2024-12-08 03:45:00,2.729044,Latency Anomaly
2024-12-08 03:50:00,2.9051626,Latency Anomaly
2024-12-08 03:55:00,2.9266105,Latency Anomaly
2024-12-08 04:00:00,2.9606616,Latency Anomaly
2024-12-08 04:05:00,3.0085194,Token/Cost Anomaly
2024-12-08 04:10:00,3.011709,Token/Cost Anomaly
2024-12-08 04:15:00,3.0276613,Token/Cost Anomaly
2024-12-08 04:20:00,3.0967658,Token/Cost Anomaly
2024-12-08 04:25:00,3.0849335,Token/Cost Anomaly
2024-12-08 04:30:00,3.1002703,Token/Cost Anomaly
2024-12-08 04:35:00,3.1104853,Token/Cost Anomaly
2024-12-08 04:40:00,3.1105626,Token/Cost Anomaly
2024-12-08 04:45:00,3.1097555,Token/Cost Anomaly
2024-12-08 04:50:00,3.1442783,Token/Cost Anomaly
2024-12-08 04:55:00,3.1664534,Token/Cost Anomaly
2024-12-08 05:00:00,3.1745582,Token/Cost Anomaly
2024-12-08 05:05:00,3.1954165,Token/Cost Anomaly
2024-12-08 05:10:00,3.1850522,Token/Cost Anomaly
2024-12-08 05:15:00,3.193099,Token/Cost Anomaly
2024-12-08 05:20:00,3.1779494,Token/Cost Anomaly
2024-12-08 05:25:00,3.1761708,Token/Cost Anomaly
2024-12-08 05:30:00,3.1747196,Token/Cost Anomaly
2024-12-08 05:35:00,3.1664152,Token/Cost Anomaly
2024-12-08 05:40:00,3.1736524,Token/Cost Anomaly
2024-12-08 05:45:00,3.1488903,Token/Cost Anomaly
2024-12-08 05:50:00,3.1682136,Token/Cost Anomaly
2024-12-08 05:55:00,3.152565,Token/Cost Anomaly
2024-12-08 06:00:00,3.1509416,Token/Cost Anomaly
2024-12-08 06:05:00,3.1625757,Token/Cost Anomaly
2024-12-08 06:10:00,3.1593218,Token/Cost Anomaly
2024-12-08 06:15:00,3.1470985,Token/Cost Anomaly
2024-12-08 06:20:00,3.140421,Token/Cost Anomaly
2024-12-08 06:25:00,3.1376762,Token/Cost Anomaly
2024-12-08 06:30:00,3.1221073,Token/Cost Anomaly
2024-12-08 06:35:00,3.1170528,Token/Cost Anomaly
2024-12-08 06:40:00,3.1044366,Token/Cost Anomaly
2024-12-08 06:45:00,3.09914,Token/Cost Anomaly
2024-12-08 06:50:00,3.1015902,Token/Cost Anomaly
2024-12-08 06:55:00,3.0829778,Token/Cost Anomaly
2024-12-08 07:00:00,3.065015,Token/Cost Anomaly
2024-12-08 07:05:00,3.0297015,Token/Cost Anomaly
2024-12-08 07:10:00,3.0072675,Token/Cost Anomaly
2024-12-08 07:15:00,2.9863727,Token/Cost Anomaly
2024-12-08 07:20:00,2.938451,Token/Cost Anomaly
2024-12-08 07:25:00,2.9174364,Token/Cost Anomaly
2024-12-08 07:30:00,2.896453,Token/Cost Anomaly
2024-12-08 07:35:00,2.8744903,Token/Cost Anomaly
2024-12-08 07:40:00,2.8356116,Token/Cost Anomaly
2024-12-08 07:45:00,2.8166223,Token/Cost Anomaly
2024-12-08 07:50:00,2.7898855,Token/Cost Anomaly
2024-12-08 07:55:00,2.7842104,Token/Cost Anomaly
2024-12-08 08:00:00,2.7787206,Token/Cost Anomaly
2024-12-08 08:05:00,2.7615192,Token/Cost Anomaly
2024-12-08 08:10:00,2.7236404,Token/Cost Anomaly
2024-12-08 08:15:00,2.7184584,Token/Cost Anomaly
2024-12-08 08:20:00,2.7134473,Token/Cost Anomaly
2024-12-08 08:25:00,2.6930017,Token/Cost Anomaly
2024-12-08 08:30:00,2.6523929,Token/Cost Anomaly
2024-12-08 08:35:00,2.5321705,Latency Anomaly
2024-12-08 08:40:00,2.4932988,Latency Anomaly
2024-12-08 08:45:00,2.4486403,Latency Anomaly
2024-12-08 08:50:00,2.4105008,Latency Anomaly
2024-12-08 08:55:00,2.3850179,Latency Anomaly
2024-12-08 09:00:00,2.3034205,Latency Anomaly
2024-12-08 09:05:00,2.2642496,Latency Anomaly
2024-12-08 09:10:00,2.234276,Latency Anomaly
2024-12-08 09:15:00,2.2264316,Latency Anomaly
2024-12-08 09:20:00,2.2119637,Latency Anomaly
2024-12-08 09:25:00,2.2074292,Latency Anomaly
2024-12-08 09:30:00,2.154894,Latency Anomaly
2024-12-08 09:35:00,2.1342397,Latency Anomaly
2024-12-08 09:40:00,2.1364138,Latency Anomaly
2024-12-08 09:45:00,2.1169314,Latency Anomaly
2024-12-08 09:50:00,1.9301594,Latency Anomaly
2024-12-08 09:55:00,1.9028502,Latency Anomaly
2024-12-08 10:00:00,1.8703426,Latency Anomaly
2024-12-08 10:05:00,1.8210552,Latency Anomaly
2024-12-08 10:10:00,1.804559,Latency Anomaly
2024-12-08 10:15:00,1.7787536,Latency Anomaly
2024-12-08 10:20:00,1.7072293,Latency Anomaly
2024-12-08 10:25:00,1.6861595,Latency Anomaly
2024-12-08 10:30:00,1.6700162,Latency Anomaly
2024-12-08 10:35:00,1.6606486,Latency Anomaly
2024-12-08 10:40:00,1.6568524,Latency Anomaly
2024-12-08 10:45:00,1.6526743,Latency Anomaly
2024-12-08 10:50:00,1.6138674,Latency Anomaly
2024-12-08 10:55:00,1.5869739,Latency Anomaly
2024-12-08 11:00:00,1.5751375,Latency Anomaly
2024-12-08 11:05:00,1.5353479,Latency Anomaly
2024-12-08 11:10:00,1.5297831,Latency Anomaly
2024-12-08 11:15:00,1.5184337,Latency Anomaly
2024-12-08 11:20:00,1.5075549,Latency Anomaly
2024-12-08 11:25:00,1.5025512,Latency Anomaly
2024-12-08 11:30:00,1.493691,Latency Anomaly
2024-12-08 11:35:00,1.4815309,Latency Anomaly
2024-12-08 11:40:00,1.469032,Latency Anomaly
2024-12-08 11:45:00,1.4633437,Latency Anomaly
2024-12-08 11:50:00,1.4489859,Latency Anomaly
2024-12-08 11:55:00,1.4372435,Latency Anomaly
2024-12-08 12:00:00,1.4235185,Latency Anomaly
2024-12-08 12:05:00,1.4214013,Latency Anomaly
2024-12-08 12:10:00,1.417474,Latency Anomaly
2024-12-08 12:15:00,1.4283872,Latency Anomaly
2024-12-08 12:20:00,1.4293623,Latency Anomaly
2024-12-08 12:25:00,1.4181415,Latency Anomaly
2024-12-08 12:30:00,1.4192691,Latency Anomaly
2024-12-08 12:35:00,1.4120246,Latency Anomaly
2024-12-08 12:40:00,1.4093182,Latency Anomaly
2024-12-08 12:45:00,1.4147649,Latency Anomaly
2024-12-08 12:50:00,1.4037262,Latency Anomaly
2024-12-08 12:55:00,1.4011085,Latency Anomaly
2024-12-08 13:00:00,1.40493,Latency Anomaly
2024-12-08 13:05:00,1.4051739,Latency Anomaly
2024-12-08 13:10:00,1.4001163,Latency Anomaly
2024-12-08 13:15:00,1.4013472,Latency Anomaly
2024-12-08 13:20:00,1.4025419,Latency Anomaly
2024-12-08 13:25:00,1.4010228,Latency Anomaly
2024-12-08 13:30:00,1.4058133,Latency Anomaly
2024-12-08 13:35:00,1.4098613,Latency Anomaly
2024-12-08 13:40:00,1.4079319,Latency Anomaly
2024-12-08 13:45:00,1.4053829,Latency Anomaly
2024-12-08 13:50:00,1.4002451,Latency Anomaly
2024-12-08 13:55:00,1.4041238,Latency Anomaly
2024-12-08 14:00:00,1.4055847,Latency Anomaly
2024-12-08 14:05:00,1.4028326,Latency Anomaly
2024-12-08 14:10:00,1.4073443,Latency Anomaly
2024-12-08 14:15:00,1.3908348,Latency Anomaly
2024-12-08 14:20:00,1.3984808,Latency Anomaly
2024-12-08 14:25:00,1.3949758,Latency Anomaly
2024-12-08 14:30:00,1.3982954,Latency Anomaly
2024-12-08 14:35:00,1.4006083,Latency Anomaly
2024-12-08 14:40:00,1.4043585,Latency Anomaly
2024-12-08 14:45:00,1.4008762,Latency Anomaly
2024-12-08 14:50:00,1.405349,Latency Anomaly
2024-12-08 14:55:00,1.4046751,Latency Anomaly
2024-12-08 15:00:00,1.39999,Latency Anomaly
2024-12-08 15:05:00,1.4018266,Latency Anomaly
2024-12-08 15:10:00,1.3968431,Latency Anomaly
2024-12-08 15:15:00,1.3880733,Latency Anomaly
2024-12-08 15:20:00,1.3785745,Latency Anomaly
2024-12-08 15:25:00,1.3808043,Latency Anomaly
2024-12-08 15:30:00,1.3969812,Latency Anomaly
2024-12-08 15:35:00,1.390559,Latency Anomaly
2024-12-08 15:40:00,1.3735592,Latency Anomaly
2024-12-08 15:45:00,1.3713132,Latency Anomaly
2024-12-08 15:50:00,1.3755925,Latency Anomaly
2024-12-08 15:55:00,1.3794599,Latency Anomaly
2024-12-08 16:00:00,1.3733271,Latency Anomaly
2024-12-08 16:05:00,1.3800279,Latency Anomaly
2024-12-08 16:10:00,1.3865172,Latency Anomaly
2024-12-08 16:15:00,1.3883384,Latency Anomaly
2024-12-08 16:20:00,1.3805155,Latency Anomaly
2024-12-08 16:25:00,1.3845943,Latency Anomaly
2024-12-08 16:30:00,1.3820326,Latency Anomaly
2024-12-08 16:35:00,1.382776,Latency Anomaly
2024-12-08 16:40:00,1.3871169,Latency Anomaly
2024-12-08 16:45:00,1.3863615,Latency Anomaly
2024-12-08 16:50:00,1.3913071,Latency Anomaly
2024-12-08 16:55:00,1.4051287,Latency Anomaly
2024-12-08 17:00:00,1.4075952,Latency Anomaly
2024-12-08 17:05:00,1.4131155,Latency Anomaly
2024-12-08 17:10:00,1.4133539,Latency Anomaly
2024-12-08 17:15:00,1.4183111,Latency Anomaly
2024-12-08 17:20:00,1.4205713,Latency Anomaly
2024-12-08 17:25:00,1.4273957,Latency Anomaly
2024-12-08 17:30:00,1.4322935,Latency Anomaly
2024-12-08 17:35:00,1.4318926,Latency Anomaly
2024-12-08 17:40:00,1.4389052,Latency Anomaly
2024-12-08 17:45:00,1.4418179,Latency Anomaly
2024-12-08 17:50:00,1.4331181,Latency Anomaly
2024-12-08 17:55:00,1.4312758,Latency Anomaly
2024-12-08 18:00:00,1.4319686,Latency Anomaly
2024-12-08 18:05:00,1.4261705,Latency Anomaly
2024-12-08 18:10:00,1.4300169,Latency Anomaly
2024-12-08 18:15:00,1.4139796,Latency Anomaly
2024-12-08 18:20:00,1.4116973,Latency Anomaly
2024-12-08 18:25:00,1.4102559,Latency Anomaly
2024-12-08 18:30:00,1.4113163,Latency Anomaly
2024-12-08 18:35:00,1.4173925,Latency Anomaly
2024-12-08 18:40:00,1.4141805,Latency Anomaly
2024-12-08 18:45:00,1.4162254,Latency Anomaly
2024-12-08 18:50:00,1.4164628,Latency Anomaly
2024-12-08 18:55:00,1.4130967,Latency Anomaly
2024-12-08 19:00:00,1.4094441,Latency Anomaly
2024-12-08 19:05:00,1.4093686,Latency Anomaly
2024-12-08 19:10:00,1.4237754,Latency Anomaly
2024-12-08 19:15:00,1.4310405,Latency Anomaly
2024-12-08 19:20:00,1.4332536,Latency Anomaly
2024-12-08 19:25:00,1.4372001,Latency Anomaly
2024-12-08 19:30:00,1.4477212,Latency Anomaly
2024-12-08 19:35:00,1.442417,Latency Anomaly
2024-12-08 19:40:00,1.4450812,Latency Anomaly
2024-12-08 19:45:00,1.4485322,Latency Anomaly
2024-12-08 19:50:00,1.4555646,Latency Anomaly
2024-12-08 19:55:00,1.450175,Latency Anomaly
2024-12-08 20:00:00,1.4475719,Latency Anomaly
2024-12-08 20:05:00,1.443216,Latency Anomaly
2024-12-08 20:10:00,1.4457378,Latency Anomaly
2024-12-08 20:15:00,1.4467824,Latency Anomaly
2024-12-08 20:20:00,1.4432158,Latency Anomaly
2024-12-08 20:25:00,1.4527757,Latency Anomaly
2024-12-08 20:30:00,1.4472647,Latency Anomaly
2024-12-08 20:35:00,1.438394,Latency Anomaly
2024-12-08 20:40:00,1.4349829,Latency Anomaly
2024-12-08 20:45:00,1.4330145,Latency Anomaly
2024-12-08 20:50:00,1.4211118,Latency Anomaly
2024-12-08 20:55:00,1.4177132,Latency Anomaly
2024-12-08 21:00:00,1.4263248,Latency Anomaly
2024-12-08 21:05:00,1.4313037,Latency Anomaly
2024-12-08 21:10:00,1.4347801,Latency Anomaly
2024-12-08 21:15:00,1.4347733,Latency Anomaly
2024-12-08 21:20:00,1.4410712,Latency Anomaly
2024-12-08 21:25:00,1.4422199,Latency Anomaly
2024-12-08 21:30:00,1.4263066,Latency Anomaly
2024-12-08 21:35:00,1.4349964,Latency Anomaly
2024-12-08 21:40:00,1.4343634,Latency Anomaly
2024-12-08 21:45:00,1.4389046,Latency Anomaly
2024-12-08 21:50:00,1.441549,Latency Anomaly
2024-12-08 21:55:00,1.4398321,Latency Anomaly
2024-12-08 22:00:00,1.4558502,Latency Anomaly
2024-12-08 22:05:00,1.4471157,Latency Anomaly
2024-12-08 22:10:00,1.4596397,Latency Anomaly
2024-12-08 22:15:00,1.4783728,Latency Anomaly
2024-12-08 22:20:00,1.5037057,Latency Anomaly
2024-12-08 22:25:00,1.5082564,Latency Anomaly
2024-12-08 22:30:00,1.5149387,Latency Anomaly
2024-12-08 22:35:00,1.5272043,Latency Anomaly
2024-12-08 22:40:00,1.5221955,Latency Anomaly
2024-12-08 22:45:00,1.5442084,Latency Anomaly
2024-12-08 22:50:00,1.5444673,Latency Anomaly
2024-12-08 22:55:00,1.5374795,Latency Anomaly
2024-12-08 23:00:00,1.543682,Latency Anomaly
2024-12-08 23:05:00,1.5434045,Latency Anomaly
2024-12-08 23:10:00,1.5813644,Latency Anomaly
2024-12-08 23:15:00,1.5994459,Latency Anomaly
2024-12-08 23:20:00,1.6228652,Latency Anomaly
2024-12-08 23:25:00,1.6285628,Latency Anomaly
2024-12-08 23:30:00,1.6303128,Latency Anomaly
2024-12-08 23:35:00,1.6405636,Latency Anomaly
2024-12-08 23:40:00,1.6582643,Latency Anomaly
2024-12-08 23:45:00,1.6681963,Latency Anomaly
2024-12-08 23:50:00,1.6878468,Latency Anomaly
2024-12-08 23:55:00,1.6882672,Latency Anomaly
2024-12-09 00:00:00,1.6885595,Latency Anomaly
2024-12-09 00:05:00,1.695342,Latency Anomaly
2024-12-09 00:10:00,1.6963158,Latency Anomaly
2024-12-09 00:15:00,1.717863,Latency Anomaly
2024-12-09 00:20:00,1.7337035,Latency Anomaly
2024-12-09 00:25:00,1.7443303,Latency Anomaly
2024-12-09 00:30:00,1.7513027,Latency Anomaly
2024-12-09 00:35:00,1.7551982,Latency Anomaly
2024-12-09 00:40:00,1.7695674,Latency Anomaly
2024-12-09 00:45:00,1.7682859,Latency Anomaly
2024-12-09 00:50:00,1.7784839,Latency Anomaly
2024-12-09 00:55:00,1.7935231,Latency Anomaly
2024-12-09 01:00:00,1.8082808,Latency Anomaly
2024-12-09 01:05:00,1.8388118,Latency Anomaly
2024-12-09 01:10:00,1.8397077,Latency Anomaly
2024-12-09 01:15:00,1.8576618,Latency Anomaly
2024-12-09 01:20:00,1.8548274,Latency Anomaly
2024-12-09 01:25:00,1.9098442,Latency Anomaly
2024-12-09 01:30:00,1.9218138,Latency Anomaly
2024-12-09 01:35:00,1.9387976,Latency Anomaly
2024-12-09 01:40:00,1.955188,Latency Anomaly
2024-12-09 01:45:00,2.0077486,Latency Anomaly
2024-12-09 01:50:00,2.0126648,Latency Anomaly
2024-12-09 01:55:00,2.0571048,Latency Anomaly
2024-12-09 02:00:00,2.1741471,Latency Anomaly
2024-12-09 02:05:00,2.1898575,Latency Anomaly
2024-12-09 02:10:00,2.2372413,Latency Anomaly
2024-12-09 02:15:00,2.2728744,Latency Anomaly
2024-12-09 02:20:00,2.281887,Latency Anomaly
2024-12-09 02:25:00,2.3303454,Latency Anomaly
2024-12-09 02:30:00,2.3508778,Latency Anomaly
2024-12-09 02:35:00,2.3640234,Latency Anomaly
2024-12-09 02:40:00,2.3776228,Latency Anomaly
2024-12-09 02:45:00,2.398278,Latency Anomaly
2024-12-09 02:50:00,2.4294093,Latency Anomaly
2024-12-09 02:55:00,2.4404008,Latency Anomaly
2024-12-09 03:00:00,2.4798434,Latency Anomaly
2024-12-09 03:05:00,2.4875047,Latency Anomaly
2024-12-09 03:10:00,2.5242593,Latency Anomaly
2024-12-09 03:15:00,2.559366,Latency Anomaly
2024-12-09 03:20:00,2.5627646,Latency Anomaly
2024-12-09 03:25:00,2.591516,Token/Cost Anomaly
2024-12-09 03:30:00,2.632903,Token/Cost Anomaly
2024-12-09 03:35:00,2.6467028,Token/Cost Anomaly
2024-12-09 03:40:00,2.6558723,Token/Cost Anomaly
2024-12-09 03:45:00,2.653136,Token/Cost Anomaly
2024-12-09 03:50:00,2.669361,Token/Cost Anomaly
2024-12-09 03:55:00,2.6920354,Token/Cost Anomaly
2024-12-09 04:00:00,2.7145987,Token/Cost Anomaly
2024-12-09 04:05:00,2.7378047,Token/Cost Anomaly
2024-12-09 04:10:00,2.7345135,Token/Cost Anomaly
2024-12-09 04:15:00,2.7424192,Token/Cost Anomaly
2024-12-09 04:20:00,2.722173,Token/Cost Anomaly
2024-12-09 04:25:00,2.7237606,Token/Cost Anomaly
2024-12-09 04:30:00,2.742963,Token/Cost Anomaly
2024-12-09 04:35:00,2.761712,Token/Cost Anomaly
2024-12-09 04:40:00,2.770784,Token/Cost Anomaly
2024-12-09 04:45:00,2.7575507,Token/Cost Anomaly
2024-12-09 04:50:00,2.7653878,Token/Cost Anomaly
2024-12-09 04:55:00,2.7678087,Token/Cost Anomaly
2024-12-09 05:00:00,2.7722585,Token/Cost Anomaly
2024-12-09 05:05:00,2.774668,Token/Cost Anomaly
2024-12-09 05:10:00,2.749981,Token/Cost Anomaly
2024-12-09 05:15:00,2.7330039,Token/Cost Anomaly
2024-12-09 05:20:00,2.7156034,Token/Cost Anomaly
2024-12-09 05:25:00,2.7302535,Token/Cost Anomaly
2024-12-09 05:30:00,2.731239,Token/Cost Anomaly
2024-12-09 05:35:00,2.7389128,Token/Cost Anomaly
2024-12-09 05:40:00,2.7316525,Token/Cost Anomaly
2024-12-09 05:45:00,2.7263732,Token/Cost Anomaly
2024-12-09 05:50:00,2.716402,Token/Cost Anomaly
2024-12-09 05:55:00,2.7273958,Token/Cost Anomaly
2024-12-09 06:00:00,2.7274892,Token/Cost Anomaly
2024-12-09 06:05:00,2.717841,Token/Cost Anomaly
2024-12-09 06:10:00,2.7119236,Token/Cost Anomaly
2024-12-09 06:15:00,2.6922803,Token/Cost Anomaly
2024-12-09 06:20:00,2.6906066,Token/Cost Anomaly
2024-12-09 06:25:00,2.6862273,Token/Cost Anomaly
2024-12-09 06:30:00,2.6789172,Token/Cost Anomaly
2024-12-09 06:35:00,2.6737547,Token/Cost Anomaly
2024-12-09 06:40:00,2.6736426,Token/Cost Anomaly
2024-12-09 06:45:00,2.6914945,Token/Cost Anomaly
2024-12-09 06:50:00,2.684113,Token/Cost Anomaly
2024-12-09 06:55:00,2.6734881,Token/Cost Anomaly
2024-12-09 07:00:00,2.6564791,Token/Cost Anomaly
2024-12-09 07:05:00,2.6252105,Token/Cost Anomaly
2024-12-09 07:10:00,2.6137283,Token/Cost Anomaly
2024-12-09 07:15:00,2.610185,Token/Cost Anomaly
2024-12-09 07:20:00,2.6254652,Token/Cost Anomaly
2024-12-09 07:25:00,2.5803275,Token/Cost Anomaly
2024-12-09 07:30:00,2.5692537,Token/Cost Anomaly
2024-12-09 07:35:00,2.556395,Token/Cost Anomaly
2024-12-09 07:40:00,2.541881,Token/Cost Anomaly
2024-12-09 07:45:00,2.4870965,Token/Cost Anomaly
2024-12-09 07:50:00,2.479548,Token/Cost Anomaly
2024-12-09 07:55:00,2.4367046,Latency Anomaly
2024-12-09 08:00:00,2.319555,Latency Anomaly
2024-12-09 08:05:00,2.305274,Latency Anomaly
2024-12-09 08:10:00,2.2448745,Latency Anomaly
2024-12-09 08:15:00,2.208768,Latency Anomaly
2024-12-09 08:20:00,2.2049315,Latency Anomaly
2024-12-09 08:25:00,2.1482358,Latency Anomaly
2024-12-09 08:30:00,2.1290581,Latency Anomaly
2024-12-09 08:35:00,2.121851,Latency Anomaly
2024-12-09 08:40:00,2.1137183,Latency Anomaly
2024-12-09 08:45:00,2.1069295,Latency Anomaly
2024-12-09 08:50:00,2.082504,Latency Anomaly
2024-12-09 08:55:00,2.067722,Latency Anomaly
2024-12-09 09:00:00,2.0262666,Latency Anomaly
2024-12-09 09:05:00,2.0235286,Latency Anomaly
2024-12-09 09:10:00,1.9883423,Latency Anomaly
2024-12-09 09:15:00,1.9562154,Latency Anomaly
2024-12-09 09:20:00,1.9470143,Latency Anomaly
2024-12-09 09:25:00,1.9173534,Latency Anomaly
2024-12-09 09:30:00,1.8709772,Latency Anomaly
2024-12-09 09:35:00,1.8560978,Latency Anomaly
2024-12-09 09:40:00,1.8503356,Latency Anomaly
2024-12-09 09:45:00,1.8540516,Latency Anomaly
2024-12-09 09:50:00,1.8360636,Latency Anomaly
2024-12-09 09:55:00,1.824502,Latency Anomaly
2024-12-09 10:00:00,1.7951025,Latency Anomaly
2024-12-09 10:05:00,1.7799983,Latency Anomaly
2024-12-09 10:10:00,1.7705903,Latency Anomaly
2024-12-09 10:15:00,1.7455777,Latency Anomaly
2024-12-09 10:20:00,1.7476329,Latency Anomaly
2024-12-09 10:25:00,1.7453576,Latency Anomaly
2024-12-09 10:30:00,1.7321303,Latency Anomaly
2024-12-09 10:35:00,1.6994007,Latency Anomaly
2024-12-09 10:40:00,1.6896372,Latency Anomaly
2024-12-09 10:45:00,1.6938146,Latency Anomaly
2024-12-09 10:50:00,1.685819,Latency Anomaly
2024-12-09 10:55:00,1.6985341,Latency Anomaly
2024-12-09 11:00:00,1.7028278,Latency Anomaly
2024-12-09 11:05:00,1.6989096,Latency Anomaly
2024-12-09 11:10:00,1.6943111,Latency Anomaly
2024-12-09 11:15:00,1.7055084,Latency Anomaly
2024-12-09 11:20:00,1.7181777,Latency Anomaly
2024-12-09 11:25:00,1.7071438,Latency Anomaly
2024-12-09 11:30:00,1.7089702,Latency Anomaly
2024-12-09 11:35:00,1.7032137,Latency Anomaly
2024-12-09 11:40:00,1.7025365,Latency Anomaly
2024-12-09 11:45:00,1.7107412,Latency Anomaly
2024-12-09 11:50:00,1.714955,Latency Anomaly
2024-12-09 11:55:00,1.7053155,Latency Anomaly
2024-12-09 12:00:00,1.7262933,Latency Anomaly
2024-12-09 12:05:00,1.7401255,Latency Anomaly
2024-12-09 12:10:00,1.7587719,Latency Anomaly
2024-12-09 12:15:00,1.7791122,Latency Anomaly
2024-12-09 12:20:00,1.7880878,Latency Anomaly
2024-12-09 12:25:00,1.7995363,Latency Anomaly
2024-12-09 12:30:00,1.8059045,Latency Anomaly
2024-12-09 12:35:00,1.8199015,Latency Anomaly
2024-12-09 12:40:00,1.8251711,Latency Anomaly
2024-12-09 12:45:00,1.8088087,Latency Anomaly
2024-12-09 12:50:00,1.8261534,Latency Anomaly
2024-12-09 12:55:00,1.8403014,Latency Anomaly
2024-12-09 13:00:00,1.8630704,Latency Anomaly
2024-12-09 13:05:00,1.8792123,Latency Anomaly
2024-12-09 13:10:00,1.8888656,Latency Anomaly
2024-12-09 13:15:00,1.8770899,Latency Anomaly
2024-12-09 13:20:00,1.8734399,Latency Anomaly
2024-12-09 13:25:00,1.8739611,Latency Anomaly
2024-12-09 13:30:00,1.8817753,Latency Anomaly
2024-12-09 13:35:00,1.8930678,Latency Anomaly
2024-12-09 13:40:00,1.9045273,Latency Anomaly
2024-12-09 13:45:00,1.9246663,Latency Anomaly
2024-12-09 13:50:00,1.933424,Latency Anomaly
2024-12-09 13:55:00,1.9491072,Latency Anomaly
2024-12-09 14:00:00,1.9591038,Latency Anomaly
2024-12-09 14:05:00,1.9753891,Latency Anomaly
2024-12-09 14:10:00,1.9998283,Latency Anomaly
2024-12-09 14:15:00,2.0235724,Latency Anomaly
2024-12-09 14:20:00,2.0347729,Latency Anomaly
2024-12-09 14:25:00,2.0495365,Latency Anomaly
2024-12-09 14:30:00,2.0662088,Latency Anomaly
2024-12-09 14:35:00,2.085284,Latency Anomaly
2024-12-09 14:40:00,2.0949357,Latency Anomaly
2024-12-09 14:45:00,2.096436,Latency Anomaly
2024-12-09 14:50:00,2.1081417,Latency Anomaly
2024-12-09 14:55:00,2.1374545,Latency Anomaly
2024-12-09 15:00:00,2.158227,Latency Anomaly
2024-12-09 15:05:00,2.170478,Latency Anomaly
2024-12-09 15:10:00,2.1913798,Latency Anomaly
2024-12-09 15:15:00,2.198552,Latency Anomaly
2024-12-09 15:20:00,2.2109375,Latency Anomaly
2024-12-09 15:25:00,2.223935,Latency Anomaly
2024-12-09 15:30:00,2.2460427,Latency Anomaly
2024-12-09 15:35:00,2.2504888,Latency Anomaly
2024-12-09 15:40:00,2.272613,Latency Anomaly
2024-12-09 15:45:00,2.2785974,Latency Anomaly
2024-12-09 15:50:00,2.3027432,Latency Anomaly
2024-12-09 15:55:00,2.3108199,Latency Anomaly
2024-12-09 16:00:00,2.313451,Latency Anomaly
2024-12-09 16:05:00,2.31854,Latency Anomaly
2024-12-09 16:10:00,2.3274536,Latency Anomaly
2024-12-09 16:15:00,2.3382037,Latency Anomaly
2024-12-09 16:20:00,2.353729,Latency Anomaly
2024-12-09 16:25:00,2.361316,Latency Anomaly
2024-12-09 16:30:00,2.3656473,Latency Anomaly
2024-12-09 16:35:00,2.3790274,Latency Anomaly
2024-12-09 16:40:00,2.3905897,Latency Anomaly
2024-12-09 16:45:00,2.392729,Latency Anomaly
2024-12-09 16:50:00,2.4089913,Latency Anomaly
2024-12-09 16:55:00,2.4017508,Latency Anomaly
2024-12-09 17:00:00,2.3963244,Latency Anomaly
2024-12-09 17:05:00,2.3981392,Latency Anomaly
2024-12-09 17:10:00,2.4085283,Latency Anomaly
2024-12-09 17:15:00,2.409791,Latency Anomaly
2024-12-09 17:20:00,2.3994796,Latency Anomaly
2024-12-09 17:25:00,2.4004514,Latency Anomaly
2024-12-09 17:30:00,2.4000835,Latency Anomaly
2024-12-09 17:35:00,2.4017646,Latency Anomaly
2024-12-09 17:40:00,2.4051418,Latency Anomaly
2024-12-09 17:45:00,2.4010828,Latency Anomaly
2024-12-09 17:50:00,2.403271,Latency Anomaly
2024-12-09 17:55:00,2.4091673,Latency Anomaly
2024-12-09 18:00:00,2.3908074,Latency Anomaly
2024-12-09 18:05:00,2.3839858,Latency Anomaly
2024-12-09 18:10:00,2.383182,Latency Anomaly
2024-12-09 18:15:00,2.372868,Latency Anomaly
2024-12-09 18:20:00,2.3495698,Latency Anomaly
2024-12-09 18:25:00,2.340688,Latency Anomaly
2024-12-09 18:30:00,2.3348126,Latency Anomaly
2024-12-09 18:35:00,2.3237135,Latency Anomaly
2024-12-09 18:40:00,2.312916,Latency Anomaly
2024-12-09 18:45:00,2.310974,Latency Anomaly
2024-12-09 18:50:00,2.2965243,Latency Anomaly
2024-12-09 18:55:00,2.2897532,Latency Anomaly
2024-12-09 19:00:00,2.2752495,Latency Anomaly
2024-12-09 19:05:00,2.257847,Latency Anomaly
2024-12-09 19:10:00,2.2466154,Latency Anomaly
2024-12-09 19:15:00,2.2352,Latency Anomaly
2024-12-09 19:20:00,2.220058,Latency Anomaly
2024-12-09 19:25:00,2.2170146,Latency Anomaly
2024-12-09 19:30:00,2.2000656,Latency Anomaly
2024-12-09 19:35:00,2.2004046,Latency Anomaly
2024-12-09 19:40:00,2.191033,Latency Anomaly
2024-12-09 19:45:00,2.1797953,Latency Anomaly
2024-12-09 19:50:00,2.174574,Latency Anomaly
2024-12-09 19:55:00,2.16046,Latency Anomaly
2024-12-09 20:00:00,2.1446908,Latency Anomaly
2024-12-09 20:05:00,2.131442,Latency Anomaly
2024-12-09 20:10:00,2.1130397,Latency Anomaly
2024-12-09 20:15:00,2.0890703,Latency Anomaly
2024-12-09 20:20:00,2.0760727,Latency Anomaly
2024-12-09 20:25:00,2.059861,Latency Anomaly
2024-12-09 20:30:00,2.0419338,Latency Anomaly
2024-12-09 20:35:00,2.021309,Latency Anomaly
2024-12-09 20:40:00,2.0037324,Latency Anomaly
2024-12-09 20:45:00,1.9907048,Latency Anomaly
2024-12-09 20:50:00,1.9795599,Latency Anomaly
2024-12-09 20:55:00,1.9544849,Latency Anomaly
2024-12-09 21:00:00,1.936399,Latency Anomaly
2024-12-09 21:05:00,1.9301897,Latency Anomaly
2024-12-09 21:10:00,1.9037589,Latency Anomaly
2024-12-09 21:15:00,1.8898699,Latency Anomaly
2024-12-09 21:20:00,1.8763968,Latency Anomaly
2024-12-09 21:25:00,1.860238,Latency Anomaly
2024-12-09 21:30:00,1.8349197,Latency Anomaly
2024-12-09 21:35:00,1.8211578,Latency Anomaly
2024-12-09 21:40:00,1.801004,Latency Anomaly
2024-12-09 21:45:00,1.796826,Latency Anomaly
2024-12-09 21:50:00,1.7692363,Latency Anomaly
2024-12-09 21:55:00,1.7528794,Latency Anomaly
2024-12-09 22:00:00,1.7463332,Latency Anomaly
2024-12-09 22:05:00,1.7353723,Latency Anomaly
2024-12-09 22:10:00,1.7214719,Latency Anomaly
2024-12-09 22:15:00,1.7094527,Latency Anomaly
2024-12-09 22:20:00,1.6902622,Latency Anomaly
2024-12-09 22:25:00,1.675297,Latency Anomaly
2024-12-09 22:30:00,1.6574022,Latency Anomaly
2024-12-09 22:35:00,1.6447301,Latency Anomaly
2024-12-09 22:40:00,1.635439,Latency Anomaly
2024-12-09 22:45:00,1.6210155,Latency Anomaly
2024-12-09 22:50:00,1.6002322,Latency Anomaly
2024-12-09 22:55:00,1.5900874,Latency Anomaly
2024-12-09 23:00:00,1.5920895,Latency Anomaly
2024-12-09 23:05:00,1.5811615,Latency Anomaly
2024-12-09 23:10:00,1.5688375,Latency Anomaly
2024-12-09 23:15:00,1.5553882,Latency Anomaly
2024-12-09 23:20:00,1.5442392,Latency Anomaly
2024-12-09 23:25:00,1.5384172,Latency Anomaly
2024-12-09 23:30:00,1.539451,Latency Anomaly
2024-12-09 23:35:00,1.5433704,Latency Anomaly
2024-12-09 23:40:00,1.5384613,Latency Anomaly
2024-12-09 23:45:00,1.5542108,Latency Anomaly
2024-12-09 23:50:00,1.5565794,Latency Anomaly
2024-12-09 23:55:00,1.5447861,Latency Anomaly
2024-12-10 00:00:00,1.5409195,Latency Anomaly
2024-12-10 00:05:00,1.5364286,Latency Anomaly
2024-12-10 00:10:00,1.5323403,Latency Anomaly
2024-12-10 00:15:00,1.5254637,Latency Anomaly
2024-12-10 00:20:00,1.5292652,Latency Anomaly
2024-12-10 00:25:00,1.5396669,Latency Anomaly
2024-12-10 00:30:00,1.542892,Latency Anomaly
2024-12-10 00:35:00,1.546524,Latency Anomaly
2024-12-10 00:40:00,1.549703,Latency Anomaly
2024-12-10 00:45:00,1.5503708,Latency Anomaly
2024-12-10 00:50:00,1.5521834,Latency Anomaly
2024-12-10 00:55:00,1.5721837,Latency Anomaly
2024-12-10 01:00:00,1.5924467,Latency Anomaly
2024-12-10 01:05:00,1.5977719,Latency Anomaly
2024-12-10 01:10:00,1.6240548,Latency Anomaly
2024-12-10 01:15:00,1.6421418,Latency Anomaly
2024-12-10 01:20:00,1.6585416,Latency Anomaly
2024-12-10 01:25:00,1.6550949,Latency Anomaly
2024-12-10 01:30:00,1.6725957,Latency Anomaly
2024-12-10 01:35:00,1.6827554,Latency Anomaly
2024-12-10 01:40:00,1.6922548,Latency Anomaly
2024-12-10 01:45:00,1.6903936,Latency Anomaly
2024-12-10 01:50:00,1.709774,Latency Anomaly
2024-12-10 01:55:00,1.7211549,Latency Anomaly
2024-12-10 02:00:00,1.7552463,Latency Anomaly
2024-12-10 02:05:00,1.7721342,Latency Anomaly
2024-12-10 02:10:00,1.7777963,Latency Anomaly
2024-12-10 02:15:00,1.7810441,Latency Anomaly
2024-12-10 02:20:00,1.8068619,Latency Anomaly
2024-12-10 02:25:00,1.8257815,Latency Anomaly
2024-12-10 02:30:00,1.8401092,Latency Anomaly
2024-12-10 02:35:00,1.9014812,Latency Anomaly
2024-12-10 02:40:00,1.9293859,Latency Anomaly
2024-12-10 02:45:00,1.9679927,Latency Anomaly
2024-12-10 02:50:00,1.9934733,Latency Anomaly
2024-12-10 02:55:00,2.0043898,Latency Anomaly
2024-12-10 03:00:00,2.0247524,Latency Anomaly
2024-12-10 03:05:00,2.0422447,Latency Anomaly
2024-12-10 03:10:00,2.0630786,Latency Anomaly
2024-12-10 03:15:00,2.0824692,Latency Anomaly
2024-12-10 03:20:00,2.108286,Latency Anomaly
2024-12-10 03:25:00,2.1139863,Latency Anomaly
2024-12-10 03:30:00,2.1434674,Latency Anomaly
2024-12-10 03:35:00,2.1594186,Latency Anomaly
2024-12-10 03:40:00,2.1886184,Latency Anomaly
2024-12-10 03:45:00,2.1810927,Latency Anomaly
2024-12-10 03:50:00,2.193661,Latency Anomaly
2024-12-10 03:55:00,2.2150185,Latency Anomaly
2024-12-10 04:00:00,2.2358253,Latency Anomaly
2024-12-10 04:05:00,2.2407405,Latency Anomaly
2024-12-10 04:10:00,2.2465174,Latency Anomaly
2024-12-10 04:15:00,2.2496338,Latency Anomaly
2024-12-10 04:20:00,2.276526,Latency Anomaly
2024-12-10 04:25:00,2.3476002,Latency Anomaly
2024-12-10 04:30:00,2.3557692,Latency Anomaly
2024-12-10 04:35:00,2.4157753,Latency Anomaly
2024-12-10 04:40:00,2.4206245,Latency Anomaly
2024-12-10 04:45:00,2.429102,Latency Anomaly
2024-12-10 04:50:00,2.4280193,Latency Anomaly
2024-12-10 04:55:00,2.43192,Latency Anomaly
2024-12-10 05:00:00,2.4238667,Latency Anomaly
2024-12-10 05:05:00,2.4321053,Latency Anomaly
2024-12-10 05:10:00,2.4335463,Latency Anomaly
2024-12-10 05:15:00,2.4337223,Latency Anomaly
2024-12-10 05:20:00,2.4393275,Latency Anomaly
2024-12-10 05:25:00,2.4380927,Latency Anomaly
2024-12-10 05:30:00,2.452003,Latency Anomaly
2024-12-10 05:35:00,2.441575,Latency Anomaly
2024-12-10 05:40:00,2.432385,Latency Anomaly
2024-12-10 05:45:00,2.4081376,Latency Anomaly
2024-12-10 05:50:00,2.4007883,Latency Anomaly
2024-12-10 05:55:00,2.4067056,Latency Anomaly
2024-12-10 06:00:00,2.4079394,Latency Anomaly
2024-12-10 06:05:00,2.42389,Latency Anomaly
2024-12-10 06:10:00,2.4186952,Latency Anomaly
2024-12-10 06:15:00,2.4161577,Latency Anomaly
2024-12-10 06:20:00,2.4165452,Latency Anomaly
2024-12-10 06:25:00,2.4036865,Latency Anomaly
2024-12-10 06:30:00,2.393044,Latency Anomaly
2024-12-10 06:35:00,2.380998,Latency Anomaly
2024-12-10 06:40:00,2.3756983,Latency Anomaly
2024-12-10 06:45:00,2.369969,Latency Anomaly
2024-12-10 06:50:00,2.380744,Latency Anomaly
2024-12-10 06:55:00,2.3536525,Latency Anomaly
2024-12-10 07:00:00,2.328653,Latency Anomaly
2024-12-10 07:05:00,2.3227556,Latency Anomaly
2024-12-10 07:10:00,2.2995205,Latency Anomaly
2024-12-10 07:15:00,2.2798717,Latency Anomaly
2024-12-10 07:20:00,2.2621121,Latency Anomaly
2024-12-10 07:25:00,2.2521322,Latency Anomaly
2024-12-10 07:30:00,2.2356646,Latency Anomaly
2024-12-10 07:35:00,2.211874,Latency Anomaly
2024-12-10 07:40:00,2.1956668,Latency Anomaly
2024-12-10 07:45:00,2.1917036,Latency Anomaly
2024-12-10 07:50:00,2.1620665,Latency Anomaly
2024-12-10 07:55:00,2.1477458,Latency Anomaly
2024-12-10 08:00:00,2.113505,Latency Anomaly
2024-12-10 08:05:00,2.0982368,Latency Anomaly
2024-12-10 08:10:00,2.0944602,Latency Anomaly
2024-12-10 08:15:00,2.094686,Latency Anomaly
2024-12-10 08:20:00,2.062123,Latency Anomaly
2024-12-10 08:25:00,2.046912,Latency Anomaly
2024-12-10 08:30:00,2.0343838,Latency Anomaly
2024-12-10 08:35:00,1.9709325,Latency Anomaly
2024-12-10 08:40:00,1.9450971,Latency Anomaly
2024-12-10 08:45:00,1.9067965,Latency Anomaly
2024-12-10 08:50:00,1.8821887,Latency Anomaly
2024-12-10 08:55:00,1.8757417,Latency Anomaly
2024-12-10 09:00:00,1.8516421,Latency Anomaly
2024-12-10 09:05:00,1.8240855,Latency Anomaly
2024-12-10 09:10:00,1.8062633,Latency Anomaly
2024-12-10 09:15:00,1.7868766,Latency Anomaly
2024-12-10 09:20:00,1.7666992,Latency Anomaly
2024-12-10 09:25:00,1.7587332,Latency Anomaly
2024-12-10 09:30:00,1.733062,Latency Anomaly
2024-12-10 09:35:00,1.7332996,Latency Anomaly
2024-12-10 09:40:00,1.7085994,Latency Anomaly
2024-12-10 09:45:00,1.7111313,Latency Anomaly
2024-12-10 09:50:00,1.7041366,Latency Anomaly
2024-12-10 09:55:00,1.6917322,Latency Anomaly
2024-12-10 10:00:00,1.6753813,Latency Anomaly
2024-12-10 10:05:00,1.6748056,Latency Anomaly
2024-12-10 10:10:00,1.6937249,Latency Anomaly
2024-12-10 10:15:00,1.6932033,Latency Anomaly
2024-12-10 10:20:00,1.669792,Latency Anomaly
2024-12-10 10:25:00,1.6022199,Latency Anomaly
2024-12-10 10:30:00,1.6016513,Latency Anomaly
2024-12-10 10:35:00,1.5421889,Latency Anomaly
2024-12-10 10:40:00,1.5409086,Latency Anomaly
2024-12-10 10:45:00,1.5380293,Latency Anomaly
2024-12-10 10:50:00,1.5443056,Latency Anomaly
2024-12-10 10:55:00,1.5452893,Latency Anomaly
2024-12-10 11:00:00,1.5454867,Latency Anomaly
2024-12-10 11:05:00,1.5540621,Latency Anomaly
2024-12-10 11:10:00,1.5591501,Latency Anomaly
2024-12-10 11:15:00,1.5719073,Latency Anomaly
2024-12-10 11:20:00,1.5790391,Latency Anomaly
2024-12-10 11:25:00,1.5804499,Latency Anomaly
2024-12-10 11:30:00,1.5625327,Latency Anomaly
2024-12-10 11:35:00,1.567945,Latency Anomaly
2024-12-10 11:40:00,1.573454,Latency Anomaly
2024-12-10 11:45:00,1.5785803,Latency Anomaly
2024-12-10 11:50:00,1.5885695,Latency Anomaly
2024-12-10 11:55:00,1.5950005,Latency Anomaly
2024-12-10 12:00:00,1.6090853,Latency Anomaly
2024-12-10 12:05:00,1.6057229,Latency Anomaly
2024-12-10 12:10:00,1.6181085,Latency Anomaly
2024-12-10 12:15:00,1.6390562,Latency Anomaly
2024-12-10 12:20:00,1.6529666,Latency Anomaly
2024-12-10 12:25:00,1.6614146,Latency Anomaly
2024-12-10 12:30:00,1.6848474,Latency Anomaly
2024-12-10 12:35:00,1.6965958,Latency Anomaly
2024-12-10 12:40:00,1.6996187,Latency Anomaly
2024-12-10 12:45:00,1.7124228,Latency Anomaly
2024-12-10 12:50:00,1.7094138,Latency Anomaly
2024-12-10 12:55:00,1.7214619,Latency Anomaly
2024-12-10 13:00:00,1.7370502,Latency Anomaly
2024-12-10 13:05:00,1.7514626,Latency Anomaly
2024-12-10 13:10:00,1.7719587,Latency Anomaly
2024-12-10 13:15:00,1.7965784,Latency Anomaly
2024-12-10 13:20:00,1.8100325,Latency Anomaly
2024-12-10 13:25:00,1.8265842,Latency Anomaly
2024-12-10 13:30:00,1.8352356,Latency Anomaly
2024-12-10 13:35:00,1.8545262,Latency Anomaly
2024-12-10 13:40:00,1.8773293,Latency Anomaly
2024-12-10 13:45:00,1.8948721,Latency Anomaly
2024-12-10 13:50:00,1.91095,Latency Anomaly
2024-12-10 13:55:00,1.9298644,Latency Anomaly
2024-12-10 14:00:00,1.953514,Latency Anomaly
2024-12-10 14:05:00,1.9683899,Latency Anomaly
2024-12-10 14:10:00,1.978915,Latency Anomaly
2024-12-10 14:15:00,1.9957516,Latency Anomaly
2024-12-10 14:20:00,2.0099683,Latency Anomaly
2024-12-10 14:25:00,2.0283573,Latency Anomaly
2024-12-10 14:30:00,2.0424945,Latency Anomaly
2024-12-10 14:35:00,2.0583963,Latency Anomaly
2024-12-10 14:40:00,2.0749776,Latency Anomaly
2024-12-10 14:45:00,2.0936666,Latency Anomaly
2024-12-10 14:50:00,2.1121755,Latency Anomaly
2024-12-10 14:55:00,2.1286118,Latency Anomaly
2024-12-10 15:00:00,2.142952,Latency Anomaly
2024-12-10 15:05:00,2.1567378,Latency Anomaly
2024-12-10 15:10:00,2.1702862,Latency Anomaly
2024-12-10 15:15:00,2.1909513,Latency Anomaly
2024-12-10 15:20:00,2.203257,Latency Anomaly
2024-12-10 15:25:00,2.218675,Latency Anomaly
2024-12-10 15:30:00,2.2319221,Latency Anomaly
2024-12-10 15:35:00,2.2325292,Latency Anomaly
2024-12-10 15:40:00,2.2435427,Latency Anomaly
2024-12-10 15:45:00,2.260762,Latency Anomaly
2024-12-10 15:50:00,2.2732248,Latency Anomaly
2024-12-10 15:55:00,2.2800899,Latency Anomaly
2024-12-10 16:00:00,2.286723,Latency Anomaly
2024-12-10 16:05:00,2.2952533,Latency Anomaly
2024-12-10 16:10:00,2.2829607,Latency Anomaly
2024-12-10 16:15:00,2.2948046,Latency Anomaly
2024-12-10 16:20:00,2.301941,Latency Anomaly
2024-12-10 16:25:00,2.3107417,Latency Anomaly
2024-12-10 16:30:00,2.3204758,Latency Anomaly
2024-12-10 16:35:00,2.327062,Latency Anomaly
2024-12-10 16:40:00,2.3398864,Latency Anomaly
2024-12-10 16:45:00,2.3469281,Latency Anomaly
2024-12-10 16:50:00,2.3606482,Latency Anomaly
2024-12-10 16:55:00,2.3650906,Latency Anomaly
2024-12-10 17:00:00,2.3640907,Latency Anomaly
2024-12-10 17:05:00,2.3624258,Latency Anomaly
2024-12-10 17:10:00,2.3603115,Latency Anomaly
2024-12-10 17:15:00,2.3532524,Latency Anomaly
2024-12-10 17:20:00,2.3524034,Latency Anomaly
2024-12-10 17:25:00,2.3593016,Latency Anomaly
2024-12-10 17:30:00,2.3615549,Latency Anomaly
2024-12-10 17:35:00,2.3634326,Latency Anomaly
2024-12-10 17:40:00,2.3702142,Latency Anomaly
2024-12-10 17:45:00,2.3735993,Latency Anomaly
2024-12-10 17:50:00,2.3758366,Latency Anomaly
2024-12-10 17:55:00,2.3764806,Latency Anomaly
2024-12-10 18:00:00,2.3633475,Latency Anomaly
2024-12-10 18:05:00,2.354146,Latency Anomaly
2024-12-10 18:10:00,2.3419437,Latency Anomaly
2024-12-10 18:15:00,2.3300886,Latency Anomaly
2024-12-10 18:20:00,2.325749,Latency Anomaly
2024-12-10 18:25:00,2.327255,Latency Anomaly
2024-12-10 18:30:00,2.3155727,Latency Anomaly
2024-12-10 18:35:00,2.3136454,Latency Anomaly
2024-12-10 18:40:00,2.3093143,Latency Anomaly
2024-12-10 18:45:00,2.3066115,Latency Anomaly
2024-12-10 18:50:00,2.3042057,Latency Anomaly
2024-12-10 18:55:00,2.2975268,Latency Anomaly
2024-12-10 19:00:00,2.2827675,Latency Anomaly
2024-12-10 19:05:00,2.2700992,Latency Anomaly
2024-12-10 19:10:00,2.2492328,Latency Anomaly
2024-12-10 19:15:00,2.2288063,Latency Anomaly
2024-12-10 19:20:00,2.2217472,Latency Anomaly
2024-12-10 19:25:00,2.2077632,Latency Anomaly
2024-12-10 19:30:00,2.1946034,Latency Anomaly
2024-12-10 19:35:00,2.1833456,Latency Anomaly
2024-12-10 19:40:00,2.171772,Latency Anomaly
2024-12-10 19:45:00,2.1536398,Latency Anomaly
2024-12-10 19:50:00,2.1514664,Latency Anomaly
2024-12-10 19:55:00,2.138878,Latency Anomaly
2024-12-10 20:00:00,2.1214614,Latency Anomaly
2024-12-10 20:05:00,2.1057851,Latency Anomaly
2024-12-10 20:10:00,2.0925963,Latency Anomaly
2024-12-10 20:15:00,2.075782,Latency Anomaly
2024-12-10 20:20:00,2.0639036,Latency Anomaly
2024-12-10 20:25:00,2.0474946,Latency Anomaly
2024-12-10 20:30:00,2.0318089,Latency Anomaly
2024-12-10 20:35:00,2.016594,Latency Anomaly
2024-12-10 20:40:00,1.997416,Latency Anomaly
2024-12-10 20:45:00,1.9760748,Latency Anomaly
2024-12-10 20:50:00,1.9545461,Latency Anomaly
2024-12-10 20:55:00,1.9354365,Latency Anomaly
2024-12-10 21:00:00,1.9144135,Latency Anomaly
2024-12-10 21:05:00,1.89205,Latency Anomaly
2024-12-10 21:10:00,1.8803835,Latency Anomaly
2024-12-10 21:15:00,1.8557007,Latency Anomaly
2024-12-10 21:20:00,1.8431337,Latency Anomaly
2024-12-10 21:25:00,1.8326533,Latency Anomaly
2024-12-10 21:30:00,1.819924,Latency Anomaly
2024-12-10 21:35:00,1.8138261,Latency Anomaly
2024-12-10 21:40:00,1.7876277,Latency Anomaly
2024-12-10 21:45:00,1.76557,Latency Anomaly
2024-12-10 21:50:00,1.7503386,Latency Anomaly
2024-12-10 21:55:00,1.7329873,Latency Anomaly
2024-12-10 22:00:00,1.7220806,Latency Anomaly
2024-12-10 22:05:00,1.7149221,Latency Anomaly
2024-12-10 22:10:00,1.7078198,Latency Anomaly
2024-12-10 22:15:00,1.694926,Latency Anomaly
2024-12-10 22:20:00,1.6830307,Latency Anomaly
2024-12-10 22:25:00,1.675381,Latency Anomaly
2024-12-10 22:30:00,1.6730398,Latency Anomaly
2024-12-10 22:35:00,1.6629628,Latency Anomaly
2024-12-10 22:40:00,1.6495856,Latency Anomaly
2024-12-10 22:45:00,1.6354587,Latency Anomaly
2024-12-10 22:50:00,1.620198,Latency Anomaly
2024-12-10 22:55:00,1.610462,Latency Anomaly
2024-12-10 23:00:00,1.6171559,Latency Anomaly
2024-12-10 23:05:00,1.628785,Latency Anomaly
2024-12-10 23:10:00,1.6283233,Latency Anomaly
2024-12-10 23:15:00,1.6281608,Latency Anomaly
2024-12-10 23:20:00,1.620801,Latency Anomaly
2024-12-10 23:25:00,1.6074401,Latency Anomaly
2024-12-10 23:30:00,1.6081179,Latency Anomaly
2024-12-10 23:35:00,1.6020024,Latency Anomaly
2024-12-10 23:40:00,1.6056013,Latency Anomaly
2024-12-10 23:45:00,1.5913035,Latency Anomaly
2024-12-10 23:50:00,1.6000552,Latency Anomaly
2024-12-10 23:55:00,1.60166,Latency Anomaly
2024-12-11 00:00:00,1.6091859,Latency Anomaly
2024-12-11 00:05:00,1.6127099,Latency Anomaly
2024-12-11 00:10:00,1.6356826,Latency Anomaly
2024-12-11 00:15:00,1.6374601,Latency Anomaly
2024-12-11 00:20:00,1.631291,Latency Anomaly
2024-12-11 00:25:00,1.6426393,Latency Anomaly
2024-12-11 00:30:00,1.6420026,Latency Anomaly
2024-12-11 00:35:00,1.6365459,Latency Anomaly
2024-12-11 00:40:00,1.6327044,Latency Anomaly
2024-12-11 00:45:00,1.6558852,Latency Anomaly
2024-12-11 00:50:00,1.6521164,Latency Anomaly
2024-12-11 00:55:00,1.6680995,Latency Anomaly
2024-12-11 01:00:00,1.6787223,Latency Anomaly
2024-12-11 01:05:00,1.690923,Latency Anomaly
2024-12-11 01:10:00,1.726491,Latency Anomaly
2024-12-11 01:15:00,1.7404987,Latency Anomaly
2024-12-11 01:20:00,1.7879901,Latency Anomaly
2024-12-11 01:25:00,1.8073217,Latency Anomaly
2024-12-11 01:30:00,1.8204547,Latency Anomaly
2024-12-11 01:35:00,1.8226807,Latency Anomaly
2024-12-11 01:40:00,1.8398871,Latency Anomaly
2024-12-11 01:45:00,1.8619643,Latency Anomaly
2024-12-11 01:50:00,1.857573,Latency Anomaly
2024-12-11 01:55:00,1.9034511,Latency Anomaly
2024-12-11 02:00:00,1.9037242,Latency Anomaly
2024-12-11 02:05:00,1.9233049,Latency Anomaly
2024-12-11 02:10:00,1.9497098,Latency Anomaly
2024-12-11 02:15:00,1.9663959,Latency Anomaly
2024-12-11 02:20:00,1.9864107,Latency Anomaly
2024-12-11 02:25:00,1.9982027,Latency Anomaly
2024-12-11 02:30:00,2.0543404,Latency Anomaly
2024-12-11 02:35:00,2.082948,Latency Anomaly
2024-12-11 02:40:00,2.1064258,Latency Anomaly
2024-12-11 02:45:00,2.1117833,Latency Anomaly
2024-12-11 02:50:00,2.1384094,Latency Anomaly
2024-12-11 02:55:00,2.1768565,Latency Anomaly
2024-12-11 03:00:00,2.2210746,Latency Anomaly
2024-12-11 03:05:00,2.2436752,Latency Anomaly
2024-12-11 03:10:00,2.255823,Latency Anomaly
2024-12-11 03:15:00,2.2993927,Latency Anomaly
2024-12-11 03:20:00,2.3215053,Latency Anomaly
2024-12-11 03:25:00,2.3220956,Latency Anomaly
2024-12-11 03:30:00,2.3276217,Latency Anomaly
2024-12-11 03:35:00,2.3508673,Latency Anomaly
2024-12-11 03:40:00,2.3770154,Latency Anomaly
2024-12-11 03:45:00,2.400348,Latency Anomaly
2024-12-11 03:50:00,2.42541,Latency Anomaly
2024-12-11 03:55:00,2.4435003,Latency Anomaly
2024-12-11 04:00:00,2.4531074,Latency Anomaly
2024-12-11 04:05:00,2.4610336,Latency Anomaly
2024-12-11 04:10:00,2.4665926,Latency Anomaly
2024-12-11 04:15:00,2.4794135,Latency Anomaly
2024-12-11 04:20:00,2.4928362,Latency Anomaly
2024-12-11 04:25:00,2.507012,Latency Anomaly
2024-12-11 04:30:00,2.5093567,Latency Anomaly
2024-12-11 04:35:00,2.5182574,Latency Anomaly
2024-12-11 04:40:00,2.5247653,Latency Anomaly
2024-12-11 04:45:00,2.5621564,Latency Anomaly
2024-12-11 04:50:00,2.566757,Latency Anomaly
2024-12-11 04:55:00,2.5695374,Latency Anomaly
2024-12-11 05:00:00,2.561439,Latency Anomaly
2024-12-11 05:05:00,2.5450504,Latency Anomaly
2024-12-11 05:10:00,2.5370772,Latency Anomaly
2024-12-11 05:15:00,2.5344136,Latency Anomaly
2024-12-11 05:20:00,2.5366554,Latency Anomaly
2024-12-11 05:25:00,2.5518515,Latency Anomaly
2024-12-11 05:30:00,2.545641,Latency Anomaly
2024-12-11 05:35:00,2.5482109,Latency Anomaly
2024-12-11 05:40:00,2.5361679,Latency Anomaly
2024-12-11 05:45:00,2.554523,Latency Anomaly
2024-12-11 05:50:00,2.526674,Latency Anomaly
2024-12-11 05:55:00,2.5248833,Latency Anomaly
2024-12-11 06:00:00,2.5173032,Latency Anomaly
2024-12-11 06:05:00,2.5144,Latency Anomaly
2024-12-11 06:10:00,2.4847755,Latency Anomaly
2024-12-11 06:15:00,2.4776456,Latency Anomaly
2024-12-11 06:20:00,2.4724576,Latency Anomaly
2024-12-11 06:25:00,2.4476795,Latency Anomaly
2024-12-11 06:30:00,2.4411561,Latency Anomaly
2024-12-11 06:35:00,2.4372187,Latency Anomaly
2024-12-11 06:40:00,2.4477572,Latency Anomaly
2024-12-11 06:45:00,2.4195867,Latency Anomaly
2024-12-11 06:50:00,2.4192865,Latency Anomaly
2024-12-11 06:55:00,2.3910003,Latency Anomaly
2024-12-11 07:00:00,2.378695,Latency Anomaly
2024-12-11 07:05:00,2.366153,Latency Anomaly
2024-12-11 07:10:00,2.3224223,Latency Anomaly
2024-12-11 07:15:00,2.3127906,Latency Anomaly
2024-12-11 07:20:00,2.2562099,Latency Anomaly
2024-12-11 07:25:00,2.2353134,Latency Anomaly
2024-12-11 07:30:00,2.2279017,Latency Anomaly
2024-12-11 07:35:00,2.224956,Latency Anomaly
2024-12-11 07:40:00,2.1986694,Latency Anomaly
2024-12-11 07:45:00,2.1789343,Latency Anomaly
2024-12-11 07:50:00,2.1720808,Latency Anomaly
2024-12-11 07:55:00,2.1221879,Latency Anomaly
2024-12-11 08:00:00,2.1225324,Latency Anomaly
2024-12-11 08:05:00,2.101053,Latency Anomaly
2024-12-11 08:10:00,2.079645,Latency Anomaly
2024-12-11 08:15:00,2.0669315,Latency Anomaly
2024-12-11 08:20:00,2.0504124,Latency Anomaly
2024-12-11 08:25:00,2.0487254,Latency Anomaly
2024-12-11 08:30:00,1.9905468,Latency Anomaly
2024-12-11 08:35:00,1.9643965,Latency Anomaly
2024-12-11 08:40:00,1.9355766,Latency Anomaly
2024-12-11 08:45:00,1.9408574,Latency Anomaly
2024-12-11 08:50:00,1.9212618,Latency Anomaly
2024-12-11 08:55:00,1.8886043,Latency Anomaly
2024-12-11 09:00:00,1.8493766,Latency Anomaly
2024-12-11 09:05:00,1.8316693,Latency Anomaly
2024-12-11 09:10:00,1.8232757,Latency Anomaly
2024-12-11 09:15:00,1.7925442,Latency Anomaly
2024-12-11 09:20:00,1.7663319,Latency Anomaly
2024-12-11 09:25:00,1.7642226,Latency Anomaly
2024-12-11 09:30:00,1.7637769,Latency Anomaly
2024-12-11 09:35:00,1.7301497,Latency Anomaly
2024-12-11 09:40:00,1.714552,Latency Anomaly
2024-12-11 09:45:00,1.6906905,Latency Anomaly
2024-12-11 09:50:00,1.6649843,Latency Anomaly
2024-12-11 09:55:00,1.6495557,Latency Anomaly
2024-12-11 10:00:00,1.6422457,Latency Anomaly
2024-12-11 10:05:00,1.6308174,Latency Anomaly
2024-12-11 10:10:00,1.6242537,Latency Anomaly
2024-12-11 10:15:00,1.6171826,Latency Anomaly
2024-12-11 10:20:00,1.6100646,Latency Anomaly
2024-12-11 10:25:00,1.5984206,Latency Anomaly
2024-12-11 10:30:00,1.5926278,Latency Anomaly
2024-12-11 10:35:00,1.5906049,Latency Anomaly
2024-12-11 10:40:00,1.5863862,Latency Anomaly
2024-12-11 10:45:00,1.5591812,Latency Anomaly
2024-12-11 10:50:00,1.551099,Latency Anomaly
2024-12-11 10:55:00,1.5519025,Latency Anomaly
2024-12-11 11:00:00,1.5515,Latency Anomaly
2024-12-11 11:05:00,1.5539433,Latency Anomaly
2024-12-11 11:10:00,1.5580163,Latency Anomaly
2024-12-11 11:15:00,1.561079,Latency Anomaly
2024-12-11 11:20:00,1.5633944,Latency Anomaly
2024-12-11 11:25:00,1.5569772,Latency Anomaly
2024-12-11 11:30:00,1.5586919,Latency Anomaly
2024-12-11 11:35:00,1.564387,Latency Anomaly
2024-12-11 11:40:00,1.5664738,Latency Anomaly
2024-12-11 11:45:00,1.5581692,Latency Anomaly
2024-12-11 11:50:00,1.5706637,Latency Anomaly
2024-12-11 11:55:00,1.5713716,Latency Anomaly
2024-12-11 12:00:00,1.5838152,Latency Anomaly
2024-12-11 12:05:00,1.5863459,Latency Anomaly
2024-12-11 12:10:00,1.6062914,Latency Anomaly
2024-12-11 12:15:00,1.6165365,Latency Anomaly
2024-12-11 12:20:00,1.6330798,Latency Anomaly
2024-12-11 12:25:00,1.6417685,Latency Anomaly
2024-12-11 12:30:00,1.6580188,Latency Anomaly
2024-12-11 12:35:00,1.6697656,Latency Anomaly
2024-12-11 12:40:00,1.6677948,Latency Anomaly
2024-12-11 12:45:00,1.6766212,Latency Anomaly
2024-12-11 12:50:00,1.6847306,Latency Anomaly
2024-12-11 12:55:00,1.7177451,Latency Anomaly
2024-12-11 13:00:00,1.7267864,Latency Anomaly
2024-12-11 13:05:00,1.7430323,Latency Anomaly
2024-12-11 13:10:00,1.7653955,Latency Anomaly
2024-12-11 13:15:00,1.7741768,Latency Anomaly
2024-12-11 13:20:00,1.7888049,Latency Anomaly
2024-12-11 13:25:00,1.8029593,Latency Anomaly
2024-12-11 13:30:00,1.8171005,Latency Anomaly
2024-12-11 13:35:00,1.8297399,Latency Anomaly
2024-12-11 13:40:00,1.8556222,Latency Anomaly
2024-12-11 13:45:00,1.8699658,Latency Anomaly
2024-12-11 13:50:00,1.8873086,Latency Anomaly
2024-12-11 13:55:00,1.9146467,Latency Anomaly
2024-12-11 14:00:00,1.9330993,Latency Anomaly
2024-12-11 14:05:00,1.9508269,Latency Anomaly
2024-12-11 14:10:00,1.96595,Latency Anomaly
2024-12-11 14:15:00,1.9710543,Latency Anomaly
2024-12-11 14:20:00,1.985488,Latency Anomaly
2024-12-11 14:25:00,1.9894785,Latency Anomaly
2024-12-11 14:30:00,2.0088947,Latency Anomaly
2024-12-11 14:35:00,2.0314116,Latency Anomaly
2024-12-11 14:40:00,2.0582535,Latency Anomaly
2024-12-11 14:45:00,2.0679317,Latency Anomaly
2024-12-11 14:50:00,2.0774221,Latency Anomaly
2024-12-11 14:55:00,2.0850096,Latency Anomaly
2024-12-11 15:00:00,2.0958405,Latency Anomaly
2024-12-11 15:05:00,2.115895,Latency Anomaly
2024-12-11 15:10:00,2.1314485,Latency Anomaly
2024-12-11 15:15:00,2.1413903,Latency Anomaly
2024-12-11 15:20:00,2.1521766,Latency Anomaly
2024-12-11 15:25:00,2.169544,Latency Anomaly
2024-12-11 15:30:00,2.1796327,Latency Anomaly
2024-12-11 15:35:00,2.1984024,Latency Anomaly
2024-12-11 15:40:00,2.1991272,Latency Anomaly
2024-12-11 15:45:00,2.2238119,Latency Anomaly
2024-12-11 15:50:00,2.23246,Latency Anomaly
2024-12-11 15:55:00,2.2491539,Latency Anomaly
2024-12-11 16:00:00,2.2527525,Latency Anomaly
2024-12-11 16:05:00,2.2661896,Latency Anomaly
2024-12-11 16:10:00,2.2762656,Latency Anomaly
2024-12-11 16:15:00,2.2842617,Latency Anomaly
2024-12-11 16:20:00,2.291921,Latency Anomaly
2024-12-11 16:25:00,2.2947984,Latency Anomaly
2024-12-11 16:30:00,2.303843,Latency Anomaly
2024-12-11 16:35:00,2.3143609,Latency Anomaly
2024-12-11 16:40:00,2.3215964,Latency Anomaly
2024-12-11 16:45:00,2.323604,Latency Anomaly
2024-12-11 16:50:00,2.3329823,Latency Anomaly
2024-12-11 16:55:00,2.3410473,Latency Anomaly
2024-12-11 17:00:00,2.3445961,Latency Anomaly
2024-12-11 17:05:00,2.3417592,Latency Anomaly
2024-12-11 17:10:00,2.3444386,Latency Anomaly
2024-12-11 17:15:00,2.349488,Latency Anomaly
2024-12-11 17:20:00,2.3515608,Latency Anomaly
2024-12-11 17:25:00,2.354713,Latency Anomaly
2024-12-11 17:30:00,2.3535511,Latency Anomaly
2024-12-11 17:35:00,2.3510554,Latency Anomaly
2024-12-11 17:40:00,2.3499022,Latency Anomaly
2024-12-11 17:45:00,2.3496978,Latency Anomaly
2024-12-11 17:50:00,2.351194,Latency Anomaly
2024-12-11 17:55:00,2.3526201,Latency Anomaly
2024-12-11 18:00:00,2.342882,Latency Anomaly
2024-12-11 18:05:00,2.3402464,Latency Anomaly
2024-12-11 18:10:00,2.3287737,Latency Anomaly
2024-12-11 18:15:00,2.3248749,Latency Anomaly
2024-12-11 18:20:00,2.3067288,Latency Anomaly
2024-12-11 18:25:00,2.3040953,Latency Anomaly
2024-12-11 18:30:00,2.2925458,Latency Anomaly
2024-12-11 18:35:00,2.283558,Latency Anomaly
2024-12-11 18:40:00,2.2767122,Latency Anomaly
2024-12-11 18:45:00,2.2722378,Latency Anomaly
2024-12-11 18:50:00,2.2630982,Latency Anomaly
2024-12-11 18:55:00,2.238382,Latency Anomaly
2024-12-11 19:00:00,2.2344372,Latency Anomaly
2024-12-11 19:05:00,2.2226489,Latency Anomaly
2024-12-11 19:10:00,2.2137468,Latency Anomaly
2024-12-11 19:15:00,2.2075477,Latency Anomaly
2024-12-11 19:20:00,2.2014098,Latency Anomaly
2024-12-11 19:25:00,2.1870778,Latency Anomaly
2024-12-11 19:30:00,2.173507,Latency Anomaly
2024-12-11 19:35:00,2.1615236,Latency Anomaly
2024-12-11 19:40:00,2.1386645,Latency Anomaly
2024-12-11 19:45:00,2.1265028,Latency Anomaly
2024-12-11 19:50:00,2.1095753,Latency Anomaly
2024-12-11 19:55:00,2.082382,Latency Anomaly
2024-12-11 20:00:00,2.0649507,Latency Anomaly
2024-12-11 20:05:00,2.0455475,Latency Anomaly
2024-12-11 20:10:00,2.0310397,Latency Anomaly
2024-12-11 20:15:00,2.0226653,Latency Anomaly
2024-12-11 20:20:00,2.0096157,Latency Anomaly
2024-12-11 20:25:00,1.9933356,Latency Anomaly
2024-12-11 20:30:00,1.9817256,Latency Anomaly
2024-12-11 20:35:00,1.9599005,Latency Anomaly
2024-12-11 20:40:00,1.9451723,Latency Anomaly
2024-12-11 20:45:00,1.9261367,Latency Anomaly
2024-12-11 20:50:00,1.9073584,Latency Anomaly
2024-12-11 20:55:00,1.9070172,Latency Anomaly
2024-12-11 21:00:00,1.8967757,Latency Anomaly
2024-12-11 21:05:00,1.8769954,Latency Anomaly
2024-12-11 21:10:00,1.8603934,Latency Anomaly
2024-12-11 21:15:00,1.8452324,Latency Anomaly
2024-12-11 21:20:00,1.8358536,Latency Anomaly
2024-12-11 21:25:00,1.8260322,Latency Anomaly
2024-12-11 21:30:00,1.8130922,Latency Anomaly
2024-12-11 21:35:00,1.7964629,Latency Anomaly
2024-12-11 21:40:00,1.7860888,Latency Anomaly
2024-12-11 21:45:00,1.7647294,Latency Anomaly
2024-12-11 21:50:00,1.7550159,Latency Anomaly
2024-12-11 21:55:00,1.7475053,Latency Anomaly
2024-12-11 22:00:00,1.7483636,Latency Anomaly
2024-12-11 22:05:00,1.7365716,Latency Anomaly
2024-12-11 22:10:00,1.726551,Latency Anomaly
2024-12-11 22:15:00,1.7156955,Latency Anomaly
2024-12-11 22:20:00,1.7007267,Latency Anomaly
2024-12-11 22:25:00,1.7085689,Latency Anomaly
2024-12-11 22:30:00,1.6972381,Latency Anomaly
2024-12-11 22:35:00,1.6852051,Latency Anomaly
2024-12-11 22:40:00,1.6759328,Latency Anomaly
2024-12-11 22:45:00,1.6733127,Latency Anomaly
2024-12-11 22:50:00,1.6623077,Latency Anomaly
2024-12-11 22:55:00,1.6452733,Latency Anomaly
2024-12-11 23:00:00,1.6402076,Latency Anomaly
2024-12-11 23:05:00,1.635947,Latency Anomaly
2024-12-11 23:10:00,1.6245539,Latency Anomaly
2024-12-11 23:15:00,1.6236851,Latency Anomaly
2024-12-11 23:20:00,1.616436,Latency Anomaly
2024-12-11 23:25:00,1.6103083,Latency Anomaly
2024-12-11 23:30:00,1.6059465,Latency Anomaly
2024-12-11 23:35:00,1.6012989,Latency Anomaly
2024-12-11 23:40:00,1.5963097,Latency Anomaly
2024-12-11 23:45:00,1.5995642,Latency Anomaly
2024-12-11 23:50:00,1.5997533,Latency Anomaly
2024-12-11 23:55:00,1.5927607,Latency Anomaly
2024-12-12 00:00:00,1.6014234,Latency Anomaly
2024-12-12 00:05:00,1.5983573,Latency Anomaly
2024-12-12 00:10:00,1.6005036,Latency Anomaly
2024-12-12 00:15:00,1.5981994,Latency Anomaly
2024-12-12 00:20:00,1.6032382,Latency Anomaly
2024-12-12 00:25:00,1.6081022,Latency Anomaly
2024-12-12 00:30:00,1.6102364,Latency Anomaly
2024-12-12 00:35:00,1.6165788,Latency Anomaly
2024-12-12 00:40:00,1.6198376,Latency Anomaly
2024-12-12 00:45:00,1.6270292,Latency Anomaly
2024-12-12 00:50:00,1.652551,Latency Anomaly
2024-12-12 00:55:00,1.6625153,Latency Anomaly
2024-12-12 01:00:00,1.7012954,Latency Anomaly
2024-12-12 01:05:00,1.7311864,Latency Anomaly
2024-12-12 01:10:00,1.7421784,Latency Anomaly
2024-12-12 01:15:00,1.7478977,Latency Anomaly
2024-12-12 01:20:00,1.7551935,Latency Anomaly
2024-12-12 01:25:00,1.764986,Latency Anomaly
2024-12-12 01:30:00,1.7795594,Latency Anomaly
2024-12-12 01:35:00,1.8063831,Latency Anomaly
2024-12-12 01:40:00,1.8348011,Latency Anomaly
2024-12-12 01:45:00,1.8580304,Latency Anomaly
2024-12-12 01:50:00,1.8644902,Latency Anomaly
2024-12-12 01:55:00,1.8659577,Latency Anomaly
2024-12-12 02:00:00,1.877105,Latency Anomaly
2024-12-12 02:05:00,1.9426956,Latency Anomaly
2024-12-12 02:10:00,1.9570704,Latency Anomaly
2024-12-12 02:15:00,1.9589028,Latency Anomaly
2024-12-12 02:20:00,1.9745601,Latency Anomaly
2024-12-12 02:25:00,1.985803,Latency Anomaly
2024-12-12 02:30:00,2.0085187,Latency Anomaly
2024-12-12 02:35:00,2.0162573,Latency Anomaly
2024-12-12 02:40:00,2.0254505,Latency Anomaly
2024-12-12 02:45:00,2.0510156,Latency Anomaly
2024-12-12 02:50:00,2.0928407,Latency Anomaly
2024-12-12 02:55:00,2.107956,Latency Anomaly
2024-12-12 03:00:00,2.1203592,Latency Anomaly
2024-12-12 03:05:00,2.1337523,Latency Anomaly
2024-12-12 03:10:00,2.1404662,Latency Anomaly
2024-12-12 03:15:00,2.1933088,Latency Anomaly
2024-12-12 03:20:00,2.2139041,Latency Anomaly
2024-12-12 03:25:00,2.26773,Latency Anomaly
2024-12-12 03:30:00,2.297978,Latency Anomaly
2024-12-12 03:35:00,2.3094468,Latency Anomaly
2024-12-12 03:40:00,2.332811,Latency Anomaly
2024-12-12 03:45:00,2.3486989,Latency Anomaly
2024-12-12 03:50:00,2.3576915,Latency Anomaly
2024-12-12 03:55:00,2.3642251,Latency Anomaly
2024-12-12 04:00:00,2.3702993,Latency Anomaly
2024-12-12 04:05:00,2.3837507,Latency Anomaly
2024-12-12 04:10:00,2.3853443,Latency Anomaly
2024-12-12 04:15:00,2.3898714,Latency Anomaly
2024-12-12 04:20:00,2.4101903,Latency Anomaly
2024-12-12 04:25:00,2.3967457,Latency Anomaly
2024-12-12 04:30:00,2.407457,Latency Anomaly
2024-12-12 04:35:00,2.4144492,Latency Anomaly
2024-12-12 04:40:00,2.437437,Latency Anomaly
2024-12-12 04:45:00,2.4372497,Latency Anomaly
2024-12-12 04:50:00,2.4416625,Latency Anomaly
2024-12-12 04:55:00,2.4504473,Latency Anomaly
2024-12-12 05:00:00,2.4509835,Latency Anomaly
2024-12-12 05:05:00,2.456529,Latency Anomaly
2024-12-12 05:10:00,2.4725957,Latency Anomaly
2024-12-12 05:15:00,2.4856272,Latency Anomaly
2024-12-12 05:20:00,2.4843237,Latency Anomaly
2024-12-12 05:25:00,2.4857075,Latency Anomaly
2024-12-12 05:30:00,2.4854162,Latency Anomaly
2024-12-12 05:35:00,2.4844534,Latency Anomaly
2024-12-12 05:40:00,2.487268,Latency Anomaly
2024-12-12 05:45:00,2.4844365,Latency Anomaly
2024-12-12 05:50:00,2.4796832,Latency Anomaly
2024-12-12 05:55:00,2.4782646,Latency Anomaly
2024-12-12 06:00:00,2.472298,Latency Anomaly
2024-12-12 06:05:00,2.4745078,Latency Anomaly
2024-12-12 06:10:00,2.4679587,Latency Anomaly
2024-12-12 06:15:00,2.4647405,Latency Anomaly
2024-12-12 06:20:00,2.4612155,Latency Anomaly
2024-12-12 06:25:00,2.4474428,Latency Anomaly
2024-12-12 06:30:00,2.4377232,Latency Anomaly
2024-12-12 06:35:00,2.425061,Latency Anomaly
2024-12-12 06:40:00,2.4175198,Latency Anomaly
2024-12-12 06:45:00,2.4082398,Latency Anomaly
2024-12-12 06:50:00,2.383818,Latency Anomaly
2024-12-12 06:55:00,2.3733172,Latency Anomaly
2024-12-12 07:00:00,2.3525667,Latency Anomaly
2024-12-12 07:05:00,2.3252356,Latency Anomaly
2024-12-12 07:10:00,2.3140275,Latency Anomaly
2024-12-12 07:15:00,2.311818,Latency Anomaly
2024-12-12 07:20:00,2.3053904,Latency Anomaly
2024-12-12 07:25:00,2.297408,Latency Anomaly
2024-12-12 07:30:00,2.2841773,Latency Anomaly
2024-12-12 07:35:00,2.2483027,Latency Anomaly
2024-12-12 07:40:00,2.2162788,Latency Anomaly
2024-12-12 07:45:00,2.185832,Latency Anomaly
2024-12-12 07:50:00,2.1810663,Latency Anomaly
2024-12-12 07:55:00,2.1814163,Latency Anomaly
2024-12-12 08:00:00,2.1746051,Latency Anomaly
2024-12-12 08:05:00,2.1103687,Latency Anomaly
2024-12-12 08:10:00,2.0918772,Latency Anomaly
2024-12-12 08:15:00,2.085269,Latency Anomaly
2024-12-12 08:20:00,2.0737276,Latency Anomaly
2024-12-12 08:25:00,2.063278,Latency Anomaly
2024-12-12 08:30:00,2.040487,Latency Anomaly
2024-12-12 08:35:00,2.029628,Latency Anomaly
2024-12-12 08:40:00,2.0140955,Latency Anomaly
2024-12-12 08:45:00,1.9863853,Latency Anomaly
2024-12-12 08:50:00,1.951346,Latency Anomaly
2024-12-12 08:55:00,1.9276347,Latency Anomaly
2024-12-12 09:00:00,1.9232583,Latency Anomaly
2024-12-12 09:05:00,1.9121861,Latency Anomaly
2024-12-12 09:10:00,1.9031298,Latency Anomaly
2024-12-12 09:15:00,1.8523315,Latency Anomaly
2024-12-12 09:20:00,1.8288708,Latency Anomaly
2024-12-12 09:25:00,1.7740083,Latency Anomaly
2024-12-12 09:30:00,1.7427585,Latency Anomaly
2024-12-12 09:35:00,1.7300551,Latency Anomaly
2024-12-12 09:40:00,1.7116998,Latency Anomaly
2024-12-12 09:45:00,1.7056959,Latency Anomaly
2024-12-12 09:50:00,1.6963518,Latency Anomaly
2024-12-12 09:55:00,1.6776432,Latency Anomaly
2024-12-12 10:00:00,1.6641,Latency Anomaly
2024-12-12 10:05:00,1.6550618,Latency Anomaly
2024-12-12 10:10:00,1.6573519,Latency Anomaly
2024-12-12 10:15:00,1.6545831,Latency Anomaly
2024-12-12 10:20:00,1.6395322,Latency Anomaly
2024-12-12 10:25:00,1.639343,Latency Anomaly
2024-12-12 10:30:00,1.6254268,Latency Anomaly
2024-12-12 10:35:00,1.6257844,Latency Anomaly
2024-12-12 10:40:00,1.6021842,Latency Anomaly
2024-12-12 10:45:00,1.5968193,Latency Anomaly
2024-12-12 10:50:00,1.5964944,Latency Anomaly
2024-12-12 10:55:00,1.6005055,Latency Anomaly
2024-12-12 11:00:00,1.6063408,Latency Anomaly
2024-12-12 11:05:00,1.605279,Latency Anomaly
2024-12-12 11:10:00,1.594524,Latency Anomaly
2024-12-12 11:15:00,1.5776561,Latency Anomaly
2024-12-12 11:20:00,1.5881573,Latency Anomaly
2024-12-12 11:25:00,1.5884694,Latency Anomaly
2024-12-12 11:30:00,1.5923833,Latency Anomaly
2024-12-12 11:35:00,1.5984924,Latency Anomaly
2024-12-12 11:40:00,1.6110929,Latency Anomaly
2024-12-12 11:45:00,1.6268389,Latency Anomaly
2024-12-12 11:50:00,1.6224694,Latency Anomaly
2024-12-12 11:55:00,1.6323022,Latency Anomaly
2024-12-12 12:00:00,1.6425,Latency Anomaly
2024-12-12 12:05:00,1.6560156,Latency Anomaly
2024-12-12 12:10:00,1.666207,Latency Anomaly
2024-12-12 12:15:00,1.6744682,Latency Anomaly
2024-12-12 12:20:00,1.681189,Latency Anomaly
2024-12-12 12:25:00,1.6980841,Latency Anomaly
2024-12-12 12:30:00,1.7137045,Latency Anomaly
2024-12-12 12:35:00,1.7311853,Latency Anomaly
2024-12-12 12:40:00,1.76504,Latency Anomaly
2024-12-12 12:45:00,1.7733437,Latency Anomaly
2024-12-12 12:50:00,1.7876872,Latency Anomaly
2024-12-12 12:55:00,1.7934493,Latency Anomaly
2024-12-12 13:00:00,1.7878587,Latency Anomaly
2024-12-12 13:05:00,1.7960428,Latency Anomaly
2024-12-12 13:10:00,1.8039993,Latency Anomaly
2024-12-12 13:15:00,1.81738,Latency Anomaly
2024-12-12 13:20:00,1.8328332,Latency Anomaly
2024-12-12 13:25:00,1.8479539,Latency Anomaly
2024-12-12 13:30:00,1.8568898,Latency Anomaly
2024-12-12 13:35:00,1.8741623,Latency Anomaly
2024-12-12 13:40:00,1.8959085,Latency Anomaly
2024-12-12 13:45:00,1.9117649,Latency Anomaly
2024-12-12 13:50:00,1.9344504,Latency Anomaly
2024-12-12 13:55:00,1.9493041,Latency Anomaly
2024-12-12 14:00:00,1.9631695,Latency Anomaly
2024-12-12 14:05:00,1.9796908,Latency Anomaly
2024-12-12 14:10:00,1.9971607,Latency Anomaly
2024-12-12 14:15:00,2.009968,Latency Anomaly
2024-12-12 14:20:00,2.023083,Latency Anomaly
2024-12-12 14:25:00,2.037638,Latency Anomaly
2024-12-12 14:30:00,2.0532398,Latency Anomaly
2024-12-12 14:35:00,2.0709865,Latency Anomaly
2024-12-12 14:40:00,2.0931284,Latency Anomaly
2024-12-12 14:45:00,2.115725,Latency Anomaly
2024-12-12 14:50:00,2.1338868,Latency Anomaly
2024-12-12 14:55:00,2.1549978,Latency Anomaly
2024-12-12 15:00:00,2.1592126,Latency Anomaly
2024-12-12 15:05:00,2.1735833,Latency Anomaly
2024-12-12 15:10:00,2.191661,Latency Anomaly
2024-12-12 15:15:00,2.1999335,Latency Anomaly
2024-12-12 15:20:00,2.2159967,Latency Anomaly
2024-12-12 15:25:00,2.2237153,Latency Anomaly
2024-12-12 15:30:00,2.231566,Latency Anomaly
2024-12-12 15:35:00,2.2459166,Latency Anomaly
2024-12-12 15:40:00,2.2621522,Latency Anomaly
2024-12-12 15:45:00,2.275208,Latency Anomaly
2024-12-12 15:50:00,2.2896595,Latency Anomaly
2024-12-12 15:55:00,2.3067484,Latency Anomaly
2024-12-12 16:00:00,2.3205793,Latency Anomaly
2024-12-12 16:05:00,2.3238468,Latency Anomaly
2024-12-12 16:10:00,2.3378057,Latency Anomaly
2024-12-12 16:15:00,2.3410964,Latency Anomaly
2024-12-12 16:20:00,2.3553917,Latency Anomaly
2024-12-12 16:25:00,2.3641703,Latency Anomaly
2024-12-12 16:30:00,2.3864112,Latency Anomaly
2024-12-12 16:35:00,2.3935652,Latency Anomaly
2024-12-12 16:40:00,2.401819,Latency Anomaly
2024-12-12 16:45:00,2.412865,Latency Anomaly
2024-12-12 16:50:00,2.4248219,Latency Anomaly
2024-12-12 16:55:00,2.4301775,Latency Anomaly
2024-12-12 17:00:00,2.4380822,Latency Anomaly
2024-12-12 17:05:00,2.4407864,Latency Anomaly
2024-12-12 17:10:00,2.4491537,Latency Anomaly
2024-12-12 17:15:00,2.4534662,Latency Anomaly
2024-12-12 17:20:00,2.4562273,Latency Anomaly
2024-12-12 17:25:00,2.4546208,Latency Anomaly
2024-12-12 17:30:00,2.4570324,Latency Anomaly
2024-12-12 17:35:00,2.4650066,Latency Anomaly
2024-12-12 17:40:00,2.4604347,Latency Anomaly
2024-12-12 17:45:00,2.4501624,Latency Anomaly
2024-12-12 17:50:00,2.459873,Latency Anomaly
2024-12-12 17:55:00,2.4553761,Latency Anomaly
2024-12-12 18:00:00,2.4446037,Latency Anomaly
2024-12-12 18:05:00,2.4368558,Latency Anomaly
2024-12-12 18:10:00,2.4313018,Latency Anomaly
2024-12-12 18:15:00,2.4253087,Latency Anomaly
2024-12-12 18:20:00,2.4293323,Latency Anomaly
2024-12-12 18:25:00,2.425563,Latency Anomaly
2024-12-12 18:30:00,2.415102,Latency Anomaly
2024-12-12 18:35:00,2.406007,Latency Anomaly
2024-12-12 18:40:00,2.3788497,Latency Anomaly
2024-12-12 18:45:00,2.3699672,Latency Anomaly
2024-12-12 18:50:00,2.3615744,Latency Anomaly
2024-12-12 18:55:00,2.362129,Latency Anomaly
2024-12-12 19:00:00,2.3491728,Latency Anomaly
2024-12-12 19:05:00,2.3364713,Latency Anomaly
2024-12-12 19:10:00,2.3272018,Latency Anomaly
2024-12-12 19:15:00,2.3066285,Latency Anomaly
2024-12-12 19:20:00,2.2913146,Latency Anomaly
2024-12-12 19:25:00,2.2804332,Latency Anomaly
2024-12-12 19:30:00,2.2945929,Latency Anomaly
2024-12-12 19:35:00,2.279087,Latency Anomaly
2024-12-12 19:40:00,2.2670171,Latency Anomaly
2024-12-12 19:45:00,2.2550843,Latency Anomaly
2024-12-12 19:50:00,2.2338445,Latency Anomaly
2024-12-12 19:55:00,2.213082,Latency Anomaly
2024-12-12 20:00:00,2.2011213,Latency Anomaly
2024-12-12 20:05:00,2.18421,Latency Anomaly
2024-12-12 20:10:00,2.1664588,Latency Anomaly
2024-12-12 20:15:00,2.1547348,Latency Anomaly
2024-12-12 20:20:00,2.1387067,Latency Anomaly
2024-12-12 20:25:00,2.122727,Latency Anomaly
2024-12-12 20:30:00,2.1034138,Latency Anomaly
2024-12-12 20:35:00,2.0812378,Latency Anomaly
2024-12-12 20:40:00,2.0568805,Latency Anomaly
2024-12-12 20:45:00,2.0384579,Latency Anomaly
2024-12-12 20:50:00,2.0155134,Latency Anomaly
2024-12-12 20:55:00,1.9926207,Latency Anomaly
2024-12-12 21:00:00,1.9742956,Latency Anomaly
2024-12-12 21:05:00,1.9596674,Latency Anomaly
2024-12-12 21:10:00,1.950752,Latency Anomaly
2024-12-12 21:15:00,1.9350649,Latency Anomaly
2024-12-12 21:20:00,1.921596,Latency Anomaly
2024-12-12 21:25:00,1.909397,Latency Anomaly
2024-12-12 21:30:00,1.9073038,Latency Anomaly
2024-12-12 21:35:00,1.8919666,Latency Anomaly
2024-12-12 21:40:00,1.8830613,Latency Anomaly
2024-12-12 21:45:00,1.8624464,Latency Anomaly
2024-12-12 21:50:00,1.8492138,Latency Anomaly
2024-12-12 21:55:00,1.832272,Latency Anomaly
2024-12-12 22:00:00,1.8131433,Latency Anomaly
2024-12-12 22:05:00,1.8063654,Latency Anomaly
2024-12-12 22:10:00,1.7835006,Latency Anomaly
2024-12-12 22:15:00,1.7757156,Latency Anomaly
2024-12-12 22:20:00,1.7610233,Latency Anomaly
2024-12-12 22:25:00,1.7517146,Latency Anomaly
2024-12-12 22:30:00,1.7329147,Latency Anomaly
2024-12-12 22:35:00,1.7148143,Latency Anomaly
2024-12-12 22:40:00,1.7063137,Latency Anomaly
2024-12-12 22:45:00,1.6930313,Latency Anomaly
2024-12-12 22:50:00,1.6743861,Latency Anomaly
2024-12-12 22:55:00,1.6647092,Latency Anomaly
2024-12-12 23:00:00,1.6547546,Latency Anomaly
2024-12-12 23:05:00,1.6559379,Latency Anomaly
2024-12-12 23:10:00,1.6479362,Latency Anomaly
2024-12-12 23:15:00,1.6482086,Latency Anomaly
2024-12-12 23:20:00,1.6530353,Latency Anomaly
2024-12-12 23:25:00,1.6515214,Latency Anomaly
2024-12-12 23:30:00,1.643909,Latency Anomaly
2024-12-12 23:35:00,1.6358202,Latency Anomaly
2024-12-12 23:40:00,1.6265348,Latency Anomaly
2024-12-12 23:45:00,1.6234739,Latency Anomaly
2024-12-12 23:50:00,1.6050072,Latency Anomaly
2024-12-12 23:55:00,1.6041657,Latency Anomaly
2024-12-13 00:00:00,1.6141018,Latency Anomaly
2024-12-13 00:05:00,1.615982,Latency Anomaly
2024-12-13 00:10:00,1.6237092,Latency Anomaly
2024-12-13 00:15:00,1.6382169,Latency Anomaly
2024-12-13 00:20:00,1.6350476,Latency Anomaly
2024-12-13 00:25:00,1.6342729,Latency Anomaly
2024-12-13 00:30:00,1.6379617,Latency Anomaly
2024-12-13 00:35:00,1.6708986,Latency Anomaly
2024-12-13 00:40:00,1.6752554,Latency Anomaly
2024-12-13 00:45:00,1.6845623,Latency Anomaly
2024-12-13 00:50:00,1.6958567,Latency Anomaly
2024-12-13 00:55:00,1.6874492,Latency Anomaly
2024-12-13 01:00:00,1.702795,Latency Anomaly
2024-12-13 01:05:00,1.7481333,Latency Anomaly
2024-12-13 01:10:00,1.7587155,Latency Anomaly
2024-12-13 01:15:00,1.7902958,Latency Anomaly
2024-12-13 01:20:00,1.796566,Latency Anomaly
2024-12-13 01:25:00,1.8013992,Latency Anomaly
2024-12-13 01:30:00,1.8220633,Latency Anomaly
2024-12-13 01:35:00,1.8508366,Latency Anomaly
2024-12-13 01:40:00,1.8701204,Latency Anomaly
2024-12-13 01:45:00,1.8808295,Latency Anomaly
2024-12-13 01:50:00,1.8853822,Latency Anomaly
2024-12-13 01:55:00,1.9068081,Latency Anomaly
2024-12-13 02:00:00,1.9144771,Latency Anomaly
2024-12-13 02:05:00,1.9281332,Latency Anomaly
2024-12-13 02:10:00,1.9353073,Latency Anomaly
2024-12-13 02:15:00,1.9659661,Latency Anomaly
2024-12-13 02:20:00,2.0491722,Latency Anomaly
2024-12-13 02:25:00,2.0835526,Latency Anomaly
2024-12-13 02:30:00,2.1001267,Latency Anomaly
2024-12-13 02:35:00,2.1377308,Latency Anomaly
2024-12-13 02:40:00,2.1435087,Latency Anomaly
2024-12-13 02:45:00,2.1730678,Latency Anomaly
2024-12-13 02:50:00,2.2007565,Latency Anomaly
2024-12-13 02:55:00,2.240199,Latency Anomaly
2024-12-13 03:00:00,2.2511215,Latency Anomaly
2024-12-13 03:05:00,2.286894,Latency Anomaly
2024-12-13 03:10:00,2.3054566,Latency Anomaly
2024-12-13 03:15:00,2.322691,Latency Anomaly
2024-12-13 03:20:00,2.3417537,Latency Anomaly
2024-12-13 03:25:00,2.3767695,Latency Anomaly
2024-12-13 03:30:00,2.3717427,Latency Anomaly
2024-12-13 03:35:00,2.3797808,Latency Anomaly
2024-12-13 03:40:00,2.4003766,Latency Anomaly
2024-12-13 03:45:00,2.4416065,Latency Anomaly
2024-12-13 03:50:00,2.4567695,Latency Anomaly
2024-12-13 03:55:00,2.47483,Latency Anomaly
2024-12-13 04:00:00,2.4912012,Latency Anomaly
2024-12-13 04:05:00,2.4939609,Latency Anomaly
2024-12-13 04:10:00,2.51491,Latency Anomaly
2024-12-13 04:15:00,2.5158,Latency Anomaly
2024-12-13 04:20:00,2.5178392,Latency Anomaly
2024-12-13 04:25:00,2.5195625,Latency Anomaly
2024-12-13 04:30:00,2.5226128,Latency Anomaly
2024-12-13 04:35:00,2.5412142,Latency Anomaly
2024-12-13 04:40:00,2.5405982,Latency Anomaly
2024-12-13 04:45:00,2.5529401,Latency Anomaly
2024-12-13 04:50:00,2.565491,Latency Anomaly
2024-12-13 04:55:00,2.56411,Latency Anomaly
2024-12-13 05:00:00,2.5597243,Latency Anomaly
2024-12-13 05:05:00,2.5539882,Latency Anomaly
2024-12-13 05:10:00,2.5599353,Latency Anomaly
2024-12-13 05:15:00,2.5626273,Latency Anomaly
2024-12-13 05:20:00,2.5454118,Latency Anomaly
2024-12-13 05:25:00,2.539858,Latency Anomaly
2024-12-13 05:30:00,2.547567,Latency Anomaly
2024-12-13 05:35:00,2.542479,Latency Anomaly
2024-12-13 05:40:00,2.5464678,Latency Anomaly
2024-12-13 05:45:00,2.544813,Latency Anomaly
2024-12-13 05:50:00,2.5615745,Latency Anomaly
2024-12-13 05:55:00,2.5537724,Latency Anomaly
2024-12-13 06:00:00,2.5387313,Latency Anomaly
2024-12-13 06:05:00,2.530138,Latency Anomaly
2024-12-13 06:10:00,2.5187182,Latency Anomaly
2024-12-13 06:15:00,2.503705,Latency Anomaly
2024-12-13 06:20:00,2.4985316,Latency Anomaly
2024-12-13 06:25:00,2.5006847,Latency Anomaly
2024-12-13 06:30:00,2.4923918,Latency Anomaly
2024-12-13 06:35:00,2.4478753,Latency Anomaly
2024-12-13 06:40:00,2.4404862,Latency Anomaly
2024-12-13 06:45:00,2.4348414,Latency Anomaly
2024-12-13 06:50:00,2.4203637,Latency Anomaly
2024-12-13 06:55:00,2.4143953,Latency Anomaly
2024-12-13 07:00:00,2.401645,Latency Anomaly
2024-12-13 07:05:00,2.3485613,Latency Anomaly
2024-12-13 07:10:00,2.3244505,Latency Anomaly
2024-12-13 07:15:00,2.2864873,Latency Anomaly
2024-12-13 07:20:00,2.275748,Latency Anomaly
2024-12-13 07:25:00,2.2668312,Latency Anomaly
2024-12-13 07:30:00,2.2161622,Latency Anomaly
2024-12-13 07:35:00,2.1896617,Latency Anomaly
2024-12-13 07:40:00,2.1679232,Latency Anomaly
2024-12-13 07:45:00,2.1563601,Latency Anomaly
2024-12-13 07:50:00,2.1490457,Latency Anomaly
2024-12-13 07:55:00,2.126176,Latency Anomaly
2024-12-13 08:00:00,2.1116498,Latency Anomaly
2024-12-13 08:05:00,2.0911908,Latency Anomaly
2024-12-13 08:10:00,2.0796404,Latency Anomaly
2024-12-13 08:15:00,2.0494761,Latency Anomaly
2024-12-13 08:20:00,1.9659394,Latency Anomaly
2024-12-13 08:25:00,1.9313866,Latency Anomaly
2024-12-13 08:30:00,1.9191071,Latency Anomaly
2024-12-13 08:35:00,1.8801506,Latency Anomaly
2024-12-13 08:40:00,1.8765134,Latency Anomaly
2024-12-13 08:45:00,1.8509024,Latency Anomaly
2024-12-13 08:50:00,1.8272759,Latency Anomaly
2024-12-13 08:55:00,1.7923931,Latency Anomaly
2024-12-13 09:00:00,1.7810756,Latency Anomaly
2024-12-13 09:05:00,1.7518325,Latency Anomaly
2024-12-13 09:10:00,1.7332774,Latency Anomaly
2024-12-13 09:15:00,1.7195143,Latency Anomaly
2024-12-13 09:20:00,1.7058568,Latency Anomaly
2024-12-13 09:25:00,1.6868882,Latency Anomaly
2024-12-13 09:30:00,1.6889575,Latency Anomaly
2024-12-13 09:35:00,1.6860715,Latency Anomaly
2024-12-13 09:40:00,1.6618854,Latency Anomaly
2024-12-13 09:45:00,1.6161112,Latency Anomaly
2024-12-13 09:50:00,1.6042023,Latency Anomaly
2024-12-13 09:55:00,1.5879037,Latency Anomaly
2024-12-13 10:00:00,1.5931773,Latency Anomaly
2024-12-13 10:05:00,1.5881939,Latency Anomaly
2024-12-13 10:10:00,1.5762155,Latency Anomaly
2024-12-13 10:15:00,1.5778273,Latency Anomaly
2024-12-13 10:20:00,1.5835878,Latency Anomaly
2024-12-13 10:25:00,1.5850433,Latency Anomaly
2024-12-13 10:30:00,1.5846381,Latency Anomaly
2024-12-13 10:35:00,1.5728524,Latency Anomaly
2024-12-13 10:40:00,1.5832312,Latency Anomaly
2024-12-13 10:45:00,1.5819181,Latency Anomaly
2024-12-13 10:50:00,1.576888,Latency Anomaly
2024-12-13 10:55:00,1.5748459,Latency Anomaly
2024-12-13 11:00:00,1.5849873,Latency Anomaly
2024-12-13 11:05:00,1.586798,Latency Anomaly
2024-12-13 11:10:00,1.5960445,Latency Anomaly
2024-12-13 11:15:00,1.592727,Latency Anomaly
2024-12-13 11:20:00,1.5973455,Latency Anomaly
2024-12-13 11:25:00,1.6088759,Latency Anomaly
2024-12-13 11:30:00,1.6107228,Latency Anomaly
2024-12-13 11:35:00,1.6151199,Latency Anomaly
2024-12-13 11:40:00,1.6155499,Latency Anomaly
2024-12-13 11:45:00,1.6152399,Latency Anomaly
2024-12-13 11:50:00,1.612149,Latency Anomaly
2024-12-13 11:55:00,1.6309959,Latency Anomaly
2024-12-13 12:00:00,1.6446062,Latency Anomaly
2024-12-13 12:05:00,1.6574041,Latency Anomaly
2024-12-13 12:10:00,1.6696255,Latency Anomaly
2024-12-13 12:15:00,1.67449,Latency Anomaly
2024-12-13 12:20:00,1.6849585,Latency Anomaly
2024-12-13 12:25:00,1.6850203,Latency Anomaly
2024-12-13 12:30:00,1.6991614,Latency Anomaly
2024-12-13 12:35:00,1.7120771,Latency Anomaly
2024-12-13 12:40:00,1.7200488,Latency Anomaly
2024-12-13 12:45:00,1.7269603,Latency Anomaly
2024-12-13 12:50:00,1.7325125,Latency Anomaly
2024-12-13 12:55:00,1.7497951,Latency Anomaly
2024-12-13 13:00:00,1.7608634,Latency Anomaly
2024-12-13 13:05:00,1.7773908,Latency Anomaly
2024-12-13 13:10:00,1.7962667,Latency Anomaly
2024-12-13 13:15:00,1.8123695,Latency Anomaly
2024-12-13 13:20:00,1.8305539,Latency Anomaly
2024-12-13 13:25:00,1.8464239,Latency Anomaly
2024-12-13 13:30:00,1.8612763,Latency Anomaly
2024-12-13 13:35:00,1.8702822,Latency Anomaly
2024-12-13 13:40:00,1.8906859,Latency Anomaly
2024-12-13 13:45:00,1.9040715,Latency Anomaly
2024-12-13 13:50:00,1.9203473,Latency Anomaly
2024-12-13 13:55:00,1.9360389,Latency Anomaly
2024-12-13 14:00:00,1.957169,Latency Anomaly
2024-12-13 14:05:00,1.9747592,Latency Anomaly
2024-12-13 14:10:00,1.9946734,Latency Anomaly
2024-12-13 14:15:00,2.0096066,Latency Anomaly
2024-12-13 14:20:00,2.0249968,Latency Anomaly
2024-12-13 14:25:00,2.0408776,Latency Anomaly
2024-12-13 14:30:00,2.058703,Latency Anomaly
2024-12-13 14:35:00,2.0741897,Latency Anomaly
2024-12-13 14:40:00,2.0874534,Latency Anomaly
2024-12-13 14:45:00,2.0999534,Latency Anomaly
2024-12-13 14:50:00,2.1181412,Latency Anomaly
2024-12-13 14:55:00,2.1328535,Latency Anomaly
2024-12-13 15:00:00,2.1508143,Latency Anomaly
2024-12-13 15:05:00,2.1536639,Latency Anomaly
2024-12-13 15:10:00,2.1643357,Latency Anomaly
2024-12-13 15:15:00,2.1803012,Latency Anomaly
2024-12-13 15:20:00,2.1834352,Latency Anomaly
2024-12-13 15:25:00,2.1806548,Latency Anomaly
2024-12-13 15:30:00,2.1895444,Latency Anomaly
2024-12-13 15:35:00,2.205488,Latency Anomaly
2024-12-13 15:40:00,2.2172143,Latency Anomaly
2024-12-13 15:45:00,2.2339253,Latency Anomaly
2024-12-13 15:50:00,2.2419415,Latency Anomaly
2024-12-13 15:55:00,2.2585106,Latency Anomaly
2024-12-13 16:00:00,2.2579436,Latency Anomaly
2024-12-13 16:05:00,2.2659042,Latency Anomaly
2024-12-13 16:10:00,2.2816207,Latency Anomaly
2024-12-13 16:15:00,2.2881272,Latency Anomaly
2024-12-13 16:20:00,2.2884831,Latency Anomaly
2024-12-13 16:25:00,2.3068364,Latency Anomaly
2024-12-13 16:30:00,2.3124783,Latency Anomaly
2024-12-13 16:35:00,2.3167467,Latency Anomaly
2024-12-13 16:40:00,2.3124719,Latency Anomaly
2024-12-13 16:45:00,2.322889,Latency Anomaly
2024-12-13 16:50:00,2.3336985,Latency Anomaly
2024-12-13 16:55:00,2.34382,Latency Anomaly
2024-12-13 17:00:00,2.3432622,Latency Anomaly
2024-12-13 17:05:00,2.348614,Latency Anomaly
2024-12-13 17:10:00,2.3464122,Latency Anomaly
2024-12-13 17:15:00,2.3481195,Latency Anomaly
2024-12-13 17:20:00,2.3463023,Latency Anomaly
2024-12-13 17:25:00,2.3474953,Latency Anomaly
2024-12-13 17:30:00,2.3461003,Latency Anomaly
2024-12-13 17:35:00,2.3456633,Latency Anomaly
2024-12-13 17:40:00,2.3489208,Latency Anomaly
2024-12-13 17:45:00,2.356605,Latency Anomaly
2024-12-13 17:50:00,2.359791,Latency Anomaly
2024-12-13 17:55:00,2.3527815,Latency Anomaly
2024-12-13 18:00:00,2.3504932,Latency Anomaly
2024-12-13 18:05:00,2.3424792,Latency Anomaly
2024-12-13 18:10:00,2.3330445,Latency Anomaly
2024-12-13 18:15:00,2.3273704,Latency Anomaly
2024-12-13 18:20:00,2.315446,Latency Anomaly
2024-12-13 18:25:00,2.3118355,Latency Anomaly
2024-12-13 18:30:00,2.3037329,Latency Anomaly
2024-12-13 18:35:00,2.299882,Latency Anomaly
2024-12-13 18:40:00,2.2977636,Latency Anomaly
2024-12-13 18:45:00,2.290261,Latency Anomaly
2024-12-13 18:50:00,2.2922354,Latency Anomaly
2024-12-13 18:55:00,2.2916856,Latency Anomaly
2024-12-13 19:00:00,2.276113,Latency Anomaly
2024-12-13 19:05:00,2.2665908,Latency Anomaly
2024-12-13 19:10:00,2.2560363,Latency Anomaly
2024-12-13 19:15:00,2.2495823,Latency Anomaly
2024-12-13 19:20:00,2.2383773,Latency Anomaly
2024-12-13 19:25:00,2.2319155,Latency Anomaly
2024-12-13 19:30:00,2.221255,Latency Anomaly
2024-12-13 19:35:00,2.218793,Latency Anomaly
2024-12-13 19:40:00,2.2024434,Latency Anomaly
2024-12-13 19:45:00,2.1896555,Latency Anomaly
2024-12-13 19:50:00,2.1767278,Latency Anomaly
2024-12-13 19:55:00,2.1717508,Latency Anomaly
2024-12-13 20:00:00,2.1501322,Latency Anomaly
2024-12-13 20:05:00,2.131513,Latency Anomaly
2024-12-13 20:10:00,2.1178942,Latency Anomaly
2024-12-13 20:15:00,2.0960176,Latency Anomaly
2024-12-13 20:20:00,2.089756,Latency Anomaly
2024-12-13 20:25:00,2.075245,Latency Anomaly
2024-12-13 20:30:00,2.0522654,Latency Anomaly
2024-12-13 20:35:00,2.0434484,Latency Anomaly
2024-12-13 20:40:00,2.0267525,Latency Anomaly
2024-12-13 20:45:00,2.0070598,Latency Anomaly
2024-12-13 20:50:00,1.9861742,Latency Anomaly
2024-12-13 20:55:00,1.963665,Latency Anomaly
2024-12-13 21:00:00,1.9468758,Latency Anomaly
2024-12-13 21:05:00,1.9326701,Latency Anomaly
2024-12-13 21:10:00,1.9138844,Latency Anomaly
2024-12-13 21:15:00,1.8979574,Latency Anomaly
2024-12-13 21:20:00,1.887749,Latency Anomaly
2024-12-13 21:25:00,1.8752797,Latency Anomaly
2024-12-13 21:30:00,1.8550212,Latency Anomaly
2024-12-13 21:35:00,1.8376664,Latency Anomaly
2024-12-13 21:40:00,1.8147299,Latency Anomaly
2024-12-13 21:45:00,1.81562,Latency Anomaly
2024-12-13 21:50:00,1.8050001,Latency Anomaly
2024-12-13 21:55:00,1.7820554,Latency Anomaly
2024-12-13 22:00:00,1.7666131,Latency Anomaly
2024-12-13 22:05:00,1.7568021,Latency Anomaly
2024-12-13 22:10:00,1.7363042,Latency Anomaly
2024-12-13 22:15:00,1.7197142,Latency Anomaly
2024-12-13 22:20:00,1.7077326,Latency Anomaly
2024-12-13 22:25:00,1.6813681,Latency Anomaly
2024-12-13 22:30:00,1.6730436,Latency Anomaly
2024-12-13 22:35:00,1.6641669,Latency Anomaly
2024-12-13 22:40:00,1.6531277,Latency Anomaly
2024-12-13 22:45:00,1.6538938,Latency Anomaly
2024-12-13 22:50:00,1.6508608,Latency Anomaly
2024-12-13 22:55:00,1.641006,Latency Anomaly
2024-12-13 23:00:00,1.6386228,Latency Anomaly
2024-12-13 23:05:00,1.6302145,Latency Anomaly
2024-12-13 23:10:00,1.6498985,Latency Anomaly
2024-12-13 23:15:00,1.636149,Latency Anomaly
2024-12-13 23:20:00,1.6483024,Latency Anomaly
2024-12-13 23:25:00,1.6477096,Latency Anomaly
2024-12-13 23:30:00,1.6525275,Latency Anomaly
2024-12-13 23:35:00,1.6508224,Latency Anomaly
2024-12-13 23:40:00,1.6606202,Latency Anomaly
2024-12-13 23:45:00,1.6584716,Latency Anomaly
2024-12-13 23:50:00,1.6530082,Latency Anomaly
2024-12-13 23:55:00,1.6607044,Latency Anomaly
2024-12-14 00:00:00,1.6565311,Latency Anomaly
2024-12-14 00:05:00,1.6610861,Latency Anomaly
2024-12-14 00:10:00,1.6665502,Latency Anomaly
2024-12-14 00:15:00,1.6684911,Latency Anomaly
2024-12-14 00:20:00,1.6952163,Latency Anomaly
2024-12-14 00:25:00,1.6975073,Latency Anomaly
2024-12-14 00:30:00,1.6977732,Latency Anomaly
2024-12-14 00:35:00,1.7107157,Latency Anomaly
2024-12-14 00:40:00,1.7407311,Latency Anomaly
2024-12-14 00:45:00,1.7389736,Latency Anomaly
2024-12-14 00:50:00,1.748974,Latency Anomaly
2024-12-14 00:55:00,1.7636722,Latency Anomaly
2024-12-14 01:00:00,1.8014402,Latency Anomaly
2024-12-14 01:05:00,1.8252009,Latency Anomaly
2024-12-14 01:10:00,1.854527,Latency Anomaly
2024-12-14 01:15:00,1.8862553,Latency Anomaly
2024-12-14 01:20:00,1.9196472,Latency Anomaly
2024-12-14 01:25:00,1.9333143,Latency Anomaly
2024-12-14 01:30:00,1.9627496,Latency Anomaly
2024-12-14 01:35:00,1.9902924,Latency Anomaly
2024-12-14 01:40:00,2.000052,Latency Anomaly
2024-12-14 01:45:00,2.0115411,Latency Anomaly
2024-12-14 01:50:00,2.0565906,Latency Anomaly
2024-12-14 01:55:00,2.0590613,Latency Anomaly
2024-12-14 02:00:00,2.0832396,Latency Anomaly
2024-12-14 02:05:00,2.1328602,Latency Anomaly
2024-12-14 02:10:00,2.1677325,Latency Anomaly
2024-12-14 02:15:00,2.1821249,Latency Anomaly
2024-12-14 02:20:00,2.1884515,Latency Anomaly
2024-12-14 02:25:00,2.2173598,Latency Anomaly
2024-12-14 02:30:00,2.2339046,Latency Anomaly
2024-12-14 02:35:00,2.2630482,Latency Anomaly
2024-12-14 02:40:00,2.3677611,Latency Anomaly
2024-12-14 02:45:00,2.4046748,Latency Anomaly
2024-12-14 02:50:00,2.4369826,Latency Anomaly
2024-12-14 02:55:00,2.469999,Latency Anomaly
2024-12-14 03:00:00,2.5003388,Latency Anomaly
2024-12-14 03:05:00,2.5295618,Latency Anomaly
2024-12-14 03:10:00,2.5463843,Latency Anomaly
2024-12-14 03:15:00,2.5555055,Latency Anomaly
2024-12-14 03:20:00,2.576974,Latency Anomaly
2024-12-14 03:25:00,2.6101692,Latency Anomaly
2024-12-14 03:30:00,2.61789,Latency Anomaly
2024-12-14 03:35:00,2.6259646,Latency Anomaly
2024-12-14 03:40:00,2.668777,Latency Anomaly
2024-12-14 03:45:00,2.6620314,Latency Anomaly
2024-12-14 03:50:00,2.6822088,Latency Anomaly
2024-12-14 03:55:00,2.7190027,Latency Anomaly
2024-12-14 04:00:00,2.7240775,Latency Anomaly
2024-12-14 04:05:00,2.7681875,Latency Anomaly
2024-12-14 04:10:00,2.7808359,Latency Anomaly
2024-12-14 04:15:00,2.7894177,Latency Anomaly
2024-12-14 04:20:00,2.8285155,Latency Anomaly
2024-12-14 04:25:00,2.875061,Latency Anomaly
2024-12-14 04:30:00,2.8929987,Latency Anomaly
2024-12-14 04:35:00,2.9048338,Latency Anomaly
2024-12-14 04:40:00,2.9350975,Latency Anomaly
2024-12-14 04:45:00,2.9374309,Latency Anomaly
2024-12-14 04:50:00,2.9327464,Latency Anomaly
2024-12-14 04:55:00,2.9415455,Latency Anomaly
2024-12-14 05:00:00,2.934272,Latency Anomaly
2024-12-14 05:05:00,2.9478884,Latency Anomaly
2024-12-14 05:10:00,2.941554,Latency Anomaly
2024-12-14 05:15:00,2.9548678,Latency Anomaly
2024-12-14 05:20:00,2.963636,Latency Anomaly
2024-12-14 05:25:00,2.9613006,Latency Anomaly
2024-12-14 05:30:00,2.9439538,Latency Anomaly
2024-12-14 05:35:00,2.9403894,Latency Anomaly
2024-12-14 05:40:00,2.9272833,Latency Anomaly
2024-12-14 05:45:00,2.9275558,Latency Anomaly
2024-12-14 05:50:00,2.954496,Latency Anomaly
2024-12-14 05:55:00,2.9392462,Latency Anomaly
2024-12-14 06:00:00,2.944443,Latency Anomaly
2024-12-14 06:05:00,2.9344082,Latency Anomaly
2024-12-14 06:10:00,2.9331186,Latency Anomaly
2024-12-14 06:15:00,2.9351454,Latency Anomaly
2024-12-14 06:20:00,2.9025483,Latency Anomaly
2024-12-14 06:25:00,2.905688,Latency Anomaly
2024-12-14 06:30:00,2.9030445,Latency Anomaly
2024-12-14 06:35:00,2.8880925,Latency Anomaly
2024-12-14 06:40:00,2.843764,Latency Anomaly
2024-12-14 06:45:00,2.8364706,Latency Anomaly
2024-12-14 06:50:00,2.8157501,Latency Anomaly
2024-12-14 06:55:00,2.7958996,Latency Anomaly
2024-12-14 07:00:00,2.757705,Latency Anomaly
2024-12-14 07:05:00,2.7275634,Latency Anomaly
2024-12-14 07:10:00,2.705024,Latency Anomaly
2024-12-14 07:15:00,2.667736,Latency Anomaly
2024-12-14 07:20:00,2.6345196,Latency Anomaly
2024-12-14 07:25:00,2.609696,Latency Anomaly
2024-12-14 07:30:00,2.5848076,Latency Anomaly
2024-12-14 07:35:00,2.559647,Latency Anomaly
2024-12-14 07:40:00,2.542537,Latency Anomaly
2024-12-14 07:45:00,2.5271196,Latency Anomaly
2024-12-14 07:50:00,2.4806821,Latency Anomaly
2024-12-14 07:55:00,2.4784136,Latency Anomaly
2024-12-14 08:00:00,2.4533617,Latency Anomaly
2024-12-14 08:05:00,2.4090407,Latency Anomaly
2024-12-14 08:10:00,2.3726013,Latency Anomaly
2024-12-14 08:15:00,2.3614368,Latency Anomaly
2024-12-14 08:20:00,2.3547301,Latency Anomaly
2024-12-14 08:25:00,2.328853,Latency Anomaly
2024-12-14 08:30:00,2.3146574,Latency Anomaly
2024-12-14 08:35:00,2.2829056,Latency Anomaly
2024-12-14 08:40:00,2.1750815,Latency Anomaly
2024-12-14 08:45:00,2.156405,Latency Anomaly
2024-12-14 08:50:00,2.1269073,Latency Anomaly
2024-12-14 08:55:00,2.1197505,Latency Anomaly
2024-12-14 09:00:00,2.0873108,Latency Anomaly
2024-12-14 09:05:00,2.0562623,Latency Anomaly
2024-12-14 09:10:00,2.049216,Latency Anomaly
2024-12-14 09:15:00,2.0437782,Latency Anomaly
2024-12-14 09:20:00,2.0219755,Latency Anomaly
2024-12-14 09:25:00,1.9882603,Latency Anomaly
2024-12-14 09:30:00,1.9830115,Latency Anomaly
2024-12-14 09:35:00,1.9792279,Latency Anomaly
2024-12-14 09:40:00,1.9422108,Latency Anomaly
2024-12-14 09:45:00,1.9338372,Latency Anomaly
2024-12-14 09:50:00,1.911003,Latency Anomaly
2024-12-14 09:55:00,1.8744498,Latency Anomaly
2024-12-14 10:00:00,1.8673556,Latency Anomaly
2024-12-14 10:05:00,1.8168514,Latency Anomaly
2024-12-14 10:10:00,1.8084602,Latency Anomaly
2024-12-14 10:15:00,1.7986728,Latency Anomaly
2024-12-14 10:20:00,1.760392,Latency Anomaly
2024-12-14 10:25:00,1.7209176,Latency Anomaly
2024-12-14 10:30:00,1.70169,Latency Anomaly
2024-12-14 10:35:00,1.6923819,Latency Anomaly
2024-12-14 10:40:00,1.662548,Latency Anomaly
2024-12-14 10:45:00,1.6366479,Latency Anomaly
2024-12-14 10:50:00,1.6255591,Latency Anomaly
2024-12-14 10:55:00,1.6127967,Latency Anomaly
2024-12-14 11:00:00,1.6113138,Latency Anomaly
2024-12-14 11:05:00,1.5872467,Latency Anomaly
2024-12-14 11:10:00,1.5596539,Latency Anomaly
2024-12-14 11:15:00,1.5544839,Latency Anomaly
2024-12-14 11:20:00,1.5268506,Latency Anomaly
2024-12-14 11:25:00,1.5205716,Latency Anomaly
2024-12-14 11:30:00,1.5238166,Latency Anomaly
2024-12-14 11:35:00,1.5163077,Latency Anomaly
2024-12-14 11:40:00,1.5123066,Latency Anomaly
2024-12-14 11:45:00,1.5044346,Latency Anomaly
2024-12-14 11:50:00,1.47002,Latency Anomaly
2024-12-14 11:55:00,1.4644744,Latency Anomaly
2024-12-14 12:00:00,1.4595466,Latency Anomaly
2024-12-14 12:05:00,1.461202,Latency Anomaly
2024-12-14 12:10:00,1.4469184,Latency Anomaly
2024-12-14 12:15:00,1.4411675,Latency Anomaly
2024-12-14 12:20:00,1.4378603,Latency Anomaly
2024-12-14 12:25:00,1.4253656,Latency Anomaly
2024-12-14 12:30:00,1.4208242,Latency Anomaly
2024-12-14 12:35:00,1.4183788,Latency Anomaly
2024-12-14 12:40:00,1.4230615,Latency Anomaly
2024-12-14 12:45:00,1.4183037,Latency Anomaly
2024-12-14 12:50:00,1.4145606,Latency Anomaly
2024-12-14 12:55:00,1.4136753,Latency Anomaly
2024-12-14 13:00:00,1.4198465,Latency Anomaly
2024-12-14 13:05:00,1.4273831,Latency Anomaly
2024-12-14 13:10:00,1.4165875,Latency Anomaly
2024-12-14 13:15:00,1.4134921,Latency Anomaly
2024-12-14 13:20:00,1.4180497,Latency Anomaly
2024-12-14 13:25:00,1.4229536,Latency Anomaly
2024-12-14 13:30:00,1.419414,Latency Anomaly
2024-12-14 13:35:00,1.4081938,Latency Anomaly
2024-12-14 13:40:00,1.4062209,Latency Anomaly
2024-12-14 13:45:00,1.4089088,Latency Anomaly
2024-12-14 13:50:00,1.4115667,Latency Anomaly
2024-12-14 13:55:00,1.4027296,Latency Anomaly
2024-12-14 14:00:00,1.4002908,Latency Anomaly
2024-12-14 14:05:00,1.4028047,Latency Anomaly
2024-12-14 14:10:00,1.4022446,Latency Anomaly
2024-12-14 14:15:00,1.4014181,Latency Anomaly
2024-12-14 14:20:00,1.393741,Latency Anomaly
2024-12-14 14:25:00,1.3927052,Latency Anomaly
2024-12-14 14:30:00,1.3934005,Latency Anomaly
2024-12-14 14:35:00,1.3956138,Latency Anomaly
2024-12-14 14:40:00,1.3998061,Latency Anomaly
2024-12-14 14:45:00,1.3914784,Latency Anomaly
2024-12-14 14:50:00,1.395293,Latency Anomaly
2024-12-14 14:55:00,1.3777794,Latency Anomaly
2024-12-14 15:00:00,1.3878726,Latency Anomaly
2024-12-14 15:05:00,1.3930659,Latency Anomaly
2024-12-14 15:10:00,1.3984225,Latency Anomaly
2024-12-14 15:15:00,1.4056214,Latency Anomaly
2024-12-14 15:20:00,1.4031931,Latency Anomaly
2024-12-14 15:25:00,1.4087207,Latency Anomaly
2024-12-14 15:30:00,1.4081228,Latency Anomaly
2024-12-14 15:35:00,1.4054784,Latency Anomaly
2024-12-14 15:40:00,1.4138969,Latency Anomaly
2024-12-14 15:45:00,1.4164765,Latency Anomaly
2024-12-14 15:50:00,1.4154285,Latency Anomaly
2024-12-14 15:55:00,1.4235126,Latency Anomaly
2024-12-14 16:00:00,1.4349363,Latency Anomaly
2024-12-14 16:05:00,1.4368557,Latency Anomaly
2024-12-14 16:10:00,1.4392375,Latency Anomaly
2024-12-14 16:15:00,1.4523964,Latency Anomaly
2024-12-14 16:20:00,1.4523596,Latency Anomaly
2024-12-14 16:25:00,1.4475307,Latency Anomaly
2024-12-14 16:30:00,1.4477319,Latency Anomaly
2024-12-14 16:35:00,1.4491181,Latency Anomaly
2024-12-14 16:40:00,1.4504253,Latency Anomaly
2024-12-14 16:45:00,1.4525148,Latency Anomaly
2024-12-14 16:50:00,1.4562168,Latency Anomaly
2024-12-14 16:55:00,1.4614477,Latency Anomaly
2024-12-14 17:00:00,1.4609114,Latency Anomaly
2024-12-14 17:05:00,1.4607098,Latency Anomaly
2024-12-14 17:10:00,1.4616293,Latency Anomaly
2024-12-14 17:15:00,1.4567573,Latency Anomaly
2024-12-14 17:20:00,1.4641095,Latency Anomaly
2024-12-14 17:25:00,1.4600513,Latency Anomaly
2024-12-14 17:30:00,1.4558523,Latency Anomaly
2024-12-14 17:35:00,1.4667643,Latency Anomaly
2024-12-14 17:40:00,1.4656842,Latency Anomaly
2024-12-14 17:45:00,1.4624618,Latency Anomaly
2024-12-14 17:50:00,1.4669731,Latency Anomaly
2024-12-14 17:55:00,1.4709982,Latency Anomaly
2024-12-14 18:00:00,1.4629116,Latency Anomaly
2024-12-14 18:05:00,1.4586612,Latency Anomaly
2024-12-14 18:10:00,1.4625641,Latency Anomaly
2024-12-14 18:15:00,1.4573711,Latency Anomaly
2024-12-14 18:20:00,1.4642037,Latency Anomaly
2024-12-14 18:25:00,1.4654619,Latency Anomaly
2024-12-14 18:30:00,1.4647806,Latency Anomaly
2024-12-14 18:35:00,1.4608753,Latency Anomaly
2024-12-14 18:40:00,1.4575391,Latency Anomaly
2024-12-14 18:45:00,1.4634868,Latency Anomaly
2024-12-14 18:50:00,1.4680928,Latency Anomaly
2024-12-14 18:55:00,1.4583253,Latency Anomaly
2024-12-14 19:00:00,1.4531645,Latency Anomaly
2024-12-14 19:05:00,1.4519696,Latency Anomaly
2024-12-14 19:10:00,1.4558903,Latency Anomaly
2024-12-14 19:15:00,1.4602914,Latency Anomaly
2024-12-14 19:20:00,1.4616966,Latency Anomaly
2024-12-14 19:25:00,1.4604996,Latency Anomaly
2024-12-14 19:30:00,1.4530461,Latency Anomaly
2024-12-14 19:35:00,1.4556394,Latency Anomaly
2024-12-14 19:40:00,1.456971,Latency Anomaly
2024-12-14 19:45:00,1.4541968,Latency Anomaly
2024-12-14 19:50:00,1.4542148,Latency Anomaly
2024-12-14 19:55:00,1.4584577,Latency Anomaly
2024-12-14 20:00:00,1.4750899,Latency Anomaly
2024-12-14 20:05:00,1.4737952,Latency Anomaly
2024-12-14 20:10:00,1.4824073,Latency Anomaly
2024-12-14 20:15:00,1.4832481,Latency Anomaly
2024-12-14 20:20:00,1.500477,Latency Anomaly
2024-12-14 20:25:00,1.5043654,Latency Anomaly
2024-12-14 20:30:00,1.5000724,Latency Anomaly
2024-12-14 20:35:00,1.4927071,Latency Anomaly
2024-12-14 20:40:00,1.4908952,Latency Anomaly
2024-12-14 20:45:00,1.4812639,Latency Anomaly
2024-12-14 20:50:00,1.47446,Latency Anomaly
2024-12-14 20:55:00,1.4717314,Latency Anomaly
2024-12-14 21:00:00,1.463131,Latency Anomaly
2024-12-14 21:05:00,1.4644393,Latency Anomaly
2024-12-14 21:10:00,1.4449936,Latency Anomaly
2024-12-14 21:15:00,1.4415452,Latency Anomaly
2024-12-14 21:20:00,1.4377353,Latency Anomaly
2024-12-14 21:25:00,1.4564223,Latency Anomaly
2024-12-14 21:30:00,1.4676181,Latency Anomaly
2024-12-14 21:35:00,1.4777371,Latency Anomaly
2024-12-14 21:40:00,1.4718838,Latency Anomaly
2024-12-14 21:45:00,1.4673129,Latency Anomaly
2024-12-14 21:50:00,1.4984784,Latency Anomaly
2024-12-14 21:55:00,1.501712,Latency Anomaly
2024-12-14 22:00:00,1.518801,Latency Anomaly
2024-12-14 22:05:00,1.5257658,Latency Anomaly
2024-12-14 22:10:00,1.5255522,Latency Anomaly
2024-12-14 22:15:00,1.524255,Latency Anomaly
2024-12-14 22:20:00,1.5246938,Latency Anomaly
2024-12-14 22:25:00,1.546405,Latency Anomaly
2024-12-14 22:30:00,1.5422927,Latency Anomaly
2024-12-14 22:35:00,1.5505445,Latency Anomaly
2024-12-14 22:40:00,1.5646162,Latency Anomaly
2024-12-14 22:45:00,1.573578,Latency Anomaly
2024-12-14 22:50:00,1.573404,Latency Anomaly
2024-12-14 22:55:00,1.5745482,Latency Anomaly
2024-12-14 23:00:00,1.5940988,Latency Anomaly
2024-12-14 23:05:00,1.6155356,Latency Anomaly
2024-12-14 23:10:00,1.6177484,Latency Anomaly
2024-12-14 23:15:00,1.6331389,Latency Anomaly
2024-12-14 23:20:00,1.6299413,Latency Anomaly
2024-12-14 23:25:00,1.6456991,Latency Anomaly
2024-12-14 23:30:00,1.6578349,Latency Anomaly
2024-12-14 23:35:00,1.6644372,Latency Anomaly
2024-12-14 23:40:00,1.6752635,Latency Anomaly
2024-12-14 23:45:00,1.6841099,Latency Anomaly
2024-12-14 23:50:00,1.6884097,Latency Anomaly
2024-12-14 23:55:00,1.6861677,Latency Anomaly
2024-12-15 00:00:00,1.723397,Latency Anomaly
2024-12-15 00:05:00,1.7526113,Latency Anomaly
2024-12-15 00:10:00,1.7735194,Latency Anomaly
2024-12-15 00:15:00,1.7870898,Latency Anomaly
2024-12-15 00:20:00,1.8082949,Latency Anomaly
2024-12-15 00:25:00,1.8249868,Latency Anomaly
2024-12-15 00:30:00,1.8484036,Latency Anomaly
2024-12-15 00:35:00,1.8836616,Latency Anomaly
2024-12-15 00:40:00,1.9146403,Latency Anomaly
2024-12-15 00:45:00,1.93136,Latency Anomaly
2024-12-15 00:50:00,1.994043,Latency Anomaly
2024-12-15 00:55:00,2.0288162,Latency Anomaly
2024-12-15 01:00:00,2.0440001,Latency Anomaly
2024-12-15 01:05:00,2.0909257,Latency Anomaly
2024-12-15 01:10:00,2.117195,Latency Anomaly
2024-12-15 01:15:00,2.1263783,Latency Anomaly
2024-12-15 01:20:00,2.1294618,Latency Anomaly
2024-12-15 01:25:00,2.162437,Latency Anomaly
2024-12-15 01:30:00,2.1846797,Latency Anomaly
2024-12-15 01:35:00,2.2103827,Latency Anomaly
2024-12-15 01:40:00,2.2316265,Latency Anomaly
2024-12-15 01:45:00,2.245373,Latency Anomaly
2024-12-15 01:50:00,2.2624164,Latency Anomaly
2024-12-15 01:55:00,2.290613,Latency Anomaly
2024-12-15 02:00:00,2.3176246,Latency Anomaly
2024-12-15 02:05:00,2.3370993,Latency Anomaly
2024-12-15 02:10:00,2.354929,Latency Anomaly
2024-12-15 02:15:00,2.3929276,Latency Anomaly
2024-12-15 02:20:00,2.474204,Latency Anomaly
2024-12-15 02:25:00,2.4811497,Latency Anomaly
2024-12-15 02:30:00,2.496555,Latency Anomaly
2024-12-15 02:35:00,2.6281452,Latency Anomaly
2024-12-15 02:40:00,2.6532793,Latency Anomaly
2024-12-15 02:45:00,2.6731417,Latency Anomaly
2024-12-15 02:50:00,2.6879733,Latency Anomaly
2024-12-15 02:55:00,2.7339056,Latency Anomaly
2024-12-15 03:00:00,2.7376852,Latency Anomaly
2024-12-15 03:05:00,2.7943132,Latency Anomaly
2024-12-15 03:10:00,2.8112898,Latency Anomaly
2024-12-15 03:15:00,2.8167608,Latency Anomaly
2024-12-15 03:20:00,2.8587084,Latency Anomaly
2024-12-15 03:25:00,2.866287,Latency Anomaly
2024-12-15 03:30:00,2.901303,Latency Anomaly
2024-12-15 03:35:00,2.9511867,Latency Anomaly
2024-12-15 03:40:00,2.9868395,Latency Anomaly
2024-12-15 03:45:00,3.0161173,Latency Anomaly
2024-12-15 03:50:00,2.9923522,Latency Anomaly
2024-12-15 03:55:00,3.0257382,Latency Anomaly
2024-12-15 04:00:00,3.0358925,Latency Anomaly
2024-12-15 04:05:00,3.0410924,Latency Anomaly
2024-12-15 04:10:00,3.0703607,Latency Anomaly
2024-12-15 04:15:00,3.0758543,Latency Anomaly
2024-12-15 04:20:00,3.086254,Latency Anomaly
2024-12-15 04:25:00,3.0765498,Latency Anomaly
2024-12-15 04:30:00,3.1053114,Latency Anomaly
2024-12-15 04:35:00,3.1098747,Latency Anomaly
2024-12-15 04:40:00,3.1045122,Latency Anomaly
2024-12-15 04:45:00,3.1194878,Latency Anomaly
2024-12-15 04:50:00,3.1386554,Latency Anomaly
2024-12-15 04:55:00,3.1388228,Latency Anomaly
2024-12-15 05:00:00,3.1263826,Latency Anomaly
2024-12-15 05:05:00,3.1210437,Latency Anomaly
2024-12-15 05:10:00,3.1285653,Latency Anomaly
2024-12-15 05:15:00,3.1335158,Latency Anomaly
2024-12-15 05:20:00,3.1370502,Latency Anomaly
2024-12-15 05:25:00,3.1323984,Latency Anomaly
2024-12-15 05:30:00,3.143175,Latency Anomaly
2024-12-15 05:35:00,3.1344635,Latency Anomaly
2024-12-15 05:40:00,3.130129,Latency Anomaly
2024-12-15 05:45:00,3.1292439,Latency Anomaly
2024-12-15 05:50:00,3.1414564,Latency Anomaly
2024-12-15 05:55:00,3.1441672,Latency Anomaly
2024-12-15 06:00:00,3.1138678,Latency Anomaly
2024-12-15 06:05:00,3.0897014,Latency Anomaly
2024-12-15 06:10:00,3.066623,Latency Anomaly
2024-12-15 06:15:00,3.0694246,Latency Anomaly
2024-12-15 06:20:00,3.0515192,Latency Anomaly
2024-12-15 06:25:00,3.0373437,Latency Anomaly
2024-12-15 06:30:00,3.0252123,Latency Anomaly
2024-12-15 06:35:00,3.010156,Latency Anomaly
2024-12-15 06:40:00,2.9809039,Latency Anomaly
2024-12-15 06:45:00,2.9661703,Latency Anomaly
2024-12-15 06:50:00,2.9049413,Latency Anomaly
2024-12-15 06:55:00,2.8903174,Latency Anomaly
2024-12-15 07:00:00,2.887441,Latency Anomaly
2024-12-15 07:05:00,2.840462,Latency Anomaly
2024-12-15 07:10:00,2.815717,Latency Anomaly
2024-12-15 07:15:00,2.8146505,Latency Anomaly
2024-12-15 07:20:00,2.8100421,Latency Anomaly
2024-12-15 07:25:00,2.78016,Latency Anomaly
2024-12-15 07:30:00,2.7711346,Latency Anomaly
2024-12-15 07:35:00,2.7533388,Latency Anomaly
2024-12-15 07:40:00,2.7481797,Latency Anomaly
2024-12-15 07:45:00,2.7404568,Latency Anomaly
2024-12-15 07:50:00,2.733168,Latency Anomaly
2024-12-15 07:55:00,2.7037098,Latency Anomaly
2024-12-15 08:00:00,2.6699116,Latency Anomaly
2024-12-15 08:05:00,2.6542087,Latency Anomaly
2024-12-15 08:10:00,2.620125,Latency Anomaly
2024-12-15 08:15:00,2.5894446,Latency Anomaly
2024-12-15 08:20:00,2.4920986,Latency Anomaly
2024-12-15 08:25:00,2.499351,Latency Anomaly
2024-12-15 08:30:00,2.4946156,Latency Anomaly
2024-12-15 08:35:00,2.3806114,Latency Anomaly
2024-12-15 08:40:00,2.3672378,Latency Anomaly
2024-12-15 08:45:00,2.348485,Latency Anomaly
2024-12-15 08:50:00,2.3436334,Latency Anomaly
2024-12-15 08:55:00,2.28883,Latency Anomaly
2024-12-15 09:00:00,2.2864978,Latency Anomaly
2024-12-15 09:05:00,2.2450264,Latency Anomaly
2024-12-15 09:10:00,2.2328324,Latency Anomaly
2024-12-15 09:15:00,2.2186704,Latency Anomaly
2024-12-15 09:20:00,2.1802397,Latency Anomaly
2024-12-15 09:25:00,2.1515882,Latency Anomaly
2024-12-15 09:30:00,2.1083782,Latency Anomaly
2024-12-15 09:35:00,2.0432923,Latency Anomaly
2024-12-15 09:40:00,2.0014327,Latency Anomaly
2024-12-15 09:45:00,1.9743087,Latency Anomaly
2024-12-15 09:50:00,1.972389,Latency Anomaly
2024-12-15 09:55:00,1.9301277,Latency Anomaly
2024-12-15 10:00:00,1.898165,Latency Anomaly
2024-12-15 10:05:00,1.8841971,Latency Anomaly
2024-12-15 10:10:00,1.8595467,Latency Anomaly
2024-12-15 10:15:00,1.8487803,Latency Anomaly
2024-12-15 10:20:00,1.8401148,Latency Anomaly
2024-12-15 10:25:00,1.8271847,Latency Anomaly
2024-12-15 10:30:00,1.7988467,Latency Anomaly
2024-12-15 10:35:00,1.781195,Latency Anomaly
2024-12-15 10:40:00,1.7695442,Latency Anomaly
2024-12-15 10:45:00,1.7535053,Latency Anomaly
2024-12-15 10:50:00,1.7294945,Latency Anomaly
2024-12-15 10:55:00,1.7207823,Latency Anomaly
2024-12-15 11:00:00,1.7119348,Latency Anomaly
2024-12-15 11:05:00,1.7113862,Latency Anomaly
2024-12-15 11:10:00,1.7003886,Latency Anomaly
2024-12-15 11:15:00,1.6703974,Latency Anomaly
2024-12-15 11:20:00,1.670844,Latency Anomaly
2024-12-15 11:25:00,1.6598809,Latency Anomaly
2024-12-15 11:30:00,1.6414968,Latency Anomaly
2024-12-15 11:35:00,1.6352652,Latency Anomaly
2024-12-15 11:40:00,1.6293695,Latency Anomaly
2024-12-15 11:45:00,1.6270486,Latency Anomaly
2024-12-15 11:50:00,1.6116217,Latency Anomaly
2024-12-15 11:55:00,1.6139624,Latency Anomaly
2024-12-15 12:00:00,1.606034,Latency Anomaly
2024-12-15 12:05:00,1.6031898,Latency Anomaly
2024-12-15 12:10:00,1.6004522,Latency Anomaly
2024-12-15 12:15:00,1.5876085,Latency Anomaly
2024-12-15 12:20:00,1.5903326,Latency Anomaly
2024-12-15 12:25:00,1.5850167,Latency Anomaly
2024-12-15 12:30:00,1.5788263,Latency Anomaly
2024-12-15 12:35:00,1.5662211,Latency Anomaly
2024-12-15 12:40:00,1.5667125,Latency Anomaly
2024-12-15 12:45:00,1.5658137,Latency Anomaly
2024-12-15 12:50:00,1.5666366,Latency Anomaly
2024-12-15 12:55:00,1.5503002,Latency Anomaly
2024-12-15 13:00:00,1.5418116,Latency Anomaly
2024-12-15 13:05:00,1.5417372,Latency Anomaly
2024-12-15 13:10:00,1.5424482,Latency Anomaly
2024-12-15 13:15:00,1.5356642,Latency Anomaly
2024-12-15 13:20:00,1.5415719,Latency Anomaly
2024-12-15 13:25:00,1.5367051,Latency Anomaly
2024-12-15 13:30:00,1.5302751,Latency Anomaly
2024-12-15 13:35:00,1.5196794,Latency Anomaly
2024-12-15 13:40:00,1.5045143,Latency Anomaly
2024-12-15 13:45:00,1.502387,Latency Anomaly
2024-12-15 13:50:00,1.4930084,Latency Anomaly
2024-12-15 13:55:00,1.4982663,Latency Anomaly
2024-12-15 14:00:00,1.4955419,Latency Anomaly
2024-12-15 14:05:00,1.4954265,Latency Anomaly
2024-12-15 14:10:00,1.5039611,Latency Anomaly
2024-12-15 14:15:00,1.5014997,Latency Anomaly
2024-12-15 14:20:00,1.5020036,Latency Anomaly
2024-12-15 14:25:00,1.480456,Latency Anomaly
2024-12-15 14:30:00,1.4780791,Latency Anomaly
2024-12-15 14:35:00,1.4660546,Latency Anomaly
2024-12-15 14:40:00,1.4650489,Latency Anomaly
2024-12-15 14:45:00,1.4672682,Latency Anomaly
2024-12-15 14:50:00,1.4608809,Latency Anomaly
2024-12-15 14:55:00,1.46566,Latency Anomaly
2024-12-15 15:00:00,1.4661037,Latency Anomaly
2024-12-15 15:05:00,1.4567645,Latency Anomaly
2024-12-15 15:10:00,1.4604021,Latency Anomaly
2024-12-15 15:15:00,1.4705933,Latency Anomaly
2024-12-15 15:20:00,1.4675332,Latency Anomaly
2024-12-15 15:25:00,1.4689255,Latency Anomaly
2024-12-15 15:30:00,1.4692851,Latency Anomaly
2024-12-15 15:35:00,1.4688828,Latency Anomaly
2024-12-15 15:40:00,1.4713469,Latency Anomaly
2024-12-15 15:45:00,1.4670786,Latency Anomaly
2024-12-15 15:50:00,1.462092,Latency Anomaly
2024-12-15 15:55:00,1.467751,Latency Anomaly
2024-12-15 16:00:00,1.4720987,Latency Anomaly
2024-12-15 16:05:00,1.4772995,Latency Anomaly
2024-12-15 16:10:00,1.4727612,Latency Anomaly
2024-12-15 16:15:00,1.4697887,Latency Anomaly
2024-12-15 16:20:00,1.4676726,Latency Anomaly
2024-12-15 16:25:00,1.4758004,Latency Anomaly
2024-12-15 16:30:00,1.4865252,Latency Anomaly
2024-12-15 16:35:00,1.4874427,Latency Anomaly
2024-12-15 16:40:00,1.4903963,Latency Anomaly
2024-12-15 16:45:00,1.4836233,Latency Anomaly
2024-12-15 16:50:00,1.4816767,Latency Anomaly
2024-12-15 16:55:00,1.4818677,Latency Anomaly
2024-12-15 17:00:00,1.483927,Latency Anomaly
2024-12-15 17:05:00,1.4749736,Latency Anomaly
2024-12-15 17:10:00,1.4808176,Latency Anomaly
2024-12-15 17:15:00,1.481826,Latency Anomaly
2024-12-15 17:20:00,1.4815787,Latency Anomaly
2024-12-15 17:25:00,1.4818501,Latency Anomaly
2024-12-15 17:30:00,1.4803808,Latency Anomaly
2024-12-15 17:35:00,1.4856457,Latency Anomaly
2024-12-15 17:40:00,1.4835978,Latency Anomaly
2024-12-15 17:45:00,1.480003,Latency Anomaly
2024-12-15 17:50:00,1.4777741,Latency Anomaly
2024-12-15 17:55:00,1.4650685,Latency Anomaly
2024-12-15 18:00:00,1.4698944,Latency Anomaly
2024-12-15 18:05:00,1.4721923,Latency Anomaly
2024-12-15 18:10:00,1.4686593,Latency Anomaly
2024-12-15 18:15:00,1.4730513,Latency Anomaly
2024-12-15 18:20:00,1.4704771,Latency Anomaly
2024-12-15 18:25:00,1.4709457,Latency Anomaly
2024-12-15 18:30:00,1.4692705,Latency Anomaly
2024-12-15 18:35:00,1.4605039,Latency Anomaly
2024-12-15 18:40:00,1.456211,Latency Anomaly
2024-12-15 18:45:00,1.4540008,Latency Anomaly
2024-12-15 18:50:00,1.4438856,Latency Anomaly
2024-12-15 18:55:00,1.4529237,Latency Anomaly
2024-12-15 19:00:00,1.4484096,Latency Anomaly
2024-12-15 19:05:00,1.4419948,Latency Anomaly
2024-12-15 19:10:00,1.44177,Latency Anomaly
2024-12-15 19:15:00,1.4409182,Latency Anomaly
2024-12-15 19:20:00,1.4302121,Latency Anomaly
2024-12-15 19:25:00,1.4373668,Latency Anomaly
2024-12-15 19:30:00,1.4388465,Latency Anomaly
2024-12-15 19:35:00,1.4384143,Latency Anomaly
2024-12-15 19:40:00,1.4376704,Latency Anomaly
2024-12-15 19:45:00,1.4437361,Latency Anomaly
2024-12-15 19:50:00,1.4410595,Latency Anomaly
2024-12-15 19:55:00,1.431037,Latency Anomaly
2024-12-15 20:00:00,1.4296048,Latency Anomaly
2024-12-15 20:05:00,1.422777,Latency Anomaly
2024-12-15 20:10:00,1.4217261,Latency Anomaly
2024-12-15 20:15:00,1.4201617,Latency Anomaly
2024-12-15 20:20:00,1.4212,Latency Anomaly
2024-12-15 20:25:00,1.4237132,Latency Anomaly
2024-12-15 20:30:00,1.4237769,Latency Anomaly
2024-12-15 20:35:00,1.4220146,Latency Anomaly
2024-12-15 20:40:00,1.4189982,Latency Anomaly
2024-12-15 20:45:00,1.415509,Latency Anomaly
2024-12-15 20:50:00,1.417967,Latency Anomaly
2024-12-15 20:55:00,1.4182054,Latency Anomaly
2024-12-15 21:00:00,1.4202399,Latency Anomaly
2024-12-15 21:05:00,1.4180207,Latency Anomaly
2024-12-15 21:10:00,1.4125589,Latency Anomaly
2024-12-15 21:15:00,1.4044553,Latency Anomaly
2024-12-15 21:20:00,1.4101434,Latency Anomaly
2024-12-15 21:25:00,1.4162508,Latency Anomaly
2024-12-15 21:30:00,1.4159483,Latency Anomaly
2024-12-15 21:35:00,1.4197582,Latency Anomaly
2024-12-15 21:40:00,1.4173746,Latency Anomaly
2024-12-15 21:45:00,1.417637,Latency Anomaly
2024-12-15 21:50:00,1.4206344,Latency Anomaly
2024-12-15 21:55:00,1.4149033,Latency Anomaly
2024-12-15 22:00:00,1.4143145,Latency Anomaly
2024-12-15 22:05:00,1.4299762,Latency Anomaly
2024-12-15 22:10:00,1.4290274,Latency Anomaly
2024-12-15 22:15:00,1.4465177,Latency Anomaly
2024-12-15 22:20:00,1.4539553,Latency Anomaly
2024-12-15 22:25:00,1.4678348,Latency Anomaly
2024-12-15 22:30:00,1.47747,Latency Anomaly
2024-12-15 22:35:00,1.4816102,Latency Anomaly
2024-12-15 22:40:00,1.4892013,Latency Anomaly
2024-12-15 22:45:00,1.5034686,Latency Anomaly
2024-12-15 22:50:00,1.5128359,Latency Anomaly
2024-12-15 22:55:00,1.516746,Latency Anomaly
2024-12-15 23:00:00,1.5522584,Latency Anomaly
2024-12-15 23:05:00,1.5655892,Latency Anomaly
2024-12-15 23:10:00,1.565593,Latency Anomaly
2024-12-15 23:15:00,1.5926089,Latency Anomaly
2024-12-15 23:20:00,1.5927349,Latency Anomaly
2024-12-15 23:25:00,1.6029128,Latency Anomaly
2024-12-15 23:30:00,1.6187568,Latency Anomaly
2024-12-15 23:35:00,1.6285403,Latency Anomaly
2024-12-15 23:40:00,1.6806686,Latency Anomaly
2024-12-15 23:45:00,1.7037445,Latency Anomaly
2024-12-15 23:50:00,1.7151266,Latency Anomaly
2024-12-15 23:55:00,1.7264214,Latency Anomaly
2024-12-16 00:00:00,1.7305977,Latency Anomaly
2024-12-16 00:05:00,1.7452497,Latency Anomaly
2024-12-16 00:10:00,1.7558926,Latency Anomaly
2024-12-16 00:15:00,1.7557254,Latency Anomaly
2024-12-16 00:20:00,1.7564222,Latency Anomaly
2024-12-16 00:25:00,1.7797042,Latency Anomaly
2024-12-16 00:30:00,1.78102,Latency Anomaly
2024-12-16 00:35:00,1.7922962,Latency Anomaly
2024-12-16 00:40:00,1.8033438,Latency Anomaly
2024-12-16 00:45:00,1.8064407,Latency Anomaly
2024-12-16 00:50:00,1.8409667,Latency Anomaly
2024-12-16 00:55:00,1.8379202,Latency Anomaly
2024-12-16 01:00:00,1.8409002,Latency Anomaly
2024-12-16 01:05:00,1.8530654,Latency Anomaly
2024-12-16 01:10:00,1.8662585,Latency Anomaly
2024-12-16 01:15:00,1.8899113,Latency Anomaly
2024-12-16 01:20:00,1.9074184,Latency Anomaly
2024-12-16 01:25:00,1.914927,Latency Anomaly
2024-12-16 01:30:00,1.9144467,Latency Anomaly
2024-12-16 01:35:00,1.9322667,Latency Anomaly
2024-12-16 01:40:00,1.952594,Latency Anomaly
2024-12-16 01:45:00,1.9621263,Latency Anomaly
2024-12-16 01:50:00,1.9988332,Latency Anomaly
2024-12-16 01:55:00,2.016504,Latency Anomaly
2024-12-16 02:00:00,2.030647,Latency Anomaly
2024-12-16 02:05:00,2.067523,Latency Anomaly
2024-12-16 02:10:00,2.086292,Latency Anomaly
2024-12-16 02:15:00,2.0988402,Latency Anomaly
2024-12-16 02:20:00,2.1669903,Latency Anomaly
2024-12-16 02:25:00,2.213735,Latency Anomaly
2024-12-16 02:30:00,2.2584467,Latency Anomaly
2024-12-16 02:35:00,2.3129644,Latency Anomaly
2024-12-16 02:40:00,2.3474374,Latency Anomaly
2024-12-16 02:45:00,2.3617446,Latency Anomaly
2024-12-16 02:50:00,2.377069,Latency Anomaly
2024-12-16 02:55:00,2.4051874,Latency Anomaly
2024-12-16 03:00:00,2.4121876,Latency Anomaly
2024-12-16 03:05:00,2.4601946,Latency Anomaly
2024-12-16 03:10:00,2.4775565,Latency Anomaly
2024-12-16 03:15:00,2.4934242,Latency Anomaly
2024-12-16 03:20:00,2.5128524,Latency Anomaly
2024-12-16 03:25:00,2.5283346,Latency Anomaly
2024-12-16 03:30:00,2.5427988,Latency Anomaly
2024-12-16 03:35:00,2.562438,Latency Anomaly
2024-12-16 03:40:00,2.5769992,Latency Anomaly
2024-12-16 03:45:00,2.6003716,Latency Anomaly
2024-12-16 03:50:00,2.6404524,Latency Anomaly
2024-12-16 03:55:00,2.670466,Latency Anomaly
2024-12-16 04:00:00,2.692372,Latency Anomaly
2024-12-16 04:05:00,2.6901674,Latency Anomaly
2024-12-16 04:10:00,2.687857,Latency Anomaly
2024-12-16 04:15:00,2.6878464,Latency Anomaly
2024-12-16 04:20:00,2.6930249,Latency Anomaly
2024-12-16 04:25:00,2.7357807,Latency Anomaly
2024-12-16 04:30:00,2.740759,Latency Anomaly
2024-12-16 04:35:00,2.7431495,Latency Anomaly
2024-12-16 04:40:00,2.763723,Latency Anomaly
2024-12-16 04:45:00,2.7612448,Latency Anomaly
2024-12-16 04:50:00,2.768339,Latency Anomaly
2024-12-16 04:55:00,2.7794409,Latency Anomaly
2024-12-16 05:00:00,2.7451751,Latency Anomaly
2024-12-16 05:05:00,2.7438118,Latency Anomaly
2024-12-16 05:10:00,2.748283,Latency Anomaly
2024-12-16 05:15:00,2.7321956,Latency Anomaly
2024-12-16 05:20:00,2.7296696,Latency Anomaly
2024-12-16 05:25:00,2.7240162,Latency Anomaly
2024-12-16 05:30:00,2.7078717,Latency Anomaly
2024-12-16 05:35:00,2.7008886,Latency Anomaly
2024-12-16 05:40:00,2.6546717,Latency Anomaly
2024-12-16 05:45:00,2.6331978,Latency Anomaly
2024-12-16 05:50:00,2.6306722,Latency Anomaly
2024-12-16 05:55:00,2.6261814,Latency Anomaly
2024-12-16 06:00:00,2.6202989,Latency Anomaly
2024-12-16 06:05:00,2.6117198,Latency Anomaly
2024-12-16 06:10:00,2.605722,Latency Anomaly
2024-12-16 06:15:00,2.6155846,Latency Anomaly
2024-12-16 06:20:00,2.6102848,Latency Anomaly
2024-12-16 06:25:00,2.5848656,Latency Anomaly
2024-12-16 06:30:00,2.5826252,Latency Anomaly
2024-12-16 06:35:00,2.5847206,Latency Anomaly
2024-12-16 06:40:00,2.5765429,Latency Anomaly
2024-12-16 06:45:00,2.5723343,Latency Anomaly
2024-12-16 06:50:00,2.5391383,Latency Anomaly
2024-12-16 06:55:00,2.5319498,Latency Anomaly
2024-12-16 07:00:00,2.526833,Latency Anomaly
2024-12-16 07:05:00,2.5195653,Latency Anomaly
2024-12-16 07:10:00,2.5035996,Latency Anomaly
2024-12-16 07:15:00,2.4850526,Latency Anomaly
2024-12-16 07:20:00,2.4704928,Latency Anomaly
2024-12-16 07:25:00,2.4572299,Latency Anomaly
2024-12-16 07:30:00,2.4554152,Latency Anomaly
2024-12-16 07:35:00,2.4402153,Latency Anomaly
2024-12-16 07:40:00,2.4177988,Latency Anomaly
2024-12-16 07:45:00,2.3975453,Latency Anomaly
2024-12-16 07:50:00,2.3599243,Latency Anomaly
2024-12-16 07:55:00,2.3420234,Latency Anomaly
2024-12-16 08:00:00,2.325363,Latency Anomaly
2024-12-16 08:05:00,2.2994041,Latency Anomaly
2024-12-16 08:10:00,2.2831504,Latency Anomaly
2024-12-16 08:15:00,2.2717159,Latency Anomaly
2024-12-16 08:20:00,2.2049944,Latency Anomaly
2024-12-16 08:25:00,2.158925,Latency Anomaly
2024-12-16 08:30:00,2.112347,Latency Anomaly
2024-12-16 08:35:00,2.0663629,Latency Anomaly
2024-12-16 08:40:00,2.0223522,Latency Anomaly
2024-12-16 08:45:00,2.0138896,Latency Anomaly
2024-12-16 08:50:00,1.9938918,Latency Anomaly
2024-12-16 08:55:00,1.9650165,Latency Anomaly
2024-12-16 09:00:00,1.9598527,Latency Anomaly
2024-12-16 09:05:00,1.9126328,Latency Anomaly
2024-12-16 09:10:00,1.9049585,Latency Anomaly
2024-12-16 09:15:00,1.8856949,Latency Anomaly
2024-12-16 09:20:00,1.8782313,Latency Anomaly
2024-12-16 09:25:00,1.8600105,Latency Anomaly
2024-12-16 09:30:00,1.844651,Latency Anomaly
2024-12-16 09:35:00,1.8192158,Latency Anomaly
2024-12-16 09:40:00,1.8047509,Latency Anomaly
2024-12-16 09:45:00,1.7845048,Latency Anomaly
2024-12-16 09:50:00,1.7432061,Latency Anomaly
2024-12-16 09:55:00,1.717434,Latency Anomaly
2024-12-16 10:00:00,1.6970519,Latency Anomaly
2024-12-16 10:05:00,1.6869904,Latency Anomaly
2024-12-16 10:10:00,1.690566,Latency Anomaly
2024-12-16 10:15:00,1.6717681,Latency Anomaly
2024-12-16 10:20:00,1.6695594,Latency Anomaly
2024-12-16 10:25:00,1.6108903,Latency Anomaly
2024-12-16 10:30:00,1.5992551,Latency Anomaly
2024-12-16 10:35:00,1.5940028,Latency Anomaly
2024-12-16 10:40:00,1.5863283,Latency Anomaly
2024-12-16 10:45:00,1.5852033,Latency Anomaly
2024-12-16 10:50:00,1.583209,Latency Anomaly
2024-12-16 10:55:00,1.5745249,Latency Anomaly
2024-12-16 11:00:00,1.5898465,Latency Anomaly
2024-12-16 11:05:00,1.5938325,Latency Anomaly
2024-12-16 11:10:00,1.5933732,Latency Anomaly
2024-12-16 11:15:00,1.6008046,Latency Anomaly
2024-12-16 11:20:00,1.6029625,Latency Anomaly
2024-12-16 11:25:00,1.6097357,Latency Anomaly
2024-12-16 11:30:00,1.624763,Latency Anomaly
2024-12-16 11:35:00,1.6309938,Latency Anomaly
2024-12-16 11:40:00,1.6479373,Latency Anomaly
2024-12-16 11:45:00,1.6563197,Latency Anomaly
2024-12-16 11:50:00,1.660712,Latency Anomaly
2024-12-16 11:55:00,1.6663908,Latency Anomaly
2024-12-16 12:00:00,1.6778766,Latency Anomaly
2024-12-16 12:05:00,1.6814078,Latency Anomaly
2024-12-16 12:10:00,1.6977605,Latency Anomaly
2024-12-16 12:15:00,1.6990378,Latency Anomaly
2024-12-16 12:20:00,1.7116265,Latency Anomaly
2024-12-16 12:25:00,1.7282531,Latency Anomaly
2024-12-16 12:30:00,1.7465838,Latency Anomaly
2024-12-16 12:35:00,1.7494828,Latency Anomaly
2024-12-16 12:40:00,1.7628212,Latency Anomaly
2024-12-16 12:45:00,1.7791959,Latency Anomaly
2024-12-16 12:50:00,1.8002466,Latency Anomaly
2024-12-16 12:55:00,1.8150325,Latency Anomaly
2024-12-16 13:00:00,1.8345009,Latency Anomaly
2024-12-16 13:05:00,1.8496989,Latency Anomaly
2024-12-16 13:10:00,1.8675128,Latency Anomaly
2024-12-16 13:15:00,1.8736924,Latency Anomaly
2024-12-16 13:20:00,1.8825432,Latency Anomaly
2024-12-16 13:25:00,1.9040327,Latency Anomaly
2024-12-16 13:30:00,1.9174211,Latency Anomaly
2024-12-16 13:35:00,1.9312989,Latency Anomaly
2024-12-16 13:40:00,1.9551228,Latency Anomaly
2024-12-16 13:45:00,1.9703219,Latency Anomaly
2024-12-16 13:50:00,1.9934889,Latency Anomaly
2024-12-16 13:55:00,2.0117643,Latency Anomaly
2024-12-16 14:00:00,2.0203478,Latency Anomaly
2024-12-16 14:05:00,2.0295935,Latency Anomaly
2024-12-16 14:10:00,2.0358777,Latency Anomaly
2024-12-16 14:15:00,2.0485501,Latency Anomaly
2024-12-16 14:20:00,2.0665183,Latency Anomaly
2024-12-16 14:25:00,2.0850391,Latency Anomaly
2024-12-16 14:30:00,2.1041284,Latency Anomaly
2024-12-16 14:35:00,2.1079285,Latency Anomaly
2024-12-16 14:40:00,2.1271276,Latency Anomaly
2024-12-16 14:45:00,2.1366682,Latency Anomaly
2024-12-16 14:50:00,2.153261,Latency Anomaly
2024-12-16 14:55:00,2.1748762,Latency Anomaly
2024-12-16 15:00:00,2.1872842,Latency Anomaly
2024-12-16 15:05:00,2.203141,Latency Anomaly
2024-12-16 15:10:00,2.211181,Latency Anomaly
2024-12-16 15:15:00,2.2213907,Latency Anomaly
2024-12-16 15:20:00,2.232885,Latency Anomaly
2024-12-16 15:25:00,2.2453744,Latency Anomaly
2024-12-16 15:30:00,2.266045,Latency Anomaly
2024-12-16 15:35:00,2.2801452,Latency Anomaly
2024-12-16 15:40:00,2.3023298,Latency Anomaly
2024-12-16 15:45:00,2.316785,Latency Anomaly
2024-12-16 15:50:00,2.3350987,Latency Anomaly
2024-12-16 15:55:00,2.3449302,Latency Anomaly
2024-12-16 16:00:00,2.3507838,Latency Anomaly
2024-12-16 16:05:00,2.3567772,Latency Anomaly
2024-12-16 16:10:00,2.3660731,Latency Anomaly
2024-12-16 16:15:00,2.3771145,Latency Anomaly
2024-12-16 16:20:00,2.3838565,Latency Anomaly
2024-12-16 16:25:00,2.401367,Latency Anomaly
2024-12-16 16:30:00,2.3979812,Latency Anomaly
2024-12-16 16:35:00,2.4063456,Latency Anomaly
2024-12-16 16:40:00,2.4026744,Latency Anomaly
2024-12-16 16:45:00,2.4088616,Latency Anomaly
2024-12-16 16:50:00,2.4174216,Latency Anomaly
2024-12-16 16:55:00,2.432284,Latency Anomaly
2024-12-16 17:00:00,2.4227614,Latency Anomaly
2024-12-16 17:05:00,2.4179235,Latency Anomaly
2024-12-16 17:10:00,2.4192026,Latency Anomaly
2024-12-16 17:15:00,2.4252262,Latency Anomaly
2024-12-16 17:20:00,2.440498,Latency Anomaly
2024-12-16 17:25:00,2.4345403,Latency Anomaly
2024-12-16 17:30:00,2.4273436,Latency Anomaly
2024-12-16 17:35:00,2.4258213,Latency Anomaly
2024-12-16 17:40:00,2.4109023,Latency Anomaly
2024-12-16 17:45:00,2.4090967,Latency Anomaly
2024-12-16 17:50:00,2.4190664,Latency Anomaly
2024-12-16 17:55:00,2.4192138,Latency Anomaly
2024-12-16 18:00:00,2.412461,Latency Anomaly
2024-12-16 18:05:00,2.409434,Latency Anomaly
2024-12-16 18:10:00,2.4018536,Latency Anomaly
2024-12-16 18:15:00,2.3949215,Latency Anomaly
2024-12-16 18:20:00,2.3831105,Latency Anomaly
2024-12-16 18:25:00,2.3799791,Latency Anomaly
2024-12-16 18:30:00,2.3728147,Latency Anomaly
2024-12-16 18:35:00,2.3706503,Latency Anomaly
2024-12-16 18:40:00,2.36206,Latency Anomaly
2024-12-16 18:45:00,2.3531291,Latency Anomaly
2024-12-16 18:50:00,2.3364594,Latency Anomaly
2024-12-16 18:55:00,2.3279295,Latency Anomaly
2024-12-16 19:00:00,2.3223445,Latency Anomaly
2024-12-16 19:05:00,2.3132517,Latency Anomaly
2024-12-16 19:10:00,2.2978888,Latency Anomaly
2024-12-16 19:15:00,2.2821882,Latency Anomaly
2024-12-16 19:20:00,2.2704785,Latency Anomaly
2024-12-16 19:25:00,2.2513871,Latency Anomaly
2024-12-16 19:30:00,2.2407668,Latency Anomaly
2024-12-16 19:35:00,2.22467,Latency Anomaly
2024-12-16 19:40:00,2.2112436,Latency Anomaly
2024-12-16 19:45:00,2.200875,Latency Anomaly
2024-12-16 19:50:00,2.184174,Latency Anomaly
2024-12-16 19:55:00,2.1661415,Latency Anomaly
2024-12-16 20:00:00,2.1557171,Latency Anomaly
2024-12-16 20:05:00,2.1388047,Latency Anomaly
2024-12-16 20:10:00,2.1327455,Latency Anomaly
2024-12-16 20:15:00,2.11678,Latency Anomaly
2024-12-16 20:20:00,2.0948043,Latency Anomaly
2024-12-16 20:25:00,2.0735319,Latency Anomaly
2024-12-16 20:30:00,2.057084,Latency Anomaly
2024-12-16 20:35:00,2.049328,Latency Anomaly
2024-12-16 20:40:00,2.0340543,Latency Anomaly
2024-12-16 20:45:00,2.0210161,Latency Anomaly
2024-12-16 20:50:00,2.0114954,Latency Anomaly
2024-12-16 20:55:00,1.9914403,Latency Anomaly
2024-12-16 21:00:00,1.9751551,Latency Anomaly
2024-12-16 21:05:00,1.9514499,Latency Anomaly
2024-12-16 21:10:00,1.9342394,Latency Anomaly
2024-12-16 21:15:00,1.9232963,Latency Anomaly
2024-12-16 21:20:00,1.9020613,Latency Anomaly
2024-12-16 21:25:00,1.8815483,Latency Anomaly
2024-12-16 21:30:00,1.8596736,Latency Anomaly
2024-12-16 21:35:00,1.8406112,Latency Anomaly
2024-12-16 21:40:00,1.820541,Latency Anomaly
2024-12-16 21:45:00,1.8110994,Latency Anomaly
2024-12-16 21:50:00,1.7864639,Latency Anomaly
2024-12-16 21:55:00,1.7735002,Latency Anomaly
2024-12-16 22:00:00,1.7646141,Latency Anomaly
2024-12-16 22:05:00,1.7638777,Latency Anomaly
2024-12-16 22:10:00,1.7548103,Latency Anomaly
2024-12-16 22:15:00,1.7431407,Latency Anomaly
2024-12-16 22:20:00,1.7437838,Latency Anomaly
2024-12-16 22:25:00,1.7249937,Latency Anomaly
2024-12-16 22:30:00,1.7121397,Latency Anomaly
2024-12-16 22:35:00,1.7038455,Latency Anomaly
2024-12-16 22:40:00,1.6924188,Latency Anomaly
2024-12-16 22:45:00,1.6789857,Latency Anomaly
2024-12-16 22:50:00,1.6594763,Latency Anomaly
2024-12-16 22:55:00,1.6393058,Latency Anomaly
2024-12-16 23:00:00,1.6357926,Latency Anomaly
2024-12-16 23:05:00,1.6334002,Latency Anomaly
2024-12-16 23:10:00,1.6286565,Latency Anomaly
2024-12-16 23:15:00,1.6075755,Latency Anomaly
2024-12-16 23:20:00,1.5860385,Latency Anomaly
2024-12-16 23:25:00,1.5795239,Latency Anomaly
2024-12-16 23:30:00,1.572706,Latency Anomaly
2024-12-16 23:35:00,1.5719595,Latency Anomaly
2024-12-16 23:40:00,1.5678693,Latency Anomaly
2024-12-16 23:45:00,1.5650597,Latency Anomaly
2024-12-16 23:50:00,1.5682079,Latency Anomaly
2024-12-16 23:55:00,1.5816678,Latency Anomaly
2024-12-17 00:00:00,1.5961443,Latency Anomaly
2024-12-17 00:05:00,1.6015021,Latency Anomaly
2024-12-17 00:10:00,1.6138577,Latency Anomaly
2024-12-17 00:15:00,1.669262,Latency Anomaly
2024-12-17 00:20:00,1.6780975,Latency Anomaly
2024-12-17 00:25:00,1.6802508,Latency Anomaly
2024-12-17 00:30:00,1.6743164,Latency Anomaly
2024-12-17 00:35:00,1.6897091,Latency Anomaly
2024-12-17 00:40:00,1.6987418,Latency Anomaly
2024-12-17 00:45:00,1.7168864,Latency Anomaly
2024-12-17 00:50:00,1.7269539,Latency Anomaly
2024-12-17 00:55:00,1.7355001,Latency Anomaly
2024-12-17 01:00:00,1.7495551,Latency Anomaly
2024-12-17 01:05:00,1.811087,Latency Anomaly
2024-12-17 01:10:00,1.840844,Latency Anomaly
2024-12-17 01:15:00,1.8550092,Latency Anomaly
2024-12-17 01:20:00,1.866962,Latency Anomaly
2024-12-17 01:25:00,1.8687155,Latency Anomaly
2024-12-17 01:30:00,1.8843366,Latency Anomaly
2024-12-17 01:35:00,1.8972002,Latency Anomaly
2024-12-17 01:40:00,1.9441172,Latency Anomaly
2024-12-17 01:45:00,1.9425838,Latency Anomaly
2024-12-17 01:50:00,1.9845902,Latency Anomaly
2024-12-17 01:55:00,1.9992411,Latency Anomaly
2024-12-17 02:00:00,2.004051,Latency Anomaly
2024-12-17 02:05:00,2.0424123,Latency Anomaly
2024-12-17 02:10:00,2.0574672,Latency Anomaly
2024-12-17 02:15:00,2.1475518,Latency Anomaly
2024-12-17 02:20:00,2.159947,Latency Anomaly
2024-12-17 02:25:00,2.1861258,Latency Anomaly
2024-12-17 02:30:00,2.2064126,Latency Anomaly
2024-12-17 02:35:00,2.2335918,Latency Anomaly
2024-12-17 02:40:00,2.3052595,Latency Anomaly
2024-12-17 02:45:00,2.3214478,Latency Anomaly
2024-12-17 02:50:00,2.329498,Latency Anomaly
2024-12-17 02:55:00,2.3530915,Latency Anomaly
2024-12-17 03:00:00,2.3575978,Latency Anomaly
2024-12-17 03:05:00,2.374664,Latency Anomaly
2024-12-17 03:10:00,2.3819127,Latency Anomaly
2024-12-17 03:15:00,2.395377,Latency Anomaly
2024-12-17 03:20:00,2.413186,Latency Anomaly
2024-12-17 03:25:00,2.4512477,Latency Anomaly
2024-12-17 03:30:00,2.4739528,Latency Anomaly
2024-12-17 03:35:00,2.5096068,Latency Anomaly
2024-12-17 03:40:00,2.5270758,Latency Anomaly
2024-12-17 03:45:00,2.5435271,Latency Anomaly
2024-12-17 03:50:00,2.589692,Latency Anomaly
2024-12-17 03:55:00,2.6077387,Latency Anomaly
2024-12-17 04:00:00,2.604943,Latency Anomaly
2024-12-17 04:05:00,2.6022446,Latency Anomaly
2024-12-17 04:10:00,2.5999374,Latency Anomaly
2024-12-17 04:15:00,2.6070073,Latency Anomaly
2024-12-17 04:20:00,2.6006978,Latency Anomaly
2024-12-17 04:25:00,2.6175401,Latency Anomaly
2024-12-17 04:30:00,2.6274936,Latency Anomaly
2024-12-17 04:35:00,2.6501868,Latency Anomaly
2024-12-17 04:40:00,2.652543,Latency Anomaly
2024-12-17 04:45:00,2.6696398,Latency Anomaly
2024-12-17 04:50:00,2.694362,Latency Anomaly
2024-12-17 04:55:00,2.6989932,Latency Anomaly
2024-12-17 05:00:00,2.7018707,Latency Anomaly
2024-12-17 05:05:00,2.6944356,Latency Anomaly
2024-12-17 05:10:00,2.6927068,Latency Anomaly
2024-12-17 05:15:00,2.6938844,Latency Anomaly
2024-12-17 05:20:00,2.7081661,Latency Anomaly
2024-12-17 05:25:00,2.710497,Latency Anomaly
2024-12-17 05:30:00,2.7141845,Latency Anomaly
2024-12-17 05:35:00,2.7077763,Latency Anomaly
2024-12-17 05:40:00,2.7084305,Latency Anomaly
2024-12-17 05:45:00,2.701073,Latency Anomaly
2024-12-17 05:50:00,2.6810956,Latency Anomaly
2024-12-17 05:55:00,2.667699,Latency Anomaly
2024-12-17 06:00:00,2.6510832,Latency Anomaly
2024-12-17 06:05:00,2.6651237,Latency Anomaly
2024-12-17 06:10:00,2.649032,Latency Anomaly
2024-12-17 06:15:00,2.585093,Latency Anomaly
2024-12-17 06:20:00,2.5759404,Latency Anomaly
2024-12-17 06:25:00,2.5644784,Latency Anomaly
2024-12-17 06:30:00,2.5636535,Latency Anomaly
2024-12-17 06:35:00,2.5433712,Latency Anomaly
2024-12-17 06:40:00,2.5467803,Latency Anomaly
2024-12-17 06:45:00,2.5266125,Latency Anomaly
2024-12-17 06:50:00,2.5266933,Latency Anomaly
2024-12-17 06:55:00,2.5210285,Latency Anomaly
2024-12-17 07:00:00,2.4990153,Latency Anomaly
2024-12-17 07:05:00,2.4343479,Latency Anomaly
2024-12-17 07:10:00,2.39896,Latency Anomaly
2024-12-17 07:15:00,2.3803349,Latency Anomaly
2024-12-17 07:20:00,2.3663008,Latency Anomaly
2024-12-17 07:25:00,2.3664865,Latency Anomaly
2024-12-17 07:30:00,2.350243,Latency Anomaly
2024-12-17 07:35:00,2.3448956,Latency Anomaly
2024-12-17 07:40:00,2.2986624,Latency Anomaly
2024-12-17 07:45:00,2.30498,Latency Anomaly
2024-12-17 07:50:00,2.2566817,Latency Anomaly
2024-12-17 07:55:00,2.2515938,Latency Anomaly
2024-12-17 08:00:00,2.2469728,Latency Anomaly
2024-12-17 08:05:00,2.2148783,Latency Anomaly
2024-12-17 08:10:00,2.1988716,Latency Anomaly
2024-12-17 08:15:00,2.1132987,Latency Anomaly
2024-12-17 08:20:00,2.1107442,Latency Anomaly
2024-12-17 08:25:00,2.0849185,Latency Anomaly
2024-12-17 08:30:00,2.0596943,Latency Anomaly
2024-12-17 08:35:00,2.034404,Latency Anomaly
2024-12-17 08:40:00,1.9733444,Latency Anomaly
2024-12-17 08:45:00,1.9545038,Latency Anomaly
2024-12-17 08:50:00,1.9382173,Latency Anomaly
2024-12-17 08:55:00,1.9134998,Latency Anomaly
2024-12-17 09:00:00,1.911392,Latency Anomaly
2024-12-17 09:05:00,1.9044107,Latency Anomaly
2024-12-17 09:10:00,1.9028788,Latency Anomaly
2024-12-17 09:15:00,1.8929331,Latency Anomaly
2024-12-17 09:20:00,1.8749455,Latency Anomaly
2024-12-17 09:25:00,1.8453423,Latency Anomaly
2024-12-17 09:30:00,1.823146,Latency Anomaly
2024-12-17 09:35:00,1.7905159,Latency Anomaly
2024-12-17 09:40:00,1.7780515,Latency Anomaly
2024-12-17 09:45:00,1.7557844,Latency Anomaly
2024-12-17 09:50:00,1.7196051,Latency Anomaly
2024-12-17 09:55:00,1.7079337,Latency Anomaly
2024-12-17 10:00:00,1.7178383,Latency Anomaly
2024-12-17 10:05:00,1.7176598,Latency Anomaly
2024-12-17 10:10:00,1.7219714,Latency Anomaly
2024-12-17 10:15:00,1.7170012,Latency Anomaly
2024-12-17 10:20:00,1.7143481,Latency Anomaly
2024-12-17 10:25:00,1.7011075,Latency Anomaly
2024-12-17 10:30:00,1.6952367,Latency Anomaly
2024-12-17 10:35:00,1.6713737,Latency Anomaly
2024-12-17 10:40:00,1.6750289,Latency Anomaly
2024-12-17 10:45:00,1.6670029,Latency Anomaly
2024-12-17 10:50:00,1.6513511,Latency Anomaly
2024-12-17 10:55:00,1.6473211,Latency Anomaly
2024-12-17 11:00:00,1.6481736,Latency Anomaly
2024-12-17 11:05:00,1.6534597,Latency Anomaly
2024-12-17 11:10:00,1.6604836,Latency Anomaly
2024-12-17 11:15:00,1.6725061,Latency Anomaly
2024-12-17 11:20:00,1.6731827,Latency Anomaly
2024-12-17 11:25:00,1.6819767,Latency Anomaly
2024-12-17 11:30:00,1.6867379,Latency Anomaly
2024-12-17 11:35:00,1.6992835,Latency Anomaly
2024-12-17 11:40:00,1.7109447,Latency Anomaly
2024-12-17 11:45:00,1.7154883,Latency Anomaly
2024-12-17 11:50:00,1.7200319,Latency Anomaly
2024-12-17 11:55:00,1.7176932,Latency Anomaly
2024-12-17 12:00:00,1.7315128,Latency Anomaly
2024-12-17 12:05:00,1.7151581,Latency Anomaly
2024-12-17 12:10:00,1.7235507,Latency Anomaly
2024-12-17 12:15:00,1.7447482,Latency Anomaly
2024-12-17 12:20:00,1.7587459,Latency Anomaly
2024-12-17 12:25:00,1.7721034,Latency Anomaly
2024-12-17 12:30:00,1.7837201,Latency Anomaly
2024-12-17 12:35:00,1.8021234,Latency Anomaly
2024-12-17 12:40:00,1.8097874,Latency Anomaly
2024-12-17 12:45:00,1.824567,Latency Anomaly
2024-12-17 12:50:00,1.832541,Latency Anomaly
2024-12-17 12:55:00,1.8422866,Latency Anomaly
2024-12-17 13:00:00,1.8595178,Latency Anomaly
2024-12-17 13:05:00,1.8742386,Latency Anomaly
2024-12-17 13:10:00,1.8902007,Latency Anomaly
2024-12-17 13:15:00,1.902967,Latency Anomaly
2024-12-17 13:20:00,1.9265504,Latency Anomaly
2024-12-17 13:25:00,1.9411291,Latency Anomaly
2024-12-17 13:30:00,1.9482417,Latency Anomaly
2024-12-17 13:35:00,1.9541309,Latency Anomaly
2024-12-17 13:40:00,1.9710008,Latency Anomaly
2024-12-17 13:45:00,1.9794875,Latency Anomaly
2024-12-17 13:50:00,1.9933507,Latency Anomaly
2024-12-17 13:55:00,1.9977707,Latency Anomaly
2024-12-17 14:00:00,2.0178413,Latency Anomaly
2024-12-17 14:05:00,2.0309458,Latency Anomaly
2024-12-17 14:10:00,2.0417023,Latency Anomaly
2024-12-17 14:15:00,2.0559955,Latency Anomaly
2024-12-17 14:20:00,2.0708992,Latency Anomaly
2024-12-17 14:25:00,2.0910168,Latency Anomaly
2024-12-17 14:30:00,2.1080787,Latency Anomaly
2024-12-17 14:35:00,2.116148,Latency Anomaly
2024-12-17 14:40:00,2.126237,Latency Anomaly
2024-12-17 14:45:00,2.1471262,Latency Anomaly
2024-12-17 14:50:00,2.1629317,Latency Anomaly
2024-12-17 14:55:00,2.1835902,Latency Anomaly
2024-12-17 15:00:00,2.1958745,Latency Anomaly
2024-12-17 15:05:00,2.2057014,Latency Anomaly
2024-12-17 15:10:00,2.2204354,Latency Anomaly
2024-12-17 15:15:00,2.235635,Latency Anomaly
2024-12-17 15:20:00,2.255959,Latency Anomaly
2024-12-17 15:25:00,2.266054,Latency Anomaly
2024-12-17 15:30:00,2.2794688,Latency Anomaly
2024-12-17 15:35:00,2.2962778,Latency Anomaly
2024-12-17 15:40:00,2.3092635,Latency Anomaly
2024-12-17 15:45:00,2.323585,Latency Anomaly
2024-12-17 15:50:00,2.3351228,Latency Anomaly
2024-12-17 15:55:00,2.3561778,Latency Anomaly
2024-12-17 16:00:00,2.3568168,Latency Anomaly
2024-12-17 16:05:00,2.3708324,Latency Anomaly
2024-12-17 16:10:00,2.3748937,Latency Anomaly
2024-12-17 16:15:00,2.3893144,Latency Anomaly
2024-12-17 16:20:00,2.4051802,Latency Anomaly
2024-12-17 16:25:00,2.4146893,Latency Anomaly
2024-12-17 16:30:00,2.4314942,Latency Anomaly
2024-12-17 16:35:00,2.4393082,Latency Anomaly
2024-12-17 16:40:00,2.451181,Latency Anomaly
2024-12-17 16:45:00,2.457698,Latency Anomaly
2024-12-17 16:50:00,2.475828,Latency Anomaly
2024-12-17 16:55:00,2.49213,Latency Anomaly
2024-12-17 17:00:00,2.4922473,Latency Anomaly
2024-12-17 17:05:00,2.500301,Latency Anomaly
2024-12-17 17:10:00,2.5040388,Latency Anomaly
2024-12-17 17:15:00,2.4955952,Latency Anomaly
2024-12-17 17:20:00,2.493346,Latency Anomaly
2024-12-17 17:25:00,2.495965,Latency Anomaly
2024-12-17 17:30:00,2.497097,Latency Anomaly
2024-12-17 17:35:00,2.488994,Latency Anomaly
2024-12-17 17:40:00,2.4893785,Latency Anomaly
2024-12-17 17:45:00,2.503681,Latency Anomaly
2024-12-17 17:50:00,2.501498,Latency Anomaly
2024-12-17 17:55:00,2.5142188,Latency Anomaly
2024-12-17 18:00:00,2.5035584,Latency Anomaly
2024-12-17 18:05:00,2.5043542,Latency Anomaly
2024-12-17 18:10:00,2.5016663,Latency Anomaly
2024-12-17 18:15:00,2.487579,Latency Anomaly
2024-12-17 18:20:00,2.4725332,Latency Anomaly
2024-12-17 18:25:00,2.460067,Latency Anomaly
2024-12-17 18:30:00,2.4574492,Latency Anomaly
2024-12-17 18:35:00,2.4371057,Latency Anomaly
2024-12-17 18:40:00,2.429175,Latency Anomaly
2024-12-17 18:45:00,2.4231944,Latency Anomaly
2024-12-17 18:50:00,2.4127007,Latency Anomaly
2024-12-17 18:55:00,2.4068146,Latency Anomaly
2024-12-17 19:00:00,2.3840895,Latency Anomaly
2024-12-17 19:05:00,2.4039965,Latency Anomaly
2024-12-17 19:10:00,2.389787,Latency Anomaly
2024-12-17 19:15:00,2.3808076,Latency Anomaly
2024-12-17 19:20:00,2.3617759,Latency Anomaly
2024-12-17 19:25:00,2.3458607,Latency Anomaly
2024-12-17 19:30:00,2.3437228,Latency Anomaly
2024-12-17 19:35:00,2.333648,Latency Anomaly
2024-12-17 19:40:00,2.3087223,Latency Anomaly
2024-12-17 19:45:00,2.3012369,Latency Anomaly
2024-12-17 19:50:00,2.290123,Latency Anomaly
2024-12-17 19:55:00,2.277352,Latency Anomaly
2024-12-17 20:00:00,2.2560697,Latency Anomaly
2024-12-17 20:05:00,2.2463217,Latency Anomaly
2024-12-17 20:10:00,2.232727,Latency Anomaly
2024-12-17 20:15:00,2.2195938,Latency Anomaly
2024-12-17 20:20:00,2.2064538,Latency Anomaly
2024-12-17 20:25:00,2.195378,Latency Anomaly
2024-12-17 20:30:00,2.1806705,Latency Anomaly
2024-12-17 20:35:00,2.1690497,Latency Anomaly
2024-12-17 20:40:00,2.151074,Latency Anomaly
2024-12-17 20:45:00,2.128788,Latency Anomaly
2024-12-17 20:50:00,2.1085546,Latency Anomaly
2024-12-17 20:55:00,2.092009,Latency Anomaly
2024-12-17 21:00:00,2.0750606,Latency Anomaly
2024-12-17 21:05:00,2.0741842,Latency Anomaly
2024-12-17 21:10:00,2.0529957,Latency Anomaly
2024-12-17 21:15:00,2.0357459,Latency Anomaly
2024-12-17 21:20:00,2.0121925,Latency Anomaly
2024-12-17 21:25:00,2.0072849,Latency Anomaly
2024-12-17 21:30:00,1.9949112,Latency Anomaly
2024-12-17 21:35:00,1.9816235,Latency Anomaly
2024-12-17 21:40:00,1.9608723,Latency Anomaly
2024-12-17 21:45:00,1.942021,Latency Anomaly
2024-12-17 21:50:00,1.9311529,Latency Anomaly
2024-12-17 21:55:00,1.9035248,Latency Anomaly
2024-12-17 22:00:00,1.897776,Latency Anomaly
2024-12-17 22:05:00,1.8812542,Latency Anomaly
2024-12-17 22:10:00,1.8657258,Latency Anomaly
2024-12-17 22:15:00,1.8463416,Latency Anomaly
2024-12-17 22:20:00,1.8331192,Latency Anomaly
2024-12-17 22:25:00,1.8263507,Latency Anomaly
2024-12-17 22:30:00,1.8091562,Latency Anomaly
2024-12-17 22:35:00,1.8017371,Latency Anomaly
2024-12-17 22:40:00,1.7839677,Latency Anomaly
2024-12-17 22:45:00,1.7793812,Latency Anomaly
2024-12-17 22:50:00,1.7545874,Latency Anomaly
2024-12-17 22:55:00,1.7426716,Latency Anomaly
2024-12-17 23:00:00,1.7493438,Latency Anomaly
2024-12-17 23:05:00,1.7433908,Latency Anomaly
2024-12-17 23:10:00,1.7291876,Latency Anomaly
2024-12-17 23:15:00,1.733126,Latency Anomaly
2024-12-17 23:20:00,1.7303308,Latency Anomaly
2024-12-17 23:25:00,1.7241929,Latency Anomaly
2024-12-17 23:30:00,1.7191806,Latency Anomaly
2024-12-17 23:35:00,1.7159435,Latency Anomaly
2024-12-17 23:40:00,1.7039183,Latency Anomaly
2024-12-17 23:45:00,1.6967015,Latency Anomaly
2024-12-17 23:50:00,1.694552,Latency Anomaly
2024-12-17 23:55:00,1.6952573,Latency Anomaly
2024-12-18 00:00:00,1.7039388,Latency Anomaly
2024-12-18 00:05:00,1.6959594,Latency Anomaly
2024-12-18 00:10:00,1.7024583,Latency Anomaly
2024-12-18 00:15:00,1.705922,Latency Anomaly
2024-12-18 00:20:00,1.7108718,Latency Anomaly
2024-12-18 00:25:00,1.7362193,Latency Anomaly
2024-12-18 00:30:00,1.7279689,Latency Anomaly
2024-12-18 00:35:00,1.746206,Latency Anomaly
2024-12-18 00:40:00,1.7412932,Latency Anomaly
2024-12-18 00:45:00,1.7370032,Latency Anomaly
2024-12-18 00:50:00,1.739763,Latency Anomaly
2024-12-18 00:55:00,1.7371761,Latency Anomaly
2024-12-18 01:00:00,1.7585168,Latency Anomaly
2024-12-18 01:05:00,1.7292826,Latency Anomaly
2024-12-18 01:10:00,1.7423183,Latency Anomaly
2024-12-18 01:15:00,1.7652636,Latency Anomaly
2024-12-18 01:20:00,1.7775117,Latency Anomaly
2024-12-18 01:25:00,1.8035717,Latency Anomaly
2024-12-18 01:30:00,1.8406196,Latency Anomaly
2024-12-18 01:35:00,1.8656329,Latency Anomaly
2024-12-18 01:40:00,1.8864728,Latency Anomaly
2024-12-18 01:45:00,1.895941,Latency Anomaly
2024-12-18 01:50:00,1.9070772,Latency Anomaly
2024-12-18 01:55:00,1.9227285,Latency Anomaly
2024-12-18 02:00:00,1.9477769,Latency Anomaly
2024-12-18 02:05:00,1.9621865,Latency Anomaly
2024-12-18 02:10:00,1.9942234,Latency Anomaly
2024-12-18 02:15:00,2.0275638,Latency Anomaly
2024-12-18 02:20:00,2.0480204,Latency Anomaly
2024-12-18 02:25:00,2.0686102,Latency Anomaly
2024-12-18 02:30:00,2.0918622,Latency Anomaly
2024-12-18 02:35:00,2.1072402,Latency Anomaly
2024-12-18 02:40:00,2.1151416,Latency Anomaly
2024-12-18 02:45:00,2.1308544,Latency Anomaly
2024-12-18 02:50:00,2.1425683,Latency Anomaly
2024-12-18 02:55:00,2.1533806,Latency Anomaly
2024-12-18 03:00:00,2.1673126,Latency Anomaly
2024-12-18 03:05:00,2.175556,Latency Anomaly
2024-12-18 03:10:00,2.1909535,Latency Anomaly
2024-12-18 03:15:00,2.1969361,Latency Anomaly
2024-12-18 03:20:00,2.2069724,Latency Anomaly
2024-12-18 03:25:00,2.218714,Latency Anomaly
2024-12-18 03:30:00,2.2228005,Latency Anomaly
2024-12-18 03:35:00,2.2409968,Latency Anomaly
2024-12-18 03:40:00,2.2538996,Latency Anomaly
2024-12-18 03:45:00,2.2836154,Latency Anomaly
2024-12-18 03:50:00,2.2953408,Latency Anomaly
2024-12-18 03:55:00,2.2994912,Latency Anomaly
2024-12-18 04:00:00,2.3080027,Latency Anomaly
2024-12-18 04:05:00,2.3238955,Latency Anomaly
2024-12-18 04:10:00,2.3382387,Latency Anomaly
2024-12-18 04:15:00,2.3464482,Latency Anomaly
2024-12-18 04:20:00,2.3437433,Latency Anomaly
2024-12-18 04:25:00,2.3404448,Latency Anomaly
2024-12-18 04:30:00,2.34298,Latency Anomaly
2024-12-18 04:35:00,2.379976,Latency Anomaly
2024-12-18 04:40:00,2.379508,Latency Anomaly
2024-12-18 04:45:00,2.3910377,Latency Anomaly
2024-12-18 04:50:00,2.4005666,Latency Anomaly
2024-12-18 04:55:00,2.4064903,Latency Anomaly
2024-12-18 05:00:00,2.4037237,Latency Anomaly
2024-12-18 05:05:00,2.3952255,Latency Anomaly
2024-12-18 05:10:00,2.402542,Latency Anomaly
2024-12-18 05:15:00,2.3953662,Latency Anomaly
2024-12-18 05:20:00,2.384293,Latency Anomaly
2024-12-18 05:25:00,2.3857892,Latency Anomaly
2024-12-18 05:30:00,2.3942997,Latency Anomaly
2024-12-18 05:35:00,2.3987856,Latency Anomaly
2024-12-18 05:40:00,2.4038959,Latency Anomaly
2024-12-18 05:45:00,2.3963363,Latency Anomaly
2024-12-18 05:50:00,2.3904831,Latency Anomaly
2024-12-18 05:55:00,2.3746924,Latency Anomaly
2024-12-18 06:00:00,2.3690233,Latency Anomaly
2024-12-18 06:05:00,2.362462,Latency Anomaly
2024-12-18 06:10:00,2.3472645,Latency Anomaly
2024-12-18 06:15:00,2.3404331,Latency Anomaly
2024-12-18 06:20:00,2.3323205,Latency Anomaly
2024-12-18 06:25:00,2.3108766,Latency Anomaly
2024-12-18 06:30:00,2.310074,Latency Anomaly
2024-12-18 06:35:00,2.3013139,Latency Anomaly
2024-12-18 06:40:00,2.2865317,Latency Anomaly
2024-12-18 06:45:00,2.2756298,Latency Anomaly
2024-12-18 06:50:00,2.266166,Latency Anomaly
2024-12-18 06:55:00,2.259841,Latency Anomaly
2024-12-18 07:00:00,2.2347968,Latency Anomaly
2024-12-18 07:05:00,2.2311537,Latency Anomaly
2024-12-18 07:10:00,2.22379,Latency Anomaly
2024-12-18 07:15:00,2.2089427,Latency Anomaly
2024-12-18 07:20:00,2.198568,Latency Anomaly
2024-12-18 07:25:00,2.1692123,Latency Anomaly
2024-12-18 07:30:00,2.1213708,Latency Anomaly
2024-12-18 07:35:00,2.0982184,Latency Anomaly
2024-12-18 07:40:00,2.0820086,Latency Anomaly
2024-12-18 07:45:00,2.0772002,Latency Anomaly
2024-12-18 07:50:00,2.0667546,Latency Anomaly
2024-12-18 07:55:00,2.0605044,Latency Anomaly
2024-12-18 08:00:00,2.0344481,Latency Anomaly
2024-12-18 08:05:00,2.0201108,Latency Anomaly
2024-12-18 08:10:00,1.9949988,Latency Anomaly
2024-12-18 08:15:00,1.9635416,Latency Anomaly
2024-12-18 08:20:00,1.9325399,Latency Anomaly
2024-12-18 08:25:00,1.9041486,Latency Anomaly
2024-12-18 08:30:00,1.8801706,Latency Anomaly
2024-12-18 08:35:00,1.8561428,Latency Anomaly
2024-12-18 08:40:00,1.8438132,Latency Anomaly
2024-12-18 08:45:00,1.8272961,Latency Anomaly
2024-12-18 08:50:00,1.8239301,Latency Anomaly
2024-12-18 08:55:00,1.8124844,Latency Anomaly
2024-12-18 09:00:00,1.804756,Latency Anomaly
2024-12-18 09:05:00,1.7859111,Latency Anomaly
2024-12-18 09:10:00,1.7781341,Latency Anomaly
2024-12-18 09:15:00,1.7825086,Latency Anomaly
2024-12-18 09:20:00,1.7758876,Latency Anomaly
2024-12-18 09:25:00,1.7604073,Latency Anomaly
2024-12-18 09:30:00,1.7481495,Latency Anomaly
2024-12-18 09:35:00,1.7311646,Latency Anomaly
2024-12-18 09:40:00,1.7252798,Latency Anomaly
2024-12-18 09:45:00,1.7099868,Latency Anomaly
2024-12-18 09:50:00,1.702875,Latency Anomaly
2024-12-18 09:55:00,1.6995485,Latency Anomaly
2024-12-18 10:00:00,1.691404,Latency Anomaly
2024-12-18 10:05:00,1.6810899,Latency Anomaly
2024-12-18 10:10:00,1.6714169,Latency Anomaly
2024-12-18 10:15:00,1.6680344,Latency Anomaly
2024-12-18 10:20:00,1.6677192,Latency Anomaly
2024-12-18 10:25:00,1.6655948,Latency Anomaly
2024-12-18 10:30:00,1.669922,Latency Anomaly
2024-12-18 10:35:00,1.630209,Latency Anomaly
2024-12-18 10:40:00,1.6378474,Latency Anomaly
2024-12-18 10:45:00,1.6270316,Latency Anomaly
2024-12-18 10:50:00,1.6236578,Latency Anomaly
2024-12-18 10:55:00,1.6213053,Latency Anomaly
2024-12-18 11:00:00,1.6227113,Latency Anomaly
2024-12-18 11:05:00,1.6287991,Latency Anomaly
2024-12-18 11:10:00,1.6306881,Latency Anomaly
2024-12-18 11:15:00,1.6621984,Latency Anomaly
2024-12-18 11:20:00,1.6730895,Latency Anomaly
2024-12-18 11:25:00,1.6762629,Latency Anomaly
2024-12-18 11:30:00,1.6801409,Latency Anomaly
2024-12-18 11:35:00,1.6807698,Latency Anomaly
2024-12-18 11:40:00,1.6857723,Latency Anomaly
2024-12-18 11:45:00,1.6903346,Latency Anomaly
2024-12-18 11:50:00,1.697676,Latency Anomaly
2024-12-18 11:55:00,1.7011219,Latency Anomaly
2024-12-18 12:00:00,1.7027705,Latency Anomaly
2024-12-18 12:05:00,1.723318,Latency Anomaly
2024-12-18 12:10:00,1.741349,Latency Anomaly
2024-12-18 12:15:00,1.7512909,Latency Anomaly
2024-12-18 12:20:00,1.7670698,Latency Anomaly
2024-12-18 12:25:00,1.7773173,Latency Anomaly
2024-12-18 12:30:00,1.7859248,Latency Anomaly
2024-12-18 12:35:00,1.7830058,Latency Anomaly
2024-12-18 12:40:00,1.7991841,Latency Anomaly
2024-12-18 12:45:00,1.8141441,Latency Anomaly
2024-12-18 12:50:00,1.8256509,Latency Anomaly
2024-12-18 12:55:00,1.8391196,Latency Anomaly
2024-12-18 13:00:00,1.8628168,Latency Anomaly
2024-12-18 13:05:00,1.8705938,Latency Anomaly
2024-12-18 13:10:00,1.8852861,Latency Anomaly
2024-12-18 13:15:00,1.89392,Latency Anomaly
2024-12-18 13:20:00,1.9072934,Latency Anomaly
2024-12-18 13:25:00,1.9348474,Latency Anomaly
2024-12-18 13:30:00,1.9682686,Latency Anomaly
2024-12-18 13:35:00,1.9729078,Latency Anomaly
2024-12-18 13:40:00,1.988803,Latency Anomaly
2024-12-18 13:45:00,1.9947367,Latency Anomaly
2024-12-18 13:50:00,2.0004468,Latency Anomaly
2024-12-18 13:55:00,2.0073965,Latency Anomaly
2024-12-18 14:00:00,2.0259805,Latency Anomaly
2024-12-18 14:05:00,2.0332363,Latency Anomaly
2024-12-18 14:10:00,2.0415988,Latency Anomaly
2024-12-18 14:15:00,2.0529141,Latency Anomaly
2024-12-18 14:20:00,2.071746,Latency Anomaly
2024-12-18 14:25:00,2.094619,Latency Anomaly
2024-12-18 14:30:00,2.1212018,Latency Anomaly
2024-12-18 14:35:00,2.1436,Latency Anomaly
2024-12-18 14:40:00,2.1706855,Latency Anomaly
2024-12-18 14:45:00,2.1940844,Latency Anomaly
2024-12-18 14:50:00,2.2036636,Latency Anomaly
2024-12-18 14:55:00,2.2248664,Latency Anomaly
2024-12-18 15:00:00,2.2366676,Latency Anomaly
2024-12-18 15:05:00,2.2514186,Latency Anomaly
2024-12-18 15:10:00,2.2635098,Latency Anomaly
2024-12-18 15:15:00,2.269134,Latency Anomaly
2024-12-18 15:20:00,2.2862082,Latency Anomaly
2024-12-18 15:25:00,2.2902095,Latency Anomaly
2024-12-18 15:30:00,2.3065476,Latency Anomaly
2024-12-18 15:35:00,2.3196516,Latency Anomaly
2024-12-18 15:40:00,2.3294396,Latency Anomaly
2024-12-18 15:45:00,2.3317103,Latency Anomaly
2024-12-18 15:50:00,2.3435807,Latency Anomaly
2024-12-18 15:55:00,2.3594534,Latency Anomaly
2024-12-18 16:00:00,2.3693812,Latency Anomaly
2024-12-18 16:05:00,2.3763158,Latency Anomaly
2024-12-18 16:10:00,2.3873577,Latency Anomaly
2024-12-18 16:15:00,2.3995013,Latency Anomaly
2024-12-18 16:20:00,2.403302,Latency Anomaly
2024-12-18 16:25:00,2.4163094,Latency Anomaly
2024-12-18 16:30:00,2.4234447,Latency Anomaly
2024-12-18 16:35:00,2.4338624,Latency Anomaly
2024-12-18 16:40:00,2.4330337,Latency Anomaly
2024-12-18 16:45:00,2.4379241,Latency Anomaly
2024-12-18 16:50:00,2.4440193,Latency Anomaly
2024-12-18 16:55:00,2.4439886,Latency Anomaly
2024-12-18 17:00:00,2.4411426,Latency Anomaly
2024-12-18 17:05:00,2.4552453,Latency Anomaly
2024-12-18 17:10:00,2.4532487,Latency Anomaly
2024-12-18 17:15:00,2.4308171,Latency Anomaly
2024-12-18 17:20:00,2.4351008,Latency Anomaly
2024-12-18 17:25:00,2.4402852,Latency Anomaly
2024-12-18 17:30:00,2.4419222,Latency Anomaly
2024-12-18 17:35:00,2.4401464,Latency Anomaly
2024-12-18 17:40:00,2.4413166,Latency Anomaly
2024-12-18 17:45:00,2.4392695,Latency Anomaly
2024-12-18 17:50:00,2.4461625,Latency Anomaly
2024-12-18 17:55:00,2.45023,Latency Anomaly
2024-12-18 18:00:00,2.4440029,Latency Anomaly
2024-12-18 18:05:00,2.4328313,Latency Anomaly
2024-12-18 18:10:00,2.4234567,Latency Anomaly
2024-12-18 18:15:00,2.42125,Latency Anomaly
2024-12-18 18:20:00,2.4111545,Latency Anomaly
2024-12-18 18:25:00,2.4020393,Latency Anomaly
2024-12-18 18:30:00,2.393574,Latency Anomaly
2024-12-18 18:35:00,2.3858771,Latency Anomaly
2024-12-18 18:40:00,2.3777895,Latency Anomaly
2024-12-18 18:45:00,2.3907347,Latency Anomaly
2024-12-18 18:50:00,2.3826635,Latency Anomaly
2024-12-18 18:55:00,2.3740852,Latency Anomaly
2024-12-18 19:00:00,2.3498645,Latency Anomaly
2024-12-18 19:05:00,2.3386576,Latency Anomaly
2024-12-18 19:10:00,2.3216422,Latency Anomaly
2024-12-18 19:15:00,2.3101506,Latency Anomaly
2024-12-18 19:20:00,2.292988,Latency Anomaly
2024-12-18 19:25:00,2.271208,Latency Anomaly
2024-12-18 19:30:00,2.2500932,Latency Anomaly
2024-12-18 19:35:00,2.2412908,Latency Anomaly
2024-12-18 19:40:00,2.2334676,Latency Anomaly
2024-12-18 19:45:00,2.2252693,Latency Anomaly
2024-12-18 19:50:00,2.2147698,Latency Anomaly
2024-12-18 19:55:00,2.1985307,Latency Anomaly
2024-12-18 20:00:00,2.185376,Latency Anomaly
2024-12-18 20:05:00,2.1833246,Latency Anomaly
2024-12-18 20:10:00,2.1623907,Latency Anomaly
2024-12-18 20:15:00,2.1444302,Latency Anomaly
2024-12-18 20:20:00,2.1300628,Latency Anomaly
2024-12-18 20:25:00,2.1084795,Latency Anomaly
2024-12-18 20:30:00,2.0790339,Latency Anomaly
2024-12-18 20:35:00,2.062844,Latency Anomaly
2024-12-18 20:40:00,2.0498822,Latency Anomaly
2024-12-18 20:45:00,2.0250044,Latency Anomaly
2024-12-18 20:50:00,2.0167458,Latency Anomaly
2024-12-18 20:55:00,1.9981277,Latency Anomaly
2024-12-18 21:00:00,1.9880377,Latency Anomaly
2024-12-18 21:05:00,1.964993,Latency Anomaly
2024-12-18 21:10:00,1.9549499,Latency Anomaly
2024-12-18 21:15:00,1.9467514,Latency Anomaly
2024-12-18 21:20:00,1.9255543,Latency Anomaly
2024-12-18 21:25:00,1.9120433,Latency Anomaly
2024-12-18 21:30:00,1.9025546,Latency Anomaly
2024-12-18 21:35:00,1.8852241,Latency Anomaly
2024-12-18 21:40:00,1.8684658,Latency Anomaly
2024-12-18 21:45:00,1.8550588,Latency Anomaly
2024-12-18 21:50:00,1.8459659,Latency Anomaly
2024-12-18 21:55:00,1.8230375,Latency Anomaly
2024-12-18 22:00:00,1.8058522,Latency Anomaly
2024-12-18 22:05:00,1.7906469,Latency Anomaly
2024-12-18 22:10:00,1.7866039,Latency Anomaly
2024-12-18 22:15:00,1.7717451,Latency Anomaly
2024-12-18 22:20:00,1.7837801,Latency Anomaly
2024-12-18 22:25:00,1.7720661,Latency Anomaly
2024-12-18 22:30:00,1.759916,Latency Anomaly
2024-12-18 22:35:00,1.7503723,Latency Anomaly
2024-12-18 22:40:00,1.7393641,Latency Anomaly
2024-12-18 22:45:00,1.7278391,Latency Anomaly
2024-12-18 22:50:00,1.7111188,Latency Anomaly
2024-12-18 22:55:00,1.7019196,Latency Anomaly
2024-12-18 23:00:00,1.7158167,Latency Anomaly
2024-12-18 23:05:00,1.7038615,Latency Anomaly
2024-12-18 23:10:00,1.7008144,Latency Anomaly
2024-12-18 23:15:00,1.6925915,Latency Anomaly
2024-12-18 23:20:00,1.680514,Latency Anomaly
2024-12-18 23:25:00,1.6667768,Latency Anomaly
2024-12-18 23:30:00,1.6635013,Latency Anomaly
2024-12-18 23:35:00,1.653583,Latency Anomaly
2024-12-18 23:40:00,1.6419113,Latency Anomaly
2024-12-18 23:45:00,1.6365025,Latency Anomaly
2024-12-18 23:50:00,1.6385114,Latency Anomaly
2024-12-18 23:55:00,1.6541655,Latency Anomaly
2024-12-19 00:00:00,1.6679,Latency Anomaly
2024-12-19 00:05:00,1.6611222,Latency Anomaly
2024-12-19 00:10:00,1.6635785,Latency Anomaly
2024-12-19 00:15:00,1.659505,Latency Anomaly
2024-12-19 00:20:00,1.6776859,Latency Anomaly
2024-12-19 00:25:00,1.6809963,Latency Anomaly
2024-12-19 00:30:00,1.6915224,Latency Anomaly
2024-12-19 00:35:00,1.6906387,Latency Anomaly
2024-12-19 00:40:00,1.7108252,Latency Anomaly
2024-12-19 00:45:00,1.7073735,Latency Anomaly
2024-12-19 00:50:00,1.7187521,Latency Anomaly
2024-12-19 00:55:00,1.7202495,Latency Anomaly
2024-12-19 01:00:00,1.7410206,Latency Anomaly
2024-12-19 01:05:00,1.7662357,Latency Anomaly
2024-12-19 01:10:00,1.7760665,Latency Anomaly
2024-12-19 01:15:00,1.8116033,Latency Anomaly
2024-12-19 01:20:00,1.8245434,Latency Anomaly
2024-12-19 01:25:00,1.86619,Latency Anomaly
2024-12-19 01:30:00,1.8756061,Latency Anomaly
2024-12-19 01:35:00,1.9050896,Latency Anomaly
2024-12-19 01:40:00,1.9464049,Latency Anomaly
2024-12-19 01:45:00,1.9629917,Latency Anomaly
2024-12-19 01:50:00,1.9856176,Latency Anomaly
2024-12-19 01:55:00,1.9983109,Latency Anomaly
2024-12-19 02:00:00,2.007664,Latency Anomaly
2024-12-19 02:05:00,2.0159914,Latency Anomaly
2024-12-19 02:10:00,2.0577605,Latency Anomaly
2024-12-19 02:15:00,2.1147857,Latency Anomaly
2024-12-19 02:20:00,2.1329055,Latency Anomaly
2024-12-19 02:25:00,2.2056253,Latency Anomaly
2024-12-19 02:30:00,2.2484608,Latency Anomaly
2024-12-19 02:35:00,2.2678676,Latency Anomaly
2024-12-19 02:40:00,2.2821293,Latency Anomaly
2024-12-19 02:45:00,2.298914,Latency Anomaly
2024-12-19 02:50:00,2.295996,Latency Anomaly
2024-12-19 02:55:00,2.317686,Latency Anomaly
2024-12-19 03:00:00,2.3303854,Latency Anomaly
2024-12-19 03:05:00,2.3662574,Latency Anomaly
2024-12-19 03:10:00,2.3638775,Latency Anomaly
2024-12-19 03:15:00,2.3758585,Latency Anomaly
2024-12-19 03:20:00,2.3863215,Latency Anomaly
2024-12-19 03:25:00,2.4106236,Latency Anomaly
2024-12-19 03:30:00,2.4491725,Latency Anomaly
2024-12-19 03:35:00,2.4690328,Latency Anomaly
2024-12-19 03:40:00,2.477027,Latency Anomaly
2024-12-19 03:45:00,2.5281003,Latency Anomaly
2024-12-19 03:50:00,2.5490818,Latency Anomaly
2024-12-19 03:55:00,2.5697718,Latency Anomaly
2024-12-19 04:00:00,2.5808034,Latency Anomaly
2024-12-19 04:05:00,2.5968475,Latency Anomaly
2024-12-19 04:10:00,2.5997381,Latency Anomaly
2024-12-19 04:15:00,2.6131709,Latency Anomaly
2024-12-19 04:20:00,2.6178412,Latency Anomaly
2024-12-19 04:25:00,2.6239793,Latency Anomaly
2024-12-19 04:30:00,2.63129,Latency Anomaly
2024-12-19 04:35:00,2.6377406,Latency Anomaly
2024-12-19 04:40:00,2.6546888,Latency Anomaly
2024-12-19 04:45:00,2.6558151,Latency Anomaly
2024-12-19 04:50:00,2.6670153,Latency Anomaly
2024-12-19 04:55:00,2.6749623,Latency Anomaly
2024-12-19 05:00:00,2.6541178,Latency Anomaly
2024-12-19 05:05:00,2.6459868,Latency Anomaly
2024-12-19 05:10:00,2.6448083,Latency Anomaly
2024-12-19 05:15:00,2.6615436,Latency Anomaly
2024-12-19 05:20:00,2.6598496,Latency Anomaly
2024-12-19 05:25:00,2.6597996,Latency Anomaly
2024-12-19 05:30:00,2.6512268,Latency Anomaly
2024-12-19 05:35:00,2.6521204,Latency Anomaly
2024-12-19 05:40:00,2.6840854,Latency Anomaly
2024-12-19 05:45:00,2.6900446,Latency Anomaly
2024-12-19 05:50:00,2.6753414,Latency Anomaly
2024-12-19 05:55:00,2.6534717,Latency Anomaly
2024-12-19 06:00:00,2.638434,Latency Anomaly
2024-12-19 06:05:00,2.648373,Latency Anomaly
2024-12-19 06:10:00,2.638548,Latency Anomaly
2024-12-19 06:15:00,2.6352348,Latency Anomaly
2024-12-19 06:20:00,2.6069787,Latency Anomaly
2024-12-19 06:25:00,2.6042166,Latency Anomaly
2024-12-19 06:30:00,2.591117,Latency Anomaly
2024-12-19 06:35:00,2.596137,Latency Anomaly
2024-12-19 06:40:00,2.5750644,Latency Anomaly
2024-12-19 06:45:00,2.5570328,Latency Anomaly
2024-12-19 06:50:00,2.5449715,Latency Anomaly
2024-12-19 06:55:00,2.546748,Latency Anomaly
2024-12-19 07:00:00,2.5285652,Latency Anomaly
2024-12-19 07:05:00,2.5051916,Latency Anomaly
2024-12-19 07:10:00,2.495876,Latency Anomaly
2024-12-19 07:15:00,2.4653587,Latency Anomaly
2024-12-19 07:20:00,2.4561493,Latency Anomaly
2024-12-19 07:25:00,2.4153063,Latency Anomaly
2024-12-19 07:30:00,2.4091976,Latency Anomaly
2024-12-19 07:35:00,2.3734913,Latency Anomaly
2024-12-19 07:40:00,2.341633,Latency Anomaly
2024-12-19 07:45:00,2.310908,Latency Anomaly
2024-12-19 07:50:00,2.2959745,Latency Anomaly
2024-12-19 07:55:00,2.2859502,Latency Anomaly
2024-12-19 08:00:00,2.2718658,Latency Anomaly
2024-12-19 08:05:00,2.260095,Latency Anomaly
2024-12-19 08:10:00,2.2268999,Token/Cost Anomaly
2024-12-19 08:15:00,2.1720724,Latency Anomaly
2024-12-19 08:20:00,2.149534,Latency Anomaly
2024-12-19 08:25:00,2.080382,Token/Cost Anomaly
2024-12-19 08:30:00,2.046536,Latency Anomaly
2024-12-19 08:35:00,2.0285182,Latency Anomaly
2024-12-19 08:40:00,2.0098078,Latency Anomaly
2024-12-19 08:45:00,1.99365,Latency Anomaly
2024-12-19 08:50:00,1.9903485,Latency Anomaly
2024-12-19 08:55:00,1.963648,Latency Anomaly
2024-12-19 09:00:00,1.9532164,Latency Anomaly
2024-12-19 09:05:00,1.9251091,Latency Anomaly
2024-12-19 09:10:00,1.9241374,Latency Anomaly
2024-12-19 09:15:00,1.9131857,Latency Anomaly
2024-12-19 09:20:00,1.9064243,Latency Anomaly
2024-12-19 09:25:00,1.8927926,Latency Anomaly
2024-12-19 09:30:00,1.855495,Latency Anomaly
2024-12-19 09:35:00,1.8421052,Latency Anomaly
2024-12-19 09:40:00,1.8374685,Latency Anomaly
2024-12-19 09:45:00,1.7867782,Latency Anomaly
2024-12-19 09:50:00,1.7544204,Latency Anomaly
2024-12-19 09:55:00,1.7438622,Latency Anomaly
2024-12-19 10:00:00,1.7371783,Latency Anomaly
2024-12-19 10:05:00,1.7231914,Latency Anomaly
2024-12-19 10:10:00,1.7172077,Latency Anomaly
2024-12-19 10:15:00,1.7103071,Latency Anomaly
2024-12-19 10:20:00,1.6900662,Latency Anomaly
2024-12-19 10:25:00,1.685693,Latency Anomaly
2024-12-19 10:30:00,1.6859854,Latency Anomaly
2024-12-19 10:35:00,1.6834326,Latency Anomaly
2024-12-19 10:40:00,1.6762526,Latency Anomaly
2024-12-19 10:45:00,1.6753381,Latency Anomaly
2024-12-19 10:50:00,1.6767412,Latency Anomaly
2024-12-19 10:55:00,1.6785822,Latency Anomaly
2024-12-19 11:00:00,1.6917273,Latency Anomaly
2024-12-19 11:05:00,1.6935163,Latency Anomaly
2024-12-19 11:10:00,1.7075303,Latency Anomaly
2024-12-19 11:15:00,1.7011393,Latency Anomaly
2024-12-19 11:20:00,1.7148896,Latency Anomaly
2024-12-19 11:25:00,1.7219428,Latency Anomaly
2024-12-19 11:30:00,1.7284762,Latency Anomaly
2024-12-19 11:35:00,1.7451209,Latency Anomaly
2024-12-19 11:40:00,1.7303027,Latency Anomaly
2024-12-19 11:45:00,1.728672,Latency Anomaly
2024-12-19 11:50:00,1.7385597,Latency Anomaly
2024-12-19 11:55:00,1.7404155,Latency Anomaly
2024-12-19 12:00:00,1.7525852,Latency Anomaly
2024-12-19 12:05:00,1.755621,Latency Anomaly
2024-12-19 12:10:00,1.7854577,Latency Anomaly
2024-12-19 12:15:00,1.7987303,Latency Anomaly
2024-12-19 12:20:00,1.8172005,Latency Anomaly
2024-12-19 12:25:00,1.8244239,Latency Anomaly
2024-12-19 12:30:00,1.8406968,Latency Anomaly
2024-12-19 12:35:00,1.8445963,Latency Anomaly
2024-12-19 12:40:00,1.8521657,Latency Anomaly
2024-12-19 12:45:00,1.8662322,Latency Anomaly
2024-12-19 12:50:00,1.8757126,Latency Anomaly
2024-12-19 12:55:00,1.8800124,Latency Anomaly
2024-12-19 13:00:00,1.8952103,Latency Anomaly
2024-12-19 13:05:00,1.9069895,Latency Anomaly
2024-12-19 13:10:00,1.923706,Latency Anomaly
2024-12-19 13:15:00,1.9309978,Latency Anomaly
2024-12-19 13:20:00,1.9425048,Latency Anomaly
2024-12-19 13:25:00,1.9563769,Latency Anomaly
2024-12-19 13:30:00,1.95954,Latency Anomaly
2024-12-19 13:35:00,1.9772267,Latency Anomaly
2024-12-19 13:40:00,1.9880184,Latency Anomaly
2024-12-19 13:45:00,2.0145288,Latency Anomaly
2024-12-19 13:50:00,2.030511,Latency Anomaly
2024-12-19 13:55:00,2.047771,Latency Anomaly
2024-12-19 14:00:00,2.0673778,Latency Anomaly
2024-12-19 14:05:00,2.0750096,Latency Anomaly
2024-12-19 14:10:00,2.0936954,Latency Anomaly
2024-12-19 14:15:00,2.1184263,Latency Anomaly
2024-12-19 14:20:00,2.1384513,Latency Anomaly
2024-12-19 14:25:00,2.1633022,Latency Anomaly
2024-12-19 14:30:00,2.1725802,Latency Anomaly
2024-12-19 14:35:00,2.195919,Latency Anomaly
2024-12-19 14:40:00,2.2105129,Latency Anomaly
2024-12-19 14:45:00,2.2292717,Latency Anomaly
2024-12-19 14:50:00,2.2382617,Latency Anomaly
2024-12-19 14:55:00,2.257748,Latency Anomaly
2024-12-19 15:00:00,2.2698574,Latency Anomaly
2024-12-19 15:05:00,2.2859728,Latency Anomaly
2024-12-19 15:10:00,2.2969518,Latency Anomaly
2024-12-19 15:15:00,2.302513,Latency Anomaly
2024-12-19 15:20:00,2.321434,Latency Anomaly
2024-12-19 15:25:00,2.3313894,Latency Anomaly
2024-12-19 15:30:00,2.3473113,Latency Anomaly
2024-12-19 15:35:00,2.3614118,Latency Anomaly
2024-12-19 15:40:00,2.3717945,Latency Anomaly
2024-12-19 15:45:00,2.3935316,Latency Anomaly
2024-12-19 15:50:00,2.4231017,Latency Anomaly
2024-12-19 15:55:00,2.4326038,Latency Anomaly
2024-12-19 16:00:00,2.4360068,Latency Anomaly
2024-12-19 16:05:00,2.4402544,Latency Anomaly
2024-12-19 16:10:00,2.449739,Latency Anomaly
2024-12-19 16:15:00,2.4577787,Latency Anomaly
2024-12-19 16:20:00,2.4630556,Latency Anomaly
2024-12-19 16:25:00,2.4767923,Latency Anomaly
2024-12-19 16:30:00,2.475949,Latency Anomaly
2024-12-19 16:35:00,2.487269,Latency Anomaly
2024-12-19 16:40:00,2.4855337,Latency Anomaly
2024-12-19 16:45:00,2.4975138,Latency Anomaly
2024-12-19 16:50:00,2.4982007,Latency Anomaly
2024-12-19 16:55:00,2.509087,Latency Anomaly
2024-12-19 17:00:00,2.5023363,Latency Anomaly
2024-12-19 17:05:00,2.5063677,Latency Anomaly
2024-12-19 17:10:00,2.5000055,Latency Anomaly
2024-12-19 17:15:00,2.4982948,Latency Anomaly
2024-12-19 17:20:00,2.500298,Latency Anomaly
2024-12-19 17:25:00,2.5047407,Latency Anomaly
2024-12-19 17:30:00,2.504153,Latency Anomaly
2024-12-19 17:35:00,2.507522,Latency Anomaly
2024-12-19 17:40:00,2.5099478,Latency Anomaly
2024-12-19 17:45:00,2.514933,Latency Anomaly
2024-12-19 17:50:00,2.514981,Latency Anomaly
2024-12-19 17:55:00,2.5206609,Latency Anomaly
2024-12-19 18:00:00,2.5141776,Latency Anomaly
2024-12-19 18:05:00,2.5142355,Latency Anomaly
2024-12-19 18:10:00,2.4971244,Latency Anomaly
2024-12-19 18:15:00,2.4915833,Latency Anomaly
2024-12-19 18:20:00,2.4807198,Latency Anomaly
2024-12-19 18:25:00,2.4744604,Latency Anomaly
2024-12-19 18:30:00,2.4680157,Latency Anomaly
2024-12-19 18:35:00,2.4668262,Latency Anomaly
2024-12-19 18:40:00,2.4617603,Latency Anomaly
2024-12-19 18:45:00,2.449717,Latency Anomaly
2024-12-19 18:50:00,2.446816,Latency Anomaly
2024-12-19 18:55:00,2.4377015,Latency Anomaly
2024-12-19 19:00:00,2.43018,Latency Anomaly
2024-12-19 19:05:00,2.4181483,Latency Anomaly
2024-12-19 19:10:00,2.4026215,Latency Anomaly
2024-12-19 19:15:00,2.387924,Latency Anomaly
2024-12-19 19:20:00,2.3801143,Latency Anomaly
2024-12-19 19:25:00,2.365824,Latency Anomaly
2024-12-19 19:30:00,2.3459775,Latency Anomaly
2024-12-19 19:35:00,2.3357122,Latency Anomaly
2024-12-19 19:40:00,2.3064191,Latency Anomaly
2024-12-19 19:45:00,2.278164,Latency Anomaly
2024-12-19 19:50:00,2.262982,Latency Anomaly
2024-12-19 19:55:00,2.2459111,Latency Anomaly
2024-12-19 20:00:00,2.2294562,Latency Anomaly
2024-12-19 20:05:00,2.2121396,Latency Anomaly
2024-12-19 20:10:00,2.1821036,Latency Anomaly
2024-12-19 20:15:00,2.1588035,Latency Anomaly
2024-12-19 20:20:00,2.1363199,Latency Anomaly
2024-12-19 20:25:00,2.1109004,Latency Anomaly
2024-12-19 20:30:00,2.093983,Latency Anomaly
2024-12-19 20:35:00,2.0664697,Latency Anomaly
2024-12-19 20:40:00,2.0469742,Latency Anomaly
2024-12-19 20:45:00,2.032873,Latency Anomaly
2024-12-19 20:50:00,2.0260417,Latency Anomaly
2024-12-19 20:55:00,2.0087175,Latency Anomaly
2024-12-19 21:00:00,1.9947782,Latency Anomaly
2024-12-19 21:05:00,1.9800048,Latency Anomaly
2024-12-19 21:10:00,1.969526,Latency Anomaly
2024-12-19 21:15:00,1.9645287,Latency Anomaly
2024-12-19 21:20:00,1.9468334,Latency Anomaly
2024-12-19 21:25:00,1.9293448,Latency Anomaly
2024-12-19 21:30:00,1.9107795,Latency Anomaly
2024-12-19 21:35:00,1.8972213,Latency Anomaly
2024-12-19 21:40:00,1.8807733,Latency Anomaly
2024-12-19 21:45:00,1.8566663,Latency Anomaly
2024-12-19 21:50:00,1.8303035,Latency Anomaly
2024-12-19 21:55:00,1.8289921,Latency Anomaly
2024-12-19 22:00:00,1.8494297,Latency Anomaly
2024-12-19 22:05:00,1.84701,Latency Anomaly
2024-12-19 22:10:00,1.8393687,Latency Anomaly
2024-12-19 22:15:00,1.8306274,Latency Anomaly
2024-12-19 22:20:00,1.8256946,Latency Anomaly
2024-12-19 22:25:00,1.805954,Latency Anomaly
2024-12-19 22:30:00,1.7933367,Latency Anomaly
2024-12-19 22:35:00,1.784982,Latency Anomaly
2024-12-19 22:40:00,1.7735599,Latency Anomaly
2024-12-19 22:45:00,1.7567222,Latency Anomaly
2024-12-19 22:50:00,1.7482138,Latency Anomaly
2024-12-19 22:55:00,1.7258176,Latency Anomaly
2024-12-19 23:00:00,1.717911,Latency Anomaly
2024-12-19 23:05:00,1.7211022,Latency Anomaly
2024-12-19 23:10:00,1.7203203,Latency Anomaly
2024-12-19 23:15:00,1.7167344,Latency Anomaly
2024-12-19 23:20:00,1.7079124,Latency Anomaly
2024-12-19 23:25:00,1.6982377,Latency Anomaly
2024-12-19 23:30:00,1.701749,Latency Anomaly
2024-12-19 23:35:00,1.6957866,Latency Anomaly
2024-12-19 23:40:00,1.6782012,Latency Anomaly
2024-12-19 23:45:00,1.677971,Latency Anomaly
2024-12-19 23:50:00,1.669527,Latency Anomaly
2024-12-19 23:55:00,1.6626499,Latency Anomaly
2024-12-20 00:00:00,1.6720364,Latency Anomaly
2024-12-20 00:05:00,1.6645813,Latency Anomaly
2024-12-20 00:10:00,1.6630168,Latency Anomaly
2024-12-20 00:15:00,1.6560782,Latency Anomaly
2024-12-20 00:20:00,1.6610093,Latency Anomaly
2024-12-20 00:25:00,1.6640477,Latency Anomaly
2024-12-20 00:30:00,1.6609479,Latency Anomaly
2024-12-20 00:35:00,1.6621987,Latency Anomaly
2024-12-20 00:40:00,1.6811382,Latency Anomaly
2024-12-20 00:45:00,1.6969292,Latency Anomaly
2024-12-20 00:50:00,1.6883891,Latency Anomaly
2024-12-20 00:55:00,1.7026155,Latency Anomaly
2024-12-20 01:00:00,1.724577,Latency Anomaly
2024-12-20 01:05:00,1.7431927,Latency Anomaly
2024-12-20 01:10:00,1.7483298,Latency Anomaly
2024-12-20 01:15:00,1.7679037,Latency Anomaly
2024-12-20 01:20:00,1.794285,Latency Anomaly
2024-12-20 01:25:00,1.8204391,Latency Anomaly
2024-12-20 01:30:00,1.8639756,Latency Anomaly
2024-12-20 01:35:00,1.8850019,Latency Anomaly
2024-12-20 01:40:00,1.8970836,Latency Anomaly
2024-12-20 01:45:00,1.9063917,Latency Anomaly
2024-12-20 01:50:00,1.9444406,Latency Anomaly
2024-12-20 01:55:00,1.9618365,Latency Anomaly
2024-12-20 02:00:00,1.9798155,Latency Anomaly
2024-12-20 02:05:00,2.0231829,Latency Anomaly
2024-12-20 02:10:00,2.0519464,Latency Anomaly
2024-12-20 02:15:00,2.119494,Latency Anomaly
2024-12-20 02:20:00,2.1293116,Latency Anomaly
2024-12-20 02:25:00,2.1920846,Latency Anomaly
2024-12-20 02:30:00,2.2791588,Latency Anomaly
2024-12-20 02:35:00,2.3010159,Latency Anomaly
2024-12-20 02:40:00,2.3193161,Latency Anomaly
2024-12-20 02:45:00,2.34808,Latency Anomaly
2024-12-20 02:50:00,2.3533251,Latency Anomaly
2024-12-20 02:55:00,2.4099607,Latency Anomaly
2024-12-20 03:00:00,2.4177294,Latency Anomaly
2024-12-20 03:05:00,2.4357727,Latency Anomaly
2024-12-20 03:10:00,2.4508722,Latency Anomaly
2024-12-20 03:15:00,2.459979,Latency Anomaly
2024-12-20 03:20:00,2.4664297,Latency Anomaly
2024-12-20 03:25:00,2.4735606,Latency Anomaly
2024-12-20 03:30:00,2.4987779,Latency Anomaly
2024-12-20 03:35:00,2.535418,Latency Anomaly
2024-12-20 03:40:00,2.5693986,Latency Anomaly
2024-12-20 03:45:00,2.6270983,Latency Anomaly
2024-12-20 03:50:00,2.6749885,Latency Anomaly
2024-12-20 03:55:00,2.693508,Latency Anomaly
2024-12-20 04:00:00,2.6848788,Latency Anomaly
2024-12-20 04:05:00,2.6863327,Latency Anomaly
2024-12-20 04:10:00,2.6850493,Latency Anomaly
2024-12-20 04:15:00,2.6894763,Latency Anomaly
2024-12-20 04:20:00,2.6878586,Latency Anomaly
2024-12-20 04:25:00,2.6967015,Latency Anomaly
2024-12-20 04:30:00,2.7093065,Latency Anomaly
2024-12-20 04:35:00,2.7134697,Latency Anomaly
2024-12-20 04:40:00,2.733035,Latency Anomaly
2024-12-20 04:45:00,2.7388186,Latency Anomaly
2024-12-20 04:50:00,2.7622073,Latency Anomaly
2024-12-20 04:55:00,2.767113,Latency Anomaly
2024-12-20 05:00:00,2.7830825,Latency Anomaly
2024-12-20 05:05:00,2.7768404,Latency Anomaly
2024-12-20 05:10:00,2.8019412,Latency Anomaly
2024-12-20 05:15:00,2.7992175,Latency Anomaly
2024-12-20 05:20:00,2.8035538,Latency Anomaly
2024-12-20 05:25:00,2.8070774,Latency Anomaly
2024-12-20 05:30:00,2.8028476,Latency Anomaly
2024-12-20 05:35:00,2.8021293,Latency Anomaly
2024-12-20 05:40:00,2.809377,Latency Anomaly
2024-12-20 05:45:00,2.8223486,Latency Anomaly
2024-12-20 05:50:00,2.8301764,Latency Anomaly
2024-12-20 05:55:00,2.832202,Token/Cost Anomaly
2024-12-20 06:00:00,2.8250291,Latency Anomaly
2024-12-20 06:05:00,2.8249962,Token/Cost Anomaly
2024-12-20 06:10:00,2.815786,Token/Cost Anomaly
2024-12-20 06:15:00,2.8137312,Token/Cost Anomaly
2024-12-20 06:20:00,2.8071363,Token/Cost Anomaly
2024-12-20 06:25:00,2.823809,Token/Cost Anomaly
2024-12-20 06:30:00,2.8165524,Token/Cost Anomaly
2024-12-20 06:35:00,2.8059626,Token/Cost Anomaly
2024-12-20 06:40:00,2.782203,Token/Cost Anomaly
2024-12-20 06:45:00,2.7652137,Token/Cost Anomaly
2024-12-20 06:50:00,2.767408,Token/Cost Anomaly
2024-12-20 06:55:00,2.7445276,Token/Cost Anomaly
2024-12-20 07:00:00,2.7162554,Latency Anomaly
2024-12-20 07:05:00,2.696372,Latency Anomaly
2024-12-20 07:10:00,2.6849146,Latency Anomaly
2024-12-20 07:15:00,2.6613688,Token/Cost Anomaly
2024-12-20 07:20:00,2.6327367,Token/Cost Anomaly
2024-12-20 07:25:00,2.6019201,Token/Cost Anomaly
2024-12-20 07:30:00,2.5639791,Token/Cost Anomaly
2024-12-20 07:35:00,2.5363922,Latency Anomaly
2024-12-20 07:40:00,2.521223,Latency Anomaly
2024-12-20 07:45:00,2.5162494,Latency Anomaly
2024-12-20 07:50:00,2.4718826,Latency Anomaly
2024-12-20 07:55:00,2.451657,Latency Anomaly
2024-12-20 08:00:00,2.430214,Latency Anomaly
2024-12-20 08:05:00,2.3905556,Latency Anomaly
2024-12-20 08:10:00,2.3848076,Token/Cost Anomaly
2024-12-20 08:15:00,2.3218975,Token/Cost Anomaly
2024-12-20 08:20:00,2.3179119,Token/Cost Anomaly
2024-12-20 08:25:00,2.2570572,Latency Anomaly
2024-12-20 08:30:00,2.1703832,Latency Anomaly
2024-12-20 08:35:00,2.1529994,Latency Anomaly
2024-12-20 08:40:00,2.1393766,Latency Anomaly
2024-12-20 08:45:00,2.1108463,Latency Anomaly
2024-12-20 08:50:00,2.1152656,Latency Anomaly
2024-12-20 08:55:00,2.058338,Latency Anomaly
2024-12-20 09:00:00,2.059535,Latency Anomaly
2024-12-20 09:05:00,2.0444915,Latency Anomaly
2024-12-20 09:10:00,2.0342467,Latency Anomaly
2024-12-20 09:15:00,2.019916,Latency Anomaly
2024-12-20 09:20:00,2.0171533,Latency Anomaly
2024-12-20 09:25:00,2.0085742,Latency Anomaly
2024-12-20 09:30:00,1.9911007,Latency Anomaly
2024-12-20 09:35:00,1.9489086,Latency Anomaly
2024-12-20 09:40:00,1.9239255,Latency Anomaly
2024-12-20 09:45:00,1.8688557,Latency Anomaly
2024-12-20 09:50:00,1.8179778,Latency Anomaly
2024-12-20 09:55:00,1.781665,Latency Anomaly
2024-12-20 10:00:00,1.769338,Latency Anomaly
2024-12-20 10:05:00,1.77248,Latency Anomaly
2024-12-20 10:10:00,1.7728469,Latency Anomaly
2024-12-20 10:15:00,1.770614,Latency Anomaly
2024-12-20 10:20:00,1.768073,Latency Anomaly
2024-12-20 10:25:00,1.771514,Latency Anomaly
2024-12-20 10:30:00,1.7737281,Latency Anomaly
2024-12-20 10:35:00,1.7692479,Latency Anomaly
2024-12-20 10:40:00,1.7504869,Latency Anomaly
2024-12-20 10:45:00,1.7503922,Latency Anomaly
2024-12-20 10:50:00,1.7310057,Latency Anomaly
2024-12-20 10:55:00,1.7372807,Latency Anomaly
2024-12-20 11:00:00,1.7242129,Latency Anomaly
2024-12-20 11:05:00,1.7286886,Latency Anomaly
2024-12-20 11:10:00,1.7075691,Latency Anomaly
2024-12-20 11:15:00,1.7123724,Latency Anomaly
2024-12-20 11:20:00,1.7180203,Latency Anomaly
2024-12-20 11:25:00,1.7210162,Latency Anomaly
2024-12-20 11:30:00,1.7194303,Latency Anomaly
2024-12-20 11:35:00,1.7183473,Latency Anomaly
2024-12-20 11:40:00,1.7166462,Latency Anomaly
2024-12-20 11:45:00,1.7044848,Latency Anomaly
2024-12-20 11:50:00,1.6996017,Latency Anomaly
2024-12-20 11:55:00,1.7031324,Latency Anomaly
2024-12-20 12:00:00,1.7099866,Latency Anomaly
2024-12-20 12:05:00,1.7226607,Latency Anomaly
2024-12-20 12:10:00,1.7327049,Latency Anomaly
2024-12-20 12:15:00,1.7455802,Latency Anomaly
2024-12-20 12:20:00,1.7553492,Latency Anomaly
2024-12-20 12:25:00,1.7395532,Latency Anomaly
2024-12-20 12:30:00,1.7585555,Latency Anomaly
2024-12-20 12:35:00,1.7756033,Latency Anomaly
2024-12-20 12:40:00,1.7823503,Latency Anomaly
2024-12-20 12:45:00,1.7952857,Latency Anomaly
2024-12-20 12:50:00,1.8073788,Latency Anomaly
2024-12-20 12:55:00,1.8184643,Latency Anomaly
2024-12-20 13:00:00,1.8364342,Latency Anomaly
2024-12-20 13:05:00,1.8457259,Latency Anomaly
2024-12-20 13:10:00,1.8651218,Latency Anomaly
2024-12-20 13:15:00,1.8883519,Latency Anomaly
2024-12-20 13:20:00,1.9042194,Latency Anomaly
2024-12-20 13:25:00,1.9202054,Latency Anomaly
2024-12-20 13:30:00,1.9364489,Latency Anomaly
2024-12-20 13:35:00,1.9495065,Latency Anomaly
2024-12-20 13:40:00,1.9664558,Latency Anomaly
2024-12-20 13:45:00,1.9790541,Latency Anomaly
2024-12-20 13:50:00,1.990582,Latency Anomaly
2024-12-20 13:55:00,2.001697,Latency Anomaly
2024-12-20 14:00:00,2.0276215,Latency Anomaly
2024-12-20 14:05:00,2.0550559,Latency Anomaly
2024-12-20 14:10:00,2.0525765,Latency Anomaly
2024-12-20 14:15:00,2.0730934,Latency Anomaly
2024-12-20 14:20:00,2.0948312,Latency Anomaly
2024-12-20 14:25:00,2.1067324,Latency Anomaly
2024-12-20 14:30:00,2.1233616,Latency Anomaly
2024-12-20 14:35:00,2.1416876,Latency Anomaly
2024-12-20 14:40:00,2.1624103,Latency Anomaly
2024-12-20 14:45:00,2.1838472,Latency Anomaly
2024-12-20 14:50:00,2.1844022,Latency Anomaly
2024-12-20 14:55:00,2.2010076,Latency Anomaly
2024-12-20 15:00:00,2.2087548,Latency Anomaly
2024-12-20 15:05:00,2.2169998,Latency Anomaly
2024-12-20 15:10:00,2.227765,Latency Anomaly
2024-12-20 15:15:00,2.2382267,Latency Anomaly
2024-12-20 15:20:00,2.2525547,Latency Anomaly
2024-12-20 15:25:00,2.2692747,Latency Anomaly
2024-12-20 15:30:00,2.2823162,Latency Anomaly
2024-12-20 15:35:00,2.301478,Latency Anomaly
2024-12-20 15:40:00,2.3158643,Latency Anomaly
2024-12-20 15:45:00,2.332692,Latency Anomaly
2024-12-20 15:50:00,2.3553467,Latency Anomaly
2024-12-20 15:55:00,2.3765497,Latency Anomaly
2024-12-20 16:00:00,2.3807764,Latency Anomaly
2024-12-20 16:05:00,2.379321,Latency Anomaly
2024-12-20 16:10:00,2.3862154,Latency Anomaly
2024-12-20 16:15:00,2.3923116,Latency Anomaly
2024-12-20 16:20:00,2.4095972,Latency Anomaly
2024-12-20 16:25:00,2.4137692,Latency Anomaly
2024-12-20 16:30:00,2.4284694,Latency Anomaly
2024-12-20 16:35:00,2.4396582,Latency Anomaly
2024-12-20 16:40:00,2.4631104,Latency Anomaly
2024-12-20 16:45:00,2.476143,Latency Anomaly
2024-12-20 16:50:00,2.481251,Latency Anomaly
2024-12-20 16:55:00,2.4839046,Latency Anomaly
2024-12-20 17:00:00,2.4869335,Latency Anomaly
2024-12-20 17:05:00,2.4852188,Latency Anomaly
2024-12-20 17:10:00,2.4835603,Latency Anomaly
2024-12-20 17:15:00,2.4900944,Latency Anomaly
2024-12-20 17:20:00,2.4952817,Latency Anomaly
2024-12-20 17:25:00,2.4969432,Latency Anomaly
2024-12-20 17:30:00,2.5071735,Latency Anomaly
2024-12-20 17:35:00,2.5088677,Latency Anomaly
2024-12-20 17:40:00,2.5069315,Latency Anomaly
2024-12-20 17:45:00,2.501984,Latency Anomaly
2024-12-20 17:50:00,2.508016,Latency Anomaly
2024-12-20 17:55:00,2.506949,Latency Anomaly
2024-12-20 18:00:00,2.5004032,Latency Anomaly
2024-12-20 18:05:00,2.4873421,Latency Anomaly
2024-12-20 18:10:00,2.4847205,Latency Anomaly
2024-12-20 18:15:00,2.4783978,Latency Anomaly
2024-12-20 18:20:00,2.4701982,Latency Anomaly
2024-12-20 18:25:00,2.4639313,Latency Anomaly
2024-12-20 18:30:00,2.4485428,Latency Anomaly
2024-12-20 18:35:00,2.4387527,Latency Anomaly
2024-12-20 18:40:00,2.441576,Latency Anomaly
2024-12-20 18:45:00,2.4381144,Latency Anomaly
2024-12-20 18:50:00,2.4274063,Latency Anomaly
2024-12-20 18:55:00,2.4251695,Latency Anomaly
2024-12-20 19:00:00,2.4119525,Latency Anomaly
2024-12-20 19:05:00,2.4061208,Latency Anomaly
2024-12-20 19:10:00,2.3980012,Latency Anomaly
2024-12-20 19:15:00,2.3789492,Latency Anomaly
2024-12-20 19:20:00,2.3706243,Latency Anomaly
2024-12-20 19:25:00,2.3614945,Latency Anomaly
2024-12-20 19:30:00,2.3481166,Latency Anomaly
2024-12-20 19:35:00,2.3391044,Latency Anomaly
2024-12-20 19:40:00,2.3208933,Latency Anomaly
2024-12-20 19:45:00,2.3052123,Latency Anomaly
2024-12-20 19:50:00,2.2922447,Latency Anomaly
2024-12-20 19:55:00,2.2815924,Latency Anomaly
2024-12-20 20:00:00,2.2684693,Latency Anomaly
2024-12-20 20:05:00,2.2405858,Latency Anomaly
2024-12-20 20:10:00,2.232384,Latency Anomaly
2024-12-20 20:15:00,2.2092972,Latency Anomaly
2024-12-20 20:20:00,2.177746,Latency Anomaly
2024-12-20 20:25:00,2.1627674,Latency Anomaly
2024-12-20 20:30:00,2.1467485,Latency Anomaly
2024-12-20 20:35:00,2.1250718,Latency Anomaly
2024-12-20 20:40:00,2.0984523,Latency Anomaly
2024-12-20 20:45:00,2.0809944,Latency Anomaly
2024-12-20 20:50:00,2.069596,Latency Anomaly
2024-12-20 20:55:00,2.0504088,Latency Anomaly
2024-12-20 21:00:00,2.0352771,Latency Anomaly
2024-12-20 21:05:00,2.0152943,Latency Anomaly
2024-12-20 21:10:00,1.9964296,Latency Anomaly
2024-12-20 21:15:00,1.9902536,Latency Anomaly
2024-12-20 21:20:00,1.9713726,Latency Anomaly
2024-12-20 21:25:00,1.9659181,Latency Anomaly
2024-12-20 21:30:00,1.9498731,Latency Anomaly
2024-12-20 21:35:00,1.9443456,Latency Anomaly
2024-12-20 21:40:00,1.9236957,Latency Anomaly
2024-12-20 21:45:00,1.9039794,Latency Anomaly
2024-12-20 21:50:00,1.8825518,Latency Anomaly
2024-12-20 21:55:00,1.8682622,Latency Anomaly
2024-12-20 22:00:00,1.8572882,Latency Anomaly
2024-12-20 22:05:00,1.8445214,Latency Anomaly
2024-12-20 22:10:00,1.836672,Latency Anomaly
2024-12-20 22:15:00,1.8246726,Latency Anomaly
2024-12-20 22:20:00,1.8043618,Latency Anomaly
2024-12-20 22:25:00,1.7925895,Latency Anomaly
2024-12-20 22:30:00,1.76847,Latency Anomaly
2024-12-20 22:35:00,1.747005,Latency Anomaly
2024-12-20 22:40:00,1.7245824,Latency Anomaly
2024-12-20 22:45:00,1.7118077,Latency Anomaly
2024-12-20 22:50:00,1.6984153,Latency Anomaly
2024-12-20 22:55:00,1.6913493,Latency Anomaly
2024-12-20 23:00:00,1.6909451,Latency Anomaly
2024-12-20 23:05:00,1.694482,Latency Anomaly
2024-12-20 23:10:00,1.693701,Latency Anomaly
2024-12-20 23:15:00,1.6876146,Latency Anomaly
2024-12-20 23:20:00,1.678748,Latency Anomaly
2024-12-20 23:25:00,1.6793512,Latency Anomaly
2024-12-20 23:30:00,1.6676499,Latency Anomaly
2024-12-20 23:35:00,1.6597046,Latency Anomaly
2024-12-20 23:40:00,1.6560122,Latency Anomaly
2024-12-20 23:45:00,1.6525285,Latency Anomaly
2024-12-20 23:50:00,1.6413589,Latency Anomaly
2024-12-20 23:55:00,1.636972,Latency Anomaly
2024-12-21 00:00:00,1.632992,Latency Anomaly
2024-12-21 00:05:00,1.6418401,Latency Anomaly
2024-12-21 00:10:00,1.6508551,Latency Anomaly
2024-12-21 00:15:00,1.6504707,Latency Anomaly
2024-12-21 00:20:00,1.6538674,Latency Anomaly
2024-12-21 00:25:00,1.6683519,Latency Anomaly
2024-12-21 00:30:00,1.6840923,Latency Anomaly
2024-12-21 00:35:00,1.6868538,Latency Anomaly
2024-12-21 00:40:00,1.698347,Latency Anomaly
2024-12-21 00:45:00,1.7004677,Latency Anomaly
2024-12-21 00:50:00,1.7149833,Latency Anomaly
2024-12-21 00:55:00,1.7178478,Latency Anomaly
2024-12-21 01:00:00,1.7281002,Latency Anomaly
2024-12-21 01:05:00,1.7487377,Latency Anomaly
2024-12-21 01:10:00,1.7654483,Latency Anomaly
2024-12-21 01:15:00,1.7965426,Latency Anomaly
2024-12-21 01:20:00,1.8090029,Latency Anomaly
2024-12-21 01:25:00,1.8305897,Latency Anomaly
2024-12-21 01:30:00,1.8690732,Latency Anomaly
2024-12-21 01:35:00,1.8882146,Latency Anomaly
2024-12-21 01:40:00,1.9119462,Latency Anomaly
2024-12-21 01:45:00,1.9193394,Latency Anomaly
2024-12-21 01:50:00,1.9942951,Latency Anomaly
2024-12-21 01:55:00,2.0114799,Latency Anomaly
2024-12-21 02:00:00,2.0276022,Latency Anomaly
2024-12-21 02:05:00,2.0375438,Latency Anomaly
2024-12-21 02:10:00,2.047997,Latency Anomaly
2024-12-21 02:15:00,2.1032324,Latency Anomaly
2024-12-21 02:20:00,2.1202595,Latency Anomaly
2024-12-21 02:25:00,2.1335142,Latency Anomaly
2024-12-21 02:30:00,2.2390926,Latency Anomaly
2024-12-21 02:35:00,2.307713,Latency Anomaly
2024-12-21 02:40:00,2.3645751,Latency Anomaly
2024-12-21 02:45:00,2.4042861,Latency Anomaly
2024-12-21 02:50:00,2.4381642,Latency Anomaly
2024-12-21 02:55:00,2.5170631,Latency Anomaly
2024-12-21 03:00:00,2.5672393,Latency Anomaly
2024-12-21 03:05:00,2.594182,Latency Anomaly
2024-12-21 03:10:00,2.6099758,Latency Anomaly
2024-12-21 03:15:00,2.6218052,Latency Anomaly
2024-12-21 03:20:00,2.6733618,Latency Anomaly
2024-12-21 03:25:00,2.7834928,Latency Anomaly
2024-12-21 03:30:00,2.8085723,Latency Anomaly
2024-12-21 03:35:00,2.8273962,Latency Anomaly
2024-12-21 03:40:00,2.8541596,Latency Anomaly
2024-12-21 03:45:00,2.8617418,Latency Anomaly
2024-12-21 03:50:00,2.8941724,Latency Anomaly
2024-12-21 03:55:00,2.9243627,Latency Anomaly
2024-12-21 04:00:00,2.9307482,Latency Anomaly
2024-12-21 04:05:00,2.9380727,Latency Anomaly
2024-12-21 04:10:00,2.9488256,Latency Anomaly
2024-12-21 04:15:00,2.9608648,Latency Anomaly
2024-12-21 04:20:00,2.987551,Latency Anomaly
2024-12-21 04:25:00,3.0080154,Latency Anomaly
2024-12-21 04:30:00,3.0258634,Latency Anomaly
2024-12-21 04:35:00,3.0358431,Latency Anomaly
2024-12-21 04:40:00,3.046306,Latency Anomaly
2024-12-21 04:45:00,3.0514994,Latency Anomaly
2024-12-21 04:50:00,3.0550609,Latency Anomaly
2024-12-21 04:55:00,3.0691006,Latency Anomaly
2024-12-21 05:00:00,3.0774963,Latency Anomaly
2024-12-21 05:05:00,3.070344,Latency Anomaly
2024-12-21 05:10:00,3.0637035,Latency Anomaly
2024-12-21 05:15:00,3.068945,Latency Anomaly
2024-12-21 05:20:00,3.069875,Latency Anomaly
2024-12-21 05:25:00,3.066454,Latency Anomaly
2024-12-21 05:30:00,3.0695066,Latency Anomaly
2024-12-21 05:35:00,3.084028,Latency Anomaly
2024-12-21 05:40:00,3.0919223,Latency Anomaly
2024-12-21 05:45:00,3.1016366,Latency Anomaly
2024-12-21 05:50:00,3.1148548,Latency Anomaly
2024-12-21 05:55:00,3.1304214,Latency Anomaly
2024-12-21 06:00:00,3.131149,Latency Anomaly
2024-12-21 06:05:00,3.1193144,Latency Anomaly
2024-12-21 06:10:00,3.1069636,Latency Anomaly
2024-12-21 06:15:00,3.111674,Latency Anomaly
2024-12-21 06:20:00,3.1065211,Latency Anomaly
2024-12-21 06:25:00,3.1019776,Latency Anomaly
2024-12-21 06:30:00,3.0889177,Latency Anomaly
2024-12-21 06:35:00,3.0893035,Latency Anomaly
2024-12-21 06:40:00,3.07304,Latency Anomaly
2024-12-21 06:45:00,3.068621,Latency Anomaly
2024-12-21 06:50:00,3.0584934,Latency Anomaly
2024-12-21 06:55:00,3.0708525,Latency Anomaly
2024-12-21 07:00:00,3.0586853,Latency Anomaly
2024-12-21 07:05:00,3.030619,Latency Anomaly
2024-12-21 07:10:00,3.0184245,Latency Anomaly
2024-12-21 07:15:00,2.989594,Latency Anomaly
2024-12-21 07:20:00,2.9695873,Latency Anomaly
2024-12-21 07:25:00,2.9428873,Latency Anomaly
2024-12-21 07:30:00,2.8947499,Latency Anomaly
2024-12-21 07:35:00,2.8739924,Latency Anomaly
2024-12-21 07:40:00,2.85487,Latency Anomaly
2024-12-21 07:45:00,2.8590589,Latency Anomaly
2024-12-21 07:50:00,2.793818,Latency Anomaly
2024-12-21 07:55:00,2.782836,Latency Anomaly
2024-12-21 08:00:00,2.757978,Latency Anomaly
2024-12-21 08:05:00,2.7449582,Latency Anomaly
2024-12-21 08:10:00,2.7345738,Latency Anomaly
2024-12-21 08:15:00,2.6780086,Latency Anomaly
2024-12-21 08:20:00,2.669871,Latency Anomaly
2024-12-21 08:25:00,2.6662276,Latency Anomaly
2024-12-21 08:30:00,2.5570357,Latency Anomaly
2024-12-21 08:35:00,2.4989767,Latency Anomaly
2024-12-21 08:40:00,2.4430091,Latency Anomaly
2024-12-21 08:45:00,2.4045353,Latency Anomaly
2024-12-21 08:50:00,2.3585415,Latency Anomaly
2024-12-21 08:55:00,2.2786193,Latency Anomaly
2024-12-21 09:00:00,2.2251596,Latency Anomaly
2024-12-21 09:05:00,2.206495,Latency Anomaly
2024-12-21 09:10:00,2.1976092,Latency Anomaly
2024-12-21 09:15:00,2.1771433,Latency Anomaly
2024-12-21 09:20:00,2.1247802,Latency Anomaly
2024-12-21 09:25:00,2.0001779,Latency Anomaly
2024-12-21 09:30:00,1.9803202,Latency Anomaly
2024-12-21 09:35:00,1.9513499,Latency Anomaly
2024-12-21 09:40:00,1.9223595,Latency Anomaly
2024-12-21 09:45:00,1.9135494,Latency Anomaly
2024-12-21 09:50:00,1.882691,Latency Anomaly
2024-12-21 09:55:00,1.8528981,Latency Anomaly
2024-12-21 10:00:00,1.8525991,Latency Anomaly
2024-12-21 10:05:00,1.8503844,Latency Anomaly
2024-12-21 10:10:00,1.8538811,Latency Anomaly
2024-12-21 10:15:00,1.8574084,Latency Anomaly
2024-12-21 10:20:00,1.8265806,Latency Anomaly
2024-12-21 10:25:00,1.8023461,Latency Anomaly
2024-12-21 10:30:00,1.7814193,Latency Anomaly
2024-12-21 10:35:00,1.7768514,Latency Anomaly
2024-12-21 10:40:00,1.7641238,Latency Anomaly
2024-12-21 10:45:00,1.7546607,Latency Anomaly
2024-12-21 10:50:00,1.753631,Latency Anomaly
2024-12-21 10:55:00,1.7356701,Latency Anomaly
2024-12-21 11:00:00,1.7178577,Latency Anomaly
2024-12-21 11:05:00,1.7223688,Latency Anomaly
2024-12-21 11:10:00,1.7202936,Latency Anomaly
2024-12-21 11:15:00,1.7098083,Latency Anomaly
2024-12-21 11:20:00,1.7089338,Latency Anomaly
2024-12-21 11:25:00,1.694619,Latency Anomaly
2024-12-21 11:30:00,1.6900157,Latency Anomaly
2024-12-21 11:35:00,1.6732459,Latency Anomaly
2024-12-21 11:40:00,1.6622442,Latency Anomaly
2024-12-21 11:45:00,1.6450348,Latency Anomaly
2024-12-21 11:50:00,1.6300604,Latency Anomaly
2024-12-21 11:55:00,1.6060728,Latency Anomaly
2024-12-21 12:00:00,1.6052943,Latency Anomaly
2024-12-21 12:05:00,1.6025838,Latency Anomaly
2024-12-21 12:10:00,1.60162,Latency Anomaly
2024-12-21 12:15:00,1.595491,Latency Anomaly
2024-12-21 12:20:00,1.5914975,Latency Anomaly
2024-12-21 12:25:00,1.5733995,Latency Anomaly
2024-12-21 12:30:00,1.5757078,Latency Anomaly
2024-12-21 12:35:00,1.5656217,Latency Anomaly
2024-12-21 12:40:00,1.5663168,Latency Anomaly
2024-12-21 12:45:00,1.5595273,Latency Anomaly
2024-12-21 12:50:00,1.5480024,Latency Anomaly
2024-12-21 12:55:00,1.5260215,Latency Anomaly
2024-12-21 13:00:00,1.5300711,Latency Anomaly
2024-12-21 13:05:00,1.5493249,Latency Anomaly
2024-12-21 13:10:00,1.5419347,Latency Anomaly
2024-12-21 13:15:00,1.5407121,Latency Anomaly
2024-12-21 13:20:00,1.5446337,Latency Anomaly
2024-12-21 13:25:00,1.543191,Latency Anomaly
2024-12-21 13:30:00,1.5483894,Latency Anomaly
2024-12-21 13:35:00,1.5504138,Latency Anomaly
2024-12-21 13:40:00,1.546071,Latency Anomaly
2024-12-21 13:45:00,1.5396807,Latency Anomaly
2024-12-21 13:50:00,1.5291295,Latency Anomaly
2024-12-21 13:55:00,1.5207564,Latency Anomaly
2024-12-21 14:00:00,1.5244739,Latency Anomaly
2024-12-21 14:05:00,1.5270069,Latency Anomaly
2024-12-21 14:10:00,1.519745,Latency Anomaly
2024-12-21 14:15:00,1.519931,Latency Anomaly
2024-12-21 14:20:00,1.5146027,Latency Anomaly
2024-12-21 14:25:00,1.5126008,Latency Anomaly
2024-12-21 14:30:00,1.5085294,Latency Anomaly
2024-12-21 14:35:00,1.5032005,Latency Anomaly
2024-12-21 14:40:00,1.5048485,Latency Anomaly
2024-12-21 14:45:00,1.5020933,Latency Anomaly
2024-12-21 14:50:00,1.5048639,Latency Anomaly
2024-12-21 14:55:00,1.5108753,Latency Anomaly
2024-12-21 15:00:00,1.5092957,Latency Anomaly
2024-12-21 15:05:00,1.5041165,Latency Anomaly
2024-12-21 15:10:00,1.4976776,Latency Anomaly
2024-12-21 15:15:00,1.4985441,Latency Anomaly
2024-12-21 15:20:00,1.5012655,Latency Anomaly
2024-12-21 15:25:00,1.5053406,Latency Anomaly
2024-12-21 15:30:00,1.5016521,Latency Anomaly
2024-12-21 15:35:00,1.4983411,Latency Anomaly
2024-12-21 15:40:00,1.5003049,Latency Anomaly
2024-12-21 15:45:00,1.506914,Latency Anomaly
2024-12-21 15:50:00,1.5089449,Latency Anomaly
2024-12-21 15:55:00,1.5103048,Latency Anomaly
2024-12-21 16:00:00,1.5127394,Latency Anomaly
2024-12-21 16:05:00,1.5143561,Latency Anomaly
2024-12-21 16:10:00,1.4955031,Latency Anomaly
2024-12-21 16:15:00,1.4783558,Latency Anomaly
2024-12-21 16:20:00,1.4832802,Latency Anomaly
2024-12-21 16:25:00,1.48597,Latency Anomaly
2024-12-21 16:30:00,1.4894516,Latency Anomaly
2024-12-21 16:35:00,1.4925859,Latency Anomaly
2024-12-21 16:40:00,1.4961332,Latency Anomaly
2024-12-21 16:45:00,1.5050606,Latency Anomaly
2024-12-21 16:50:00,1.506926,Latency Anomaly
2024-12-21 16:55:00,1.5086039,Latency Anomaly
2024-12-21 17:00:00,1.5082893,Latency Anomaly
2024-12-21 17:05:00,1.4951848,Latency Anomaly
2024-12-21 17:10:00,1.4946655,Latency Anomaly
2024-12-21 17:15:00,1.4949695,Latency Anomaly
2024-12-21 17:20:00,1.483556,Latency Anomaly
2024-12-21 17:25:00,1.4887917,Latency Anomaly
2024-12-21 17:30:00,1.4939268,Latency Anomaly
2024-12-21 17:35:00,1.4965385,Latency Anomaly
2024-12-21 17:40:00,1.4909604,Latency Anomaly
2024-12-21 17:45:00,1.493263,Latency Anomaly
2024-12-21 17:50:00,1.490809,Latency Anomaly
2024-12-21 17:55:00,1.4986528,Latency Anomaly
2024-12-21 18:00:00,1.4903255,Latency Anomaly
2024-12-21 18:05:00,1.491735,Latency Anomaly
2024-12-21 18:10:00,1.5048374,Latency Anomaly
2024-12-21 18:15:00,1.5041338,Latency Anomaly
2024-12-21 18:20:00,1.5047647,Latency Anomaly
2024-12-21 18:25:00,1.5039327,Latency Anomaly
2024-12-21 18:30:00,1.495525,Latency Anomaly
2024-12-21 18:35:00,1.4955177,Latency Anomaly
2024-12-21 18:40:00,1.4918276,Latency Anomaly
2024-12-21 18:45:00,1.4917265,Latency Anomaly
2024-12-21 18:50:00,1.4895399,Latency Anomaly
2024-12-21 18:55:00,1.4918603,Latency Anomaly
2024-12-21 19:00:00,1.4852588,Latency Anomaly
2024-12-21 19:05:00,1.4690888,Latency Anomaly
2024-12-21 19:10:00,1.4641651,Latency Anomaly
2024-12-21 19:15:00,1.462875,Latency Anomaly
2024-12-21 19:20:00,1.4597778,Latency Anomaly
2024-12-21 19:25:00,1.4646734,Latency Anomaly
2024-12-21 19:30:00,1.4646928,Latency Anomaly
2024-12-21 19:35:00,1.4584352,Latency Anomaly
2024-12-21 19:40:00,1.4575331,Latency Anomaly
2024-12-21 19:45:00,1.4521956,Latency Anomaly
2024-12-21 19:50:00,1.4510843,Latency Anomaly
2024-12-21 19:55:00,1.4522203,Latency Anomaly
2024-12-21 20:00:00,1.4446357,Latency Anomaly
2024-12-21 20:05:00,1.441689,Latency Anomaly
2024-12-21 20:10:00,1.4414636,Latency Anomaly
2024-12-21 20:15:00,1.4406521,Latency Anomaly
2024-12-21 20:20:00,1.4435151,Latency Anomaly
2024-12-21 20:25:00,1.4317666,Latency Anomaly
2024-12-21 20:30:00,1.4327323,Latency Anomaly
2024-12-21 20:35:00,1.4316132,Latency Anomaly
2024-12-21 20:40:00,1.4407378,Latency Anomaly
2024-12-21 20:45:00,1.4365855,Latency Anomaly
2024-12-21 20:50:00,1.4370043,Latency Anomaly
2024-12-21 20:55:00,1.4383465,Latency Anomaly
2024-12-21 21:00:00,1.4398416,Latency Anomaly
2024-12-21 21:05:00,1.4489071,Latency Anomaly
2024-12-21 21:10:00,1.4586842,Latency Anomaly
2024-12-21 21:15:00,1.4689902,Latency Anomaly
2024-12-21 21:20:00,1.4698526,Latency Anomaly
2024-12-21 21:25:00,1.4797314,Latency Anomaly
2024-12-21 21:30:00,1.4815065,Latency Anomaly
2024-12-21 21:35:00,1.4933329,Latency Anomaly
2024-12-21 21:40:00,1.5001216,Latency Anomaly
2024-12-21 21:45:00,1.4959686,Latency Anomaly
2024-12-21 21:50:00,1.4934007,Latency Anomaly
2024-12-21 21:55:00,1.4939069,Latency Anomaly
2024-12-21 22:00:00,1.5110034,Latency Anomaly
2024-12-21 22:05:00,1.50878,Latency Anomaly
2024-12-21 22:10:00,1.5220038,Latency Anomaly
2024-12-21 22:15:00,1.5249655,Latency Anomaly
2024-12-21 22:20:00,1.5338639,Latency Anomaly
2024-12-21 22:25:00,1.5409667,Latency Anomaly
2024-12-21 22:30:00,1.5513785,Latency Anomaly
2024-12-21 22:35:00,1.548709,Latency Anomaly
2024-12-21 22:40:00,1.5556078,Latency Anomaly
2024-12-21 22:45:00,1.5473968,Latency Anomaly
2024-12-21 22:50:00,1.5484906,Latency Anomaly
2024-12-21 22:55:00,1.5575829,Latency Anomaly
2024-12-21 23:00:00,1.563609,Latency Anomaly
2024-12-21 23:05:00,1.5763053,Latency Anomaly
2024-12-21 23:10:00,1.5865277,Latency Anomaly
2024-12-21 23:15:00,1.5878813,Latency Anomaly
2024-12-21 23:20:00,1.6059757,Latency Anomaly
2024-12-21 23:25:00,1.6139423,Latency Anomaly
2024-12-21 23:30:00,1.6171498,Latency Anomaly
2024-12-21 23:35:00,1.6280743,Latency Anomaly
2024-12-21 23:40:00,1.6386082,Latency Anomaly
2024-12-21 23:45:00,1.6598029,Latency Anomaly
2024-12-21 23:50:00,1.6717778,Latency Anomaly
2024-12-21 23:55:00,1.6776035,Latency Anomaly
2024-12-22 00:00:00,1.7316977,Latency Anomaly
2024-12-22 00:05:00,1.750093,Latency Anomaly
2024-12-22 00:10:00,1.7437841,Latency Anomaly
2024-12-22 00:15:00,1.7478958,Latency Anomaly
2024-12-22 00:20:00,1.7834239,Latency Anomaly
2024-12-22 00:25:00,1.8380126,Latency Anomaly
2024-12-22 00:30:00,1.8621926,Latency Anomaly
2024-12-22 00:35:00,1.8767649,Latency Anomaly
2024-12-22 00:40:00,1.8807392,Latency Anomaly
2024-12-22 00:45:00,1.9190344,Latency Anomaly
2024-12-22 00:50:00,1.968698,Latency Anomaly
2024-12-22 00:55:00,2.0094552,Latency Anomaly
2024-12-22 01:00:00,2.0333202,Latency Anomaly
2024-12-22 01:05:00,2.0627966,Latency Anomaly
2024-12-22 01:10:00,2.0919797,Latency Anomaly
2024-12-22 01:15:00,2.1112857,Latency Anomaly
2024-12-22 01:20:00,2.1238773,Latency Anomaly
2024-12-22 01:25:00,2.1311967,Latency Anomaly
2024-12-22 01:30:00,2.1791987,Latency Anomaly
2024-12-22 01:35:00,2.2471857,Latency Anomaly
2024-12-22 01:40:00,2.3052695,Latency Anomaly
2024-12-22 01:45:00,2.3178053,Latency Anomaly
2024-12-22 01:50:00,2.3486536,Latency Anomaly
2024-12-22 01:55:00,2.426516,Latency Anomaly
2024-12-22 02:00:00,2.4555452,Latency Anomaly
2024-12-22 02:05:00,2.4872296,Latency Anomaly
2024-12-22 02:10:00,2.5136452,Latency Anomaly
2024-12-22 02:15:00,2.6153255,Token/Cost Anomaly
2024-12-22 02:20:00,2.691336,Token/Cost Anomaly
2024-12-22 02:25:00,2.755731,Token/Cost Anomaly
2024-12-22 02:30:00,2.8114343,Token/Cost Anomaly
2024-12-22 02:35:00,2.84125,Token/Cost Anomaly
2024-12-22 02:40:00,2.8628502,Token/Cost Anomaly
2024-12-22 02:45:00,2.9272013,Token/Cost Anomaly
2024-12-22 02:50:00,2.9521685,Token/Cost Anomaly
2024-12-22 02:55:00,3.024213,Token/Cost Anomaly
2024-12-22 03:00:00,3.0444574,Token/Cost Anomaly
2024-12-22 03:05:00,3.0626152,Token/Cost Anomaly
2024-12-22 03:10:00,3.0722203,Token/Cost Anomaly
2024-12-22 03:15:00,3.079094,Token/Cost Anomaly
2024-12-22 03:20:00,3.1318521,Token/Cost Anomaly
2024-12-22 03:25:00,3.13556,Token/Cost Anomaly
2024-12-22 03:30:00,3.1539965,Token/Cost Anomaly
2024-12-22 03:35:00,3.151204,Token/Cost Anomaly
2024-12-22 03:40:00,3.2702844,Token/Cost Anomaly
2024-12-22 03:45:00,3.2878113,Token/Cost Anomaly
2024-12-22 03:50:00,3.3507867,Token/Cost Anomaly
2024-12-22 03:55:00,3.3602896,Token/Cost Anomaly
2024-12-22 04:00:00,3.364266,Token/Cost Anomaly
2024-12-22 04:05:00,3.4016123,Token/Cost Anomaly
2024-12-22 04:10:00,3.4085531,Token/Cost Anomaly
2024-12-22 04:15:00,3.4182858,Token/Cost Anomaly
2024-12-22 04:20:00,3.4375982,Token/Cost Anomaly
2024-12-22 04:25:00,3.4614124,Token/Cost Anomaly
2024-12-22 04:30:00,3.4568455,Token/Cost Anomaly
2024-12-22 04:35:00,3.4556532,Token/Cost Anomaly
2024-12-22 04:40:00,3.4671052,Token/Cost Anomaly
2024-12-22 04:45:00,3.4700432,Token/Cost Anomaly
2024-12-22 04:50:00,3.4797058,Token/Cost Anomaly
2024-12-22 04:55:00,3.495676,Token/Cost Anomaly
2024-12-22 05:00:00,3.4996302,Token/Cost Anomaly
2024-12-22 05:05:00,3.5021172,Token/Cost Anomaly
2024-12-22 05:10:00,3.5082436,Token/Cost Anomaly
2024-12-22 05:15:00,3.5104127,Token/Cost Anomaly
2024-12-22 05:20:00,3.5046968,Token/Cost Anomaly
2024-12-22 05:25:00,3.5075305,Token/Cost Anomaly
2024-12-22 05:30:00,3.5025861,Token/Cost Anomaly
2024-12-22 05:35:00,3.5097537,Token/Cost Anomaly
2024-12-22 05:40:00,3.5084414,Token/Cost Anomaly
2024-12-22 05:45:00,3.4925,Token/Cost Anomaly
2024-12-22 05:50:00,3.5064175,Token/Cost Anomaly
2024-12-22 05:55:00,3.5181115,Token/Cost Anomaly
2024-12-22 06:00:00,3.4712586,Token/Cost Anomaly
2024-12-22 06:05:00,3.4584954,Token/Cost Anomaly
2024-12-22 06:10:00,3.4544816,Token/Cost Anomaly
2024-12-22 06:15:00,3.4535387,Token/Cost Anomaly
2024-12-22 06:20:00,3.4315968,Token/Cost Anomaly
2024-12-22 06:25:00,3.3908072,Token/Cost Anomaly
2024-12-22 06:30:00,3.37211,Token/Cost Anomaly
2024-12-22 06:35:00,3.3646116,Token/Cost Anomaly
2024-12-22 06:40:00,3.3588014,Token/Cost Anomaly
2024-12-22 06:45:00,3.3183188,Token/Cost Anomaly
2024-12-22 06:50:00,3.2777665,Token/Cost Anomaly
2024-12-22 06:55:00,3.234122,Token/Cost Anomaly
2024-12-22 07:00:00,3.207962,Token/Cost Anomaly
2024-12-22 07:05:00,3.1880434,Token/Cost Anomaly
2024-12-22 07:10:00,3.1667743,Token/Cost Anomaly
2024-12-22 07:15:00,3.1529083,Token/Cost Anomaly
2024-12-22 07:20:00,3.139375,Token/Cost Anomaly
2024-12-22 07:25:00,3.1319408,Token/Cost Anomaly
2024-12-22 07:30:00,3.081287,Token/Cost Anomaly
2024-12-22 07:35:00,3.017967,Token/Cost Anomaly
2024-12-22 07:40:00,2.966224,Token/Cost Anomaly
2024-12-22 07:45:00,2.9559278,Token/Cost Anomaly
2024-12-22 07:50:00,2.928533,Token/Cost Anomaly
2024-12-22 07:55:00,2.862694,Token/Cost Anomaly
2024-12-22 08:00:00,2.8409936,Token/Cost Anomaly
2024-12-22 08:05:00,2.8157945,Token/Cost Anomaly
2024-12-22 08:10:00,2.792912,Token/Cost Anomaly
2024-12-22 08:15:00,2.6919837,Token/Cost Anomaly
2024-12-22 08:20:00,2.6267586,Token/Cost Anomaly
2024-12-22 08:25:00,2.567611,Token/Cost Anomaly
2024-12-22 08:30:00,2.5235806,Latency Anomaly
2024-12-22 08:35:00,2.50248,Latency Anomaly
2024-12-22 08:40:00,2.4722795,Token/Cost Anomaly
2024-12-22 08:45:00,2.414211,Token/Cost Anomaly
2024-12-22 08:50:00,2.3944974,Token/Cost Anomaly
2024-12-22 08:55:00,2.3358316,Latency Anomaly
2024-12-22 09:00:00,2.320504,Latency Anomaly
2024-12-22 09:05:00,2.2930822,Latency Anomaly
2024-12-22 09:10:00,2.278005,Latency Anomaly
2024-12-22 09:15:00,2.2585335,Latency Anomaly
2024-12-22 09:20:00,2.2098987,Latency Anomaly
2024-12-22 09:25:00,2.1923857,Latency Anomaly
2024-12-22 09:30:00,2.1826851,Latency Anomaly
2024-12-22 09:35:00,2.1732814,Latency Anomaly
2024-12-22 09:40:00,2.0569322,Latency Anomaly
2024-12-22 09:45:00,2.0399752,Latency Anomaly
2024-12-22 09:50:00,1.9773352,Latency Anomaly
2024-12-22 09:55:00,1.9606329,Latency Anomaly
2024-12-22 10:00:00,1.930366,Latency Anomaly
2024-12-22 10:05:00,1.891466,Latency Anomaly
2024-12-22 10:10:00,1.8728834,Latency Anomaly
2024-12-22 10:15:00,1.8660898,Latency Anomaly
2024-12-22 10:20:00,1.8372303,Latency Anomaly
2024-12-22 10:25:00,1.8039987,Latency Anomaly
2024-12-22 10:30:00,1.7951087,Latency Anomaly
2024-12-22 10:35:00,1.7932516,Latency Anomaly
2024-12-22 10:40:00,1.7692326,Latency Anomaly
2024-12-22 10:45:00,1.7614903,Latency Anomaly
2024-12-22 10:50:00,1.750413,Latency Anomaly
2024-12-22 10:55:00,1.726735,Latency Anomaly
2024-12-22 11:00:00,1.719097,Latency Anomaly
2024-12-22 11:05:00,1.7065614,Latency Anomaly
2024-12-22 11:10:00,1.6992378,Latency Anomaly
2024-12-22 11:15:00,1.6906677,Latency Anomaly
2024-12-22 11:20:00,1.6862868,Latency Anomaly
2024-12-22 11:25:00,1.67483,Latency Anomaly
2024-12-22 11:30:00,1.6754321,Latency Anomaly
2024-12-22 11:35:00,1.6546909,Latency Anomaly
2024-12-22 11:40:00,1.6550062,Latency Anomaly
2024-12-22 11:45:00,1.655943,Latency Anomaly
2024-12-22 11:50:00,1.6301881,Latency Anomaly
2024-12-22 11:55:00,1.6122433,Latency Anomaly
2024-12-22 12:00:00,1.61252,Latency Anomaly
2024-12-22 12:05:00,1.6088427,Latency Anomaly
2024-12-22 12:10:00,1.604329,Latency Anomaly
2024-12-22 12:15:00,1.5969619,Latency Anomaly
2024-12-22 12:20:00,1.594826,Latency Anomaly
2024-12-22 12:25:00,1.5868607,Latency Anomaly
2024-12-22 12:30:00,1.585012,Latency Anomaly
2024-12-22 12:35:00,1.5793349,Latency Anomaly
2024-12-22 12:40:00,1.5955802,Latency Anomaly
2024-12-22 12:45:00,1.5944273,Latency Anomaly
2024-12-22 12:50:00,1.5931222,Latency Anomaly
2024-12-22 12:55:00,1.589223,Latency Anomaly
2024-12-22 13:00:00,1.5902846,Latency Anomaly
2024-12-22 13:05:00,1.5865589,Latency Anomaly
2024-12-22 13:10:00,1.578822,Latency Anomaly
2024-12-22 13:15:00,1.5802206,Latency Anomaly
2024-12-22 13:20:00,1.5973009,Latency Anomaly
2024-12-22 13:25:00,1.6022937,Latency Anomaly
2024-12-22 13:30:00,1.6010301,Latency Anomaly
2024-12-22 13:35:00,1.6018591,Latency Anomaly
2024-12-22 13:40:00,1.5992866,Latency Anomaly
2024-12-22 13:45:00,1.6031125,Latency Anomaly
2024-12-22 13:50:00,1.603566,Latency Anomaly
2024-12-22 13:55:00,1.6001916,Latency Anomaly
2024-12-22 14:00:00,1.5944465,Latency Anomaly
2024-12-22 14:05:00,1.5999004,Latency Anomaly
2024-12-22 14:10:00,1.5955716,Latency Anomaly
2024-12-22 14:15:00,1.6054285,Latency Anomaly
2024-12-22 14:20:00,1.5937576,Latency Anomaly
2024-12-22 14:25:00,1.5935457,Latency Anomaly
2024-12-22 14:30:00,1.582902,Latency Anomaly
2024-12-22 14:35:00,1.5755962,Latency Anomaly
2024-12-22 14:40:00,1.5790498,Latency Anomaly
2024-12-22 14:45:00,1.5739728,Latency Anomaly
2024-12-22 14:50:00,1.5757235,Latency Anomaly
2024-12-22 14:55:00,1.5666293,Latency Anomaly
2024-12-22 15:00:00,1.5636694,Latency Anomaly
2024-12-22 15:05:00,1.565236,Latency Anomaly
2024-12-22 15:10:00,1.5604099,Latency Anomaly
2024-12-22 15:15:00,1.5617832,Latency Anomaly
2024-12-22 15:20:00,1.5600251,Latency Anomaly
2024-12-22 15:25:00,1.566346,Latency Anomaly
2024-12-22 15:30:00,1.5503267,Latency Anomaly
2024-12-22 15:35:00,1.5479184,Latency Anomaly
2024-12-22 15:40:00,1.5432906,Latency Anomaly
2024-12-22 15:45:00,1.5457175,Latency Anomaly
2024-12-22 15:50:00,1.544771,Latency Anomaly
2024-12-22 15:55:00,1.5535079,Latency Anomaly
2024-12-22 16:00:00,1.5516478,Latency Anomaly
2024-12-22 16:05:00,1.5505196,Latency Anomaly
2024-12-22 16:10:00,1.5473678,Latency Anomaly
2024-12-22 16:15:00,1.5487462,Latency Anomaly
2024-12-22 16:20:00,1.5504935,Latency Anomaly
2024-12-22 16:25:00,1.5533462,Latency Anomaly
2024-12-22 16:30:00,1.5634725,Latency Anomaly
2024-12-22 16:35:00,1.5662264,Latency Anomaly
2024-12-22 16:40:00,1.5733317,Latency Anomaly
2024-12-22 16:45:00,1.5759406,Latency Anomaly
2024-12-22 16:50:00,1.5794567,Latency Anomaly
2024-12-22 16:55:00,1.5750235,Latency Anomaly
2024-12-22 17:00:00,1.5785232,Latency Anomaly
2024-12-22 17:05:00,1.5787345,Latency Anomaly
2024-12-22 17:10:00,1.565389,Latency Anomaly
2024-12-22 17:15:00,1.5673962,Latency Anomaly
2024-12-22 17:20:00,1.5568573,Latency Anomaly
2024-12-22 17:25:00,1.5543675,Latency Anomaly
2024-12-22 17:30:00,1.5569301,Latency Anomaly
2024-12-22 17:35:00,1.5625343,Latency Anomaly
2024-12-22 17:40:00,1.5629505,Latency Anomaly
2024-12-22 17:45:00,1.5559226,Latency Anomaly
2024-12-22 17:50:00,1.5687747,Latency Anomaly
2024-12-22 17:55:00,1.5633892,Latency Anomaly
2024-12-22 18:00:00,1.5630642,Latency Anomaly
2024-12-22 18:05:00,1.5624503,Latency Anomaly
2024-12-22 18:10:00,1.5624781,Latency Anomaly
2024-12-22 18:15:00,1.562836,Latency Anomaly
2024-12-22 18:20:00,1.5470482,Latency Anomaly
2024-12-22 18:25:00,1.5467744,Latency Anomaly
2024-12-22 18:30:00,1.5448625,Latency Anomaly
2024-12-22 18:35:00,1.5465599,Latency Anomaly
2024-12-22 18:40:00,1.5277351,Latency Anomaly
2024-12-22 18:45:00,1.5279751,Latency Anomaly
2024-12-22 18:50:00,1.5262045,Latency Anomaly
2024-12-22 18:55:00,1.5345296,Latency Anomaly
2024-12-22 19:00:00,1.5321764,Latency Anomaly
2024-12-22 19:05:00,1.5238372,Latency Anomaly
2024-12-22 19:10:00,1.5267466,Latency Anomaly
2024-12-22 19:15:00,1.5238854,Latency Anomaly
2024-12-22 19:20:00,1.5102952,Latency Anomaly
2024-12-22 19:25:00,1.4991093,Latency Anomaly
2024-12-22 19:30:00,1.4965177,Latency Anomaly
2024-12-22 19:35:00,1.4978117,Latency Anomaly
2024-12-22 19:40:00,1.4941548,Latency Anomaly
2024-12-22 19:45:00,1.4886895,Latency Anomaly
2024-12-22 19:50:00,1.4878864,Latency Anomaly
2024-12-22 19:55:00,1.4770043,Latency Anomaly
2024-12-22 20:00:00,1.4854146,Latency Anomaly
2024-12-22 20:05:00,1.4806353,Latency Anomaly
2024-12-22 20:10:00,1.4817247,Latency Anomaly
2024-12-22 20:15:00,1.4730413,Latency Anomaly
2024-12-22 20:20:00,1.4891682,Latency Anomaly
2024-12-22 20:25:00,1.4867518,Latency Anomaly
2024-12-22 20:30:00,1.483117,Latency Anomaly
2024-12-22 20:35:00,1.4916495,Latency Anomaly
2024-12-22 20:40:00,1.4879916,Latency Anomaly
2024-12-22 20:45:00,1.5036964,Latency Anomaly
2024-12-22 20:50:00,1.5010217,Latency Anomaly
2024-12-22 20:55:00,1.4876386,Latency Anomaly
2024-12-22 21:00:00,1.4975966,Latency Anomaly
2024-12-22 21:05:00,1.4950552,Latency Anomaly
2024-12-22 21:10:00,1.498101,Latency Anomaly
2024-12-22 21:15:00,1.5036838,Latency Anomaly
2024-12-22 21:20:00,1.5014365,Latency Anomaly
2024-12-22 21:25:00,1.5137526,Latency Anomaly
2024-12-22 21:30:00,1.5119708,Latency Anomaly
2024-12-22 21:35:00,1.5163958,Latency Anomaly
2024-12-22 21:40:00,1.5158657,Latency Anomaly
2024-12-22 21:45:00,1.5208682,Latency Anomaly
2024-12-22 21:50:00,1.5189953,Latency Anomaly
2024-12-22 21:55:00,1.506354,Latency Anomaly
2024-12-22 22:00:00,1.5094647,Latency Anomaly
2024-12-22 22:05:00,1.5103302,Latency Anomaly
2024-12-22 22:10:00,1.5418097,Latency Anomaly
2024-12-22 22:15:00,1.542396,Latency Anomaly
2024-12-22 22:20:00,1.5628792,Latency Anomaly
2024-12-22 22:25:00,1.5737672,Latency Anomaly
2024-12-22 22:30:00,1.5644497,Latency Anomaly
2024-12-22 22:35:00,1.5941024,Latency Anomaly
2024-12-22 22:40:00,1.599419,Latency Anomaly
2024-12-22 22:45:00,1.6247102,Latency Anomaly
2024-12-22 22:50:00,1.6299864,Latency Anomaly
2024-12-22 22:55:00,1.6467283,Latency Anomaly
2024-12-22 23:00:00,1.6481673,Latency Anomaly
2024-12-22 23:05:00,1.6633283,Latency Anomaly
2024-12-22 23:10:00,1.6737936,Latency Anomaly
2024-12-22 23:15:00,1.6943738,Latency Anomaly
2024-12-22 23:20:00,1.699433,Latency Anomaly
2024-12-22 23:25:00,1.7173022,Latency Anomaly
2024-12-22 23:30:00,1.713468,Latency Anomaly
2024-12-22 23:35:00,1.7351063,Latency Anomaly
2024-12-22 23:40:00,1.7315724,Latency Anomaly
2024-12-22 23:45:00,1.7497895,Latency Anomaly
2024-12-22 23:50:00,1.7394799,Latency Anomaly
2024-12-22 23:55:00,1.7745073,Latency Anomaly
2024-12-23 00:00:00,1.7747508,Latency Anomaly
2024-12-23 00:05:00,1.7912459,Latency Anomaly
2024-12-23 00:10:00,1.794413,Latency Anomaly
2024-12-23 00:15:00,1.823527,Latency Anomaly
2024-12-23 00:20:00,1.843684,Latency Anomaly
2024-12-23 00:25:00,1.8560916,Latency Anomaly
2024-12-23 00:30:00,1.8612783,Latency Anomaly
2024-12-23 00:35:00,1.8660963,Latency Anomaly
2024-12-23 00:40:00,1.8937649,Latency Anomaly
2024-12-23 00:45:00,1.9038278,Latency Anomaly
2024-12-23 00:50:00,1.9122206,Latency Anomaly
2024-12-23 00:55:00,1.9156624,Latency Anomaly
2024-12-23 01:00:00,1.9325125,Token/Cost Anomaly
2024-12-23 01:05:00,1.9549125,Token/Cost Anomaly
2024-12-23 01:10:00,1.9600708,Token/Cost Anomaly
2024-12-23 01:15:00,1.9664199,Latency Anomaly
2024-12-23 01:20:00,1.9860817,Token/Cost Anomaly
2024-12-23 01:25:00,2.002321,Token/Cost Anomaly
2024-12-23 01:30:00,2.0165098,Token/Cost Anomaly
2024-12-23 01:35:00,2.027162,Token/Cost Anomaly
2024-12-23 01:40:00,2.0379305,Token/Cost Anomaly
2024-12-23 01:45:00,2.0543232,Token/Cost Anomaly
2024-12-23 01:50:00,2.0621178,Token/Cost Anomaly
2024-12-23 01:55:00,2.1257458,Token/Cost Anomaly
2024-12-23 02:00:00,2.140054,Token/Cost Anomaly
2024-12-23 02:05:00,2.1510377,Token/Cost Anomaly
2024-12-23 02:10:00,2.1885228,Token/Cost Anomaly
2024-12-23 02:15:00,2.1989112,Token/Cost Anomaly
2024-12-23 02:20:00,2.2493804,Token/Cost Anomaly
2024-12-23 02:25:00,2.2911305,Token/Cost Anomaly
2024-12-23 02:30:00,2.3239834,Token/Cost Anomaly
2024-12-23 02:35:00,2.349341,Token/Cost Anomaly
2024-12-23 02:40:00,2.3891473,Token/Cost Anomaly
2024-12-23 02:45:00,2.395131,Token/Cost Anomaly
2024-12-23 02:50:00,2.4440312,Token/Cost Anomaly
2024-12-23 02:55:00,2.4944286,Token/Cost Anomaly
2024-12-23 03:00:00,2.493445,Token/Cost Anomaly
2024-12-23 03:05:00,2.5014477,Token/Cost Anomaly
2024-12-23 03:10:00,2.517874,Token/Cost Anomaly
2024-12-23 03:15:00,2.529233,Token/Cost Anomaly
2024-12-23 03:20:00,2.5320957,Token/Cost Anomaly
2024-12-23 03:25:00,2.531238,Token/Cost Anomaly
2024-12-23 03:30:00,2.5767896,Token/Cost Anomaly
2024-12-23 03:35:00,2.6254377,Token/Cost Anomaly
2024-12-23 03:40:00,2.6380634,Token/Cost Anomaly
2024-12-23 03:45:00,2.6651404,Token/Cost Anomaly
2024-12-23 03:50:00,2.686799,Token/Cost Anomaly
2024-12-23 03:55:00,2.7288344,Token/Cost Anomaly
2024-12-23 04:00:00,2.7414584,Token/Cost Anomaly
2024-12-23 04:05:00,2.7539148,Token/Cost Anomaly
2024-12-23 04:10:00,2.742435,Token/Cost Anomaly
2024-12-23 04:15:00,2.7403014,Token/Cost Anomaly
2024-12-23 04:20:00,2.722191,Token/Cost Anomaly
2024-12-23 04:25:00,2.725737,Token/Cost Anomaly
2024-12-23 04:30:00,2.7402616,Token/Cost Anomaly
2024-12-23 04:35:00,2.7328718,Token/Cost Anomaly
2024-12-23 04:40:00,2.726034,Token/Cost Anomaly
2024-12-23 04:45:00,2.7066743,Token/Cost Anomaly
2024-12-23 04:50:00,2.6989486,Token/Cost Anomaly
2024-12-23 04:55:00,2.6873143,Token/Cost Anomaly
2024-12-23 05:00:00,2.6906185,Token/Cost Anomaly
2024-12-23 05:05:00,2.6770723,Token/Cost Anomaly
2024-12-23 05:10:00,2.679888,Token/Cost Anomaly
2024-12-23 05:15:00,2.6579685,Token/Cost Anomaly
2024-12-23 05:20:00,2.6723957,Token/Cost Anomaly
2024-12-23 05:25:00,2.6612158,Token/Cost Anomaly
2024-12-23 05:30:00,2.6683278,Token/Cost Anomaly
2024-12-23 05:35:00,2.6451423,Token/Cost Anomaly
2024-12-23 05:40:00,2.6560547,Token/Cost Anomaly
2024-12-23 05:45:00,2.6451876,Token/Cost Anomaly
2024-12-23 05:50:00,2.6466534,Token/Cost Anomaly
2024-12-23 05:55:00,2.6183984,Token/Cost Anomaly
2024-12-23 06:00:00,2.6156344,Token/Cost Anomaly
2024-12-23 06:05:00,2.600482,Token/Cost Anomaly
2024-12-23 06:10:00,2.6000845,Token/Cost Anomaly
2024-12-23 06:15:00,2.5696065,Token/Cost Anomaly
2024-12-23 06:20:00,2.560635,Token/Cost Anomaly
2024-12-23 06:25:00,2.5465207,Token/Cost Anomaly
2024-12-23 06:30:00,2.5471845,Token/Cost Anomaly
2024-12-23 06:35:00,2.5391784,Token/Cost Anomaly
2024-12-23 06:40:00,2.5209286,Token/Cost Anomaly
2024-12-23 06:45:00,2.5143282,Token/Cost Anomaly
2024-12-23 06:50:00,2.5063944,Token/Cost Anomaly
2024-12-23 06:55:00,2.499639,Token/Cost Anomaly
2024-12-23 07:00:00,2.4876122,Token/Cost Anomaly
2024-12-23 07:05:00,2.4606059,Token/Cost Anomaly
2024-12-23 07:10:00,2.451235,Token/Cost Anomaly
2024-12-23 07:15:00,2.4484854,Token/Cost Anomaly
2024-12-23 07:20:00,2.4267793,Token/Cost Anomaly
2024-12-23 07:25:00,2.4226837,Token/Cost Anomaly
2024-12-23 07:30:00,2.417872,Token/Cost Anomaly
2024-12-23 07:35:00,2.4050624,Token/Cost Anomaly
2024-12-23 07:40:00,2.4037318,Token/Cost Anomaly
2024-12-23 07:45:00,2.3831756,Token/Cost Anomaly
2024-12-23 07:50:00,2.3772278,Token/Cost Anomaly
2024-12-23 07:55:00,2.31333,Token/Cost Anomaly
2024-12-23 08:00:00,2.290712,Token/Cost Anomaly
2024-12-23 08:05:00,2.279537,Token/Cost Anomaly
2024-12-23 08:10:00,2.252981,Token/Cost Anomaly
2024-12-23 08:15:00,2.2391417,Latency Anomaly
2024-12-23 08:20:00,2.1746213,Latency Anomaly
2024-12-23 08:25:00,2.1317098,Latency Anomaly
2024-12-23 08:30:00,2.0996404,Latency Anomaly
2024-12-23 08:35:00,2.0679119,Latency Anomaly
2024-12-23 08:40:00,2.0262783,Latency Anomaly
2024-12-23 08:45:00,2.004611,Latency Anomaly
2024-12-23 08:50:00,1.9518725,Latency Anomaly
2024-12-23 08:55:00,1.9053386,Latency Anomaly
2024-12-23 09:00:00,1.9050874,Latency Anomaly
2024-12-23 09:05:00,1.8998487,Latency Anomaly
2024-12-23 09:10:00,1.8808701,Latency Anomaly
2024-12-23 09:15:00,1.8661523,Latency Anomaly
2024-12-23 09:20:00,1.8633395,Latency Anomaly
2024-12-23 09:25:00,1.8487641,Latency Anomaly
2024-12-23 09:30:00,1.8204986,Latency Anomaly
2024-12-23 09:35:00,1.7770472,Latency Anomaly
2024-12-23 09:40:00,1.7641053,Latency Anomaly
2024-12-23 09:45:00,1.7326708,Latency Anomaly
2024-12-23 09:50:00,1.7135376,Latency Anomaly
2024-12-23 09:55:00,1.685212,Latency Anomaly
2024-12-23 10:00:00,1.68489,Latency Anomaly
2024-12-23 10:05:00,1.6824167,Latency Anomaly
2024-12-23 10:10:00,1.6695035,Latency Anomaly
2024-12-23 10:15:00,1.6691604,Latency Anomaly
2024-12-23 10:20:00,1.6795835,Latency Anomaly
2024-12-23 10:25:00,1.6684598,Latency Anomaly
2024-12-23 10:30:00,1.6704063,Latency Anomaly
2024-12-23 10:35:00,1.6486058,Latency Anomaly
2024-12-23 10:40:00,1.6433529,Latency Anomaly
2024-12-23 10:45:00,1.6517859,Latency Anomaly
2024-12-23 10:50:00,1.6561229,Latency Anomaly
2024-12-23 10:55:00,1.6610442,Latency Anomaly
2024-12-23 11:00:00,1.6606084,Latency Anomaly
2024-12-23 11:05:00,1.675624,Latency Anomaly
2024-12-23 11:10:00,1.6782243,Latency Anomaly
2024-12-23 11:15:00,1.6965992,Latency Anomaly
2024-12-23 11:20:00,1.6903929,Latency Anomaly
2024-12-23 11:25:00,1.7015101,Latency Anomaly
2024-12-23 11:30:00,1.6975125,Latency Anomaly
2024-12-23 11:35:00,1.7065921,Latency Anomaly
2024-12-23 11:40:00,1.704527,Latency Anomaly
2024-12-23 11:45:00,1.7099425,Latency Anomaly
2024-12-23 11:50:00,1.7218887,Latency Anomaly
2024-12-23 11:55:00,1.7203282,Latency Anomaly
2024-12-23 12:00:00,1.7347265,Latency Anomaly
2024-12-23 12:05:00,1.7466992,Latency Anomaly
2024-12-23 12:10:00,1.7617325,Latency Anomaly
2024-12-23 12:15:00,1.7704414,Latency Anomaly
2024-12-23 12:20:00,1.7749426,Latency Anomaly
2024-12-23 12:25:00,1.8003137,Latency Anomaly
2024-12-23 12:30:00,1.8158077,Latency Anomaly
2024-12-23 12:35:00,1.8269455,Latency Anomaly
2024-12-23 12:40:00,1.8331062,Latency Anomaly
2024-12-23 12:45:00,1.839941,Latency Anomaly
2024-12-23 12:50:00,1.8527416,Latency Anomaly
2024-12-23 12:55:00,1.8681337,Latency Anomaly
2024-12-23 13:00:00,1.8823751,Latency Anomaly
2024-12-23 13:05:00,1.9079303,Latency Anomaly
2024-12-23 13:10:00,1.9230111,Latency Anomaly
2024-12-23 13:15:00,1.9396538,Latency Anomaly
2024-12-23 13:20:00,1.9487407,Latency Anomaly
2024-12-23 13:25:00,1.9597566,Latency Anomaly
2024-12-23 13:30:00,1.9688998,Latency Anomaly
2024-12-23 13:35:00,1.9820912,Latency Anomaly
2024-12-23 13:40:00,1.9916675,Latency Anomaly
2024-12-23 13:45:00,2.0110261,Latency Anomaly
2024-12-23 13:50:00,2.038407,Latency Anomaly
2024-12-23 13:55:00,2.0542681,Latency Anomaly
2024-12-23 14:00:00,2.0702624,Latency Anomaly
2024-12-23 14:05:00,2.0919437,Latency Anomaly
2024-12-23 14:10:00,2.1008315,Latency Anomaly
2024-12-23 14:15:00,2.1173592,Latency Anomaly
2024-12-23 14:20:00,2.1384842,Latency Anomaly
2024-12-23 14:25:00,2.1585906,Latency Anomaly
2024-12-23 14:30:00,2.1766372,Latency Anomaly
2024-12-23 14:35:00,2.1972387,Latency Anomaly
2024-12-23 14:40:00,2.2225661,Latency Anomaly
2024-12-23 14:45:00,2.2499344,Latency Anomaly
2024-12-23 14:50:00,2.2710478,Latency Anomaly
2024-12-23 14:55:00,2.28467,Latency Anomaly
2024-12-23 15:00:00,2.2989604,Latency Anomaly
2024-12-23 15:05:00,2.3135722,Latency Anomaly
2024-12-23 15:10:00,2.3272743,Latency Anomaly
2024-12-23 15:15:00,2.3409805,Latency Anomaly
2024-12-23 15:20:00,2.3533406,Latency Anomaly
2024-12-23 15:25:00,2.3823273,Latency Anomaly
2024-12-23 15:30:00,2.3877375,Latency Anomaly
2024-12-23 15:35:00,2.3932698,Latency Anomaly
2024-12-23 15:40:00,2.4109807,Latency Anomaly
2024-12-23 15:45:00,2.4251149,Latency Anomaly
2024-12-23 15:50:00,2.4386294,Latency Anomaly
2024-12-23 15:55:00,2.4500365,Latency Anomaly
2024-12-23 16:00:00,2.4546175,Latency Anomaly
2024-12-23 16:05:00,2.4584956,Latency Anomaly
2024-12-23 16:10:00,2.4642606,Latency Anomaly
2024-12-23 16:15:00,2.4771442,Latency Anomaly
2024-12-23 16:20:00,2.4774926,Latency Anomaly
2024-12-23 16:25:00,2.4849255,Latency Anomaly
2024-12-23 16:30:00,2.485386,Latency Anomaly
2024-12-23 16:35:00,2.5003622,Latency Anomaly
2024-12-23 16:40:00,2.5131493,Latency Anomaly
2024-12-23 16:45:00,2.508556,Latency Anomaly
2024-12-23 16:50:00,2.517018,Latency Anomaly
2024-12-23 16:55:00,2.5227187,Latency Anomaly
2024-12-23 17:00:00,2.5276606,Latency Anomaly
2024-12-23 17:05:00,2.521065,Latency Anomaly
2024-12-23 17:10:00,2.516497,Latency Anomaly
2024-12-23 17:15:00,2.5121279,Latency Anomaly
2024-12-23 17:20:00,2.5153382,Latency Anomaly
2024-12-23 17:25:00,2.5084088,Latency Anomaly
2024-12-23 17:30:00,2.5072842,Latency Anomaly
2024-12-23 17:35:00,2.4965506,Latency Anomaly
2024-12-23 17:40:00,2.4959066,Latency Anomaly
2024-12-23 17:45:00,2.497706,Latency Anomaly
2024-12-23 17:50:00,2.491856,Latency Anomaly
2024-12-23 17:55:00,2.4947422,Latency Anomaly
2024-12-23 18:00:00,2.4939501,Latency Anomaly
2024-12-23 18:05:00,2.4860032,Latency Anomaly
2024-12-23 18:10:00,2.4742532,Latency Anomaly
2024-12-23 18:15:00,2.4728587,Latency Anomaly
2024-12-23 18:20:00,2.470948,Latency Anomaly
2024-12-23 18:25:00,2.4573433,Latency Anomaly
2024-12-23 18:30:00,2.4513378,Latency Anomaly
2024-12-23 18:35:00,2.4447095,Latency Anomaly
2024-12-23 18:40:00,2.439782,Latency Anomaly
2024-12-23 18:45:00,2.4344778,Latency Anomaly
2024-12-23 18:50:00,2.424088,Latency Anomaly
2024-12-23 18:55:00,2.4118085,Latency Anomaly
2024-12-23 19:00:00,2.3977199,Latency Anomaly
2024-12-23 19:05:00,2.3759623,Latency Anomaly
2024-12-23 19:10:00,2.373345,Latency Anomaly
2024-12-23 19:15:00,2.3573282,Latency Anomaly
2024-12-23 19:20:00,2.3529546,Latency Anomaly
2024-12-23 19:25:00,2.3315449,Latency Anomaly
2024-12-23 19:30:00,2.3264651,Latency Anomaly
2024-12-23 19:35:00,2.3097146,Latency Anomaly
2024-12-23 19:40:00,2.299081,Latency Anomaly
2024-12-23 19:45:00,2.2860436,Latency Anomaly
2024-12-23 19:50:00,2.2572954,Latency Anomaly
2024-12-23 19:55:00,2.2460725,Latency Anomaly
2024-12-23 20:00:00,2.2316236,Latency Anomaly
2024-12-23 20:05:00,2.2139142,Latency Anomaly
2024-12-23 20:10:00,2.1971996,Latency Anomaly
2024-12-23 20:15:00,2.1828945,Latency Anomaly
2024-12-23 20:20:00,2.1553886,Latency Anomaly
2024-12-23 20:25:00,2.1413958,Latency Anomaly
2024-12-23 20:30:00,2.1294086,Latency Anomaly
2024-12-23 20:35:00,2.1074145,Latency Anomaly
2024-12-23 20:40:00,2.0845976,Latency Anomaly
2024-12-23 20:45:00,2.0644107,Latency Anomaly
2024-12-23 20:50:00,2.049199,Latency Anomaly
2024-12-23 20:55:00,2.038993,Latency Anomaly
2024-12-23 21:00:00,2.0166938,Latency Anomaly
2024-12-23 21:05:00,1.9959161,Latency Anomaly
2024-12-23 21:10:00,1.9808191,Latency Anomaly
2024-12-23 21:15:00,1.9591551,Latency Anomaly
2024-12-23 21:20:00,1.9374231,Latency Anomaly
2024-12-23 21:25:00,1.9114172,Latency Anomaly
2024-12-23 21:30:00,1.8980749,Latency Anomaly
2024-12-23 21:35:00,1.8901404,Latency Anomaly
2024-12-23 21:40:00,1.8677189,Latency Anomaly
2024-12-23 21:45:00,1.8459362,Latency Anomaly
2024-12-23 21:50:00,1.8313007,Latency Anomaly
2024-12-23 21:55:00,1.825791,Latency Anomaly
2024-12-23 22:00:00,1.8079576,Latency Anomaly
2024-12-23 22:05:00,1.790782,Latency Anomaly
2024-12-23 22:10:00,1.7827543,Latency Anomaly
2024-12-23 22:15:00,1.7676483,Latency Anomaly
2024-12-23 22:20:00,1.7551231,Latency Anomaly
2024-12-23 22:25:00,1.7557442,Latency Anomaly
2024-12-23 22:30:00,1.741819,Latency Anomaly
2024-12-23 22:35:00,1.723051,Latency Anomaly
2024-12-23 22:40:00,1.708475,Latency Anomaly
2024-12-23 22:45:00,1.6965883,Latency Anomaly
2024-12-23 22:50:00,1.6872933,Latency Anomaly
2024-12-23 22:55:00,1.678254,Latency Anomaly
2024-12-23 23:00:00,1.6751599,Latency Anomaly
2024-12-23 23:05:00,1.6657633,Latency Anomaly
2024-12-23 23:10:00,1.6621528,Latency Anomaly
2024-12-23 23:15:00,1.6539899,Latency Anomaly
2024-12-23 23:20:00,1.6497968,Latency Anomaly
2024-12-23 23:25:00,1.6440929,Latency Anomaly
2024-12-23 23:30:00,1.6399871,Latency Anomaly
2024-12-23 23:35:00,1.6428883,Latency Anomaly
2024-12-23 23:40:00,1.6349512,Latency Anomaly
2024-12-23 23:45:00,1.6247374,Latency Anomaly
2024-12-23 23:50:00,1.6147377,Latency Anomaly
2024-12-23 23:55:00,1.6103448,Latency Anomaly
2024-12-24 00:00:00,1.6092641,Latency Anomaly
2024-12-24 00:05:00,1.6269833,Latency Anomaly
2024-12-24 00:10:00,1.6331534,Latency Anomaly
2024-12-24 00:15:00,1.6303484,Latency Anomaly
2024-12-24 00:20:00,1.6268625,Latency Anomaly
2024-12-24 00:25:00,1.6228099,Latency Anomaly
2024-12-24 00:30:00,1.63305,Latency Anomaly
2024-12-24 00:35:00,1.6374134,Latency Anomaly
2024-12-24 00:40:00,1.6313112,Latency Anomaly
2024-12-24 00:45:00,1.6359218,Latency Anomaly
2024-12-24 00:50:00,1.6468718,Latency Anomaly
2024-12-24 00:55:00,1.6557794,Latency Anomaly
2024-12-24 01:00:00,1.7117687,Latency Anomaly
2024-12-24 01:05:00,1.7275851,Latency Anomaly
2024-12-24 01:10:00,1.7370152,Latency Anomaly
2024-12-24 01:15:00,1.7580873,Latency Anomaly
2024-12-24 01:20:00,1.7857189,Latency Anomaly
2024-12-24 01:25:00,1.8082545,Latency Anomaly
2024-12-24 01:30:00,1.8173647,Latency Anomaly
2024-12-24 01:35:00,1.8369329,Latency Anomaly
2024-12-24 01:40:00,1.8447942,Latency Anomaly
2024-12-24 01:45:00,1.8483721,Latency Anomaly
2024-12-24 01:50:00,1.8647135,Latency Anomaly
2024-12-24 01:55:00,1.8762766,Latency Anomaly
2024-12-24 02:00:00,1.8895613,Latency Anomaly
2024-12-24 02:05:00,1.9098095,Latency Anomaly
2024-12-24 02:10:00,1.9182438,Latency Anomaly
2024-12-24 02:15:00,1.953977,Latency Anomaly
2024-12-24 02:20:00,1.9902358,Latency Anomaly
2024-12-24 02:25:00,2.0002694,Latency Anomaly
2024-12-24 02:30:00,2.030652,Latency Anomaly
2024-12-24 02:35:00,2.0516596,Latency Anomaly
2024-12-24 02:40:00,2.0819333,Latency Anomaly
2024-12-24 02:45:00,2.079277,Latency Anomaly
2024-12-24 02:50:00,2.135183,Latency Anomaly
2024-12-24 02:55:00,2.1731298,Latency Anomaly
2024-12-24 03:00:00,2.1895914,Latency Anomaly
2024-12-24 03:05:00,2.2107732,Latency Anomaly
2024-12-24 03:10:00,2.2218556,Latency Anomaly
2024-12-24 03:15:00,2.2501311,Latency Anomaly
2024-12-24 03:20:00,2.266288,Latency Anomaly
2024-12-24 03:25:00,2.2854688,Latency Anomaly
2024-12-24 03:30:00,2.3055775,Latency Anomaly
2024-12-24 03:35:00,2.3221,Latency Anomaly
2024-12-24 03:40:00,2.348284,Latency Anomaly
2024-12-24 03:45:00,2.3644109,Latency Anomaly
2024-12-24 03:50:00,2.3632982,Latency Anomaly
2024-12-24 03:55:00,2.3996186,Latency Anomaly
2024-12-24 04:00:00,2.415997,Latency Anomaly
2024-12-24 04:05:00,2.4265122,Latency Anomaly
2024-12-24 04:10:00,2.4516497,Latency Anomaly
2024-12-24 04:15:00,2.4651282,Latency Anomaly
2024-12-24 04:20:00,2.4821575,Latency Anomaly
2024-12-24 04:25:00,2.4790766,Latency Anomaly
2024-12-24 04:30:00,2.4887931,Latency Anomaly
2024-12-24 04:35:00,2.4972103,Latency Anomaly
2024-12-24 04:40:00,2.503581,Latency Anomaly
2024-12-24 04:45:00,2.5155892,Latency Anomaly
2024-12-24 04:50:00,2.5191662,Latency Anomaly
2024-12-24 04:55:00,2.5247028,Latency Anomaly
2024-12-24 05:00:00,2.5168657,Latency Anomaly
2024-12-24 05:05:00,2.5238018,Latency Anomaly
2024-12-24 05:10:00,2.518726,Latency Anomaly
2024-12-24 05:15:00,2.5292451,Latency Anomaly
2024-12-24 05:20:00,2.5263026,Latency Anomaly
2024-12-24 05:25:00,2.5403895,Latency Anomaly
2024-12-24 05:30:00,2.5490353,Latency Anomaly
2024-12-24 05:35:00,2.5427363,Latency Anomaly
2024-12-24 05:40:00,2.5472257,Latency Anomaly
2024-12-24 05:45:00,2.5577013,Latency Anomaly
2024-12-24 05:50:00,2.567117,Latency Anomaly
2024-12-24 05:55:00,2.5651815,Latency Anomaly
2024-12-24 06:00:00,2.550577,Latency Anomaly
2024-12-24 06:05:00,2.5422814,Latency Anomaly
2024-12-24 06:10:00,2.5310562,Latency Anomaly
2024-12-24 06:15:00,2.5283904,Latency Anomaly
2024-12-24 06:20:00,2.527137,Latency Anomaly
2024-12-24 06:25:00,2.5263722,Latency Anomaly
2024-12-24 06:30:00,2.5088038,Token/Cost Anomaly
2024-12-24 06:35:00,2.504073,Token/Cost Anomaly
2024-12-24 06:40:00,2.504933,Token/Cost Anomaly
2024-12-24 06:45:00,2.4945197,Latency Anomaly
2024-12-24 06:50:00,2.4795632,Latency Anomaly
2024-12-24 06:55:00,2.4685702,Token/Cost Anomaly
2024-12-24 07:00:00,2.4131763,Latency Anomaly
2024-12-24 07:05:00,2.4019687,Latency Anomaly
2024-12-24 07:10:00,2.3797145,Latency Anomaly
2024-12-24 07:15:00,2.354324,Latency Anomaly
2024-12-24 07:20:00,2.3210738,Latency Anomaly
2024-12-24 07:25:00,2.2983804,Latency Anomaly
2024-12-24 07:30:00,2.2840092,Latency Anomaly
2024-12-24 07:35:00,2.2640018,Latency Anomaly
2024-12-24 07:40:00,2.2638204,Latency Anomaly
2024-12-24 07:45:00,2.2696955,Latency Anomaly
2024-12-24 07:50:00,2.2590067,Latency Anomaly
2024-12-24 07:55:00,2.25014,Latency Anomaly
2024-12-24 08:00:00,2.235223,Token/Cost Anomaly
2024-12-24 08:05:00,2.2113893,Token/Cost Anomaly
2024-12-24 08:10:00,2.2032518,Token/Cost Anomaly
2024-12-24 08:15:00,2.1718602,Token/Cost Anomaly
2024-12-24 08:20:00,2.1431935,Token/Cost Anomaly
2024-12-24 08:25:00,2.1254258,Latency Anomaly
2024-12-24 08:30:00,2.0943487,Latency Anomaly
2024-12-24 08:35:00,2.0720637,Token/Cost Anomaly
2024-12-24 08:40:00,2.044752,Latency Anomaly
2024-12-24 08:45:00,2.0463169,Latency Anomaly
2024-12-24 08:50:00,1.9956238,Latency Anomaly
2024-12-24 08:55:00,1.9553329,Latency Anomaly
2024-12-24 09:00:00,1.9438007,Latency Anomaly
2024-12-24 09:05:00,1.9332753,Latency Anomaly
2024-12-24 09:10:00,1.9243463,Latency Anomaly
2024-12-24 09:15:00,1.906275,Latency Anomaly
2024-12-24 09:20:00,1.8978716,Latency Anomaly
2024-12-24 09:25:00,1.8838497,Latency Anomaly
2024-12-24 09:30:00,1.8624399,Latency Anomaly
2024-12-24 09:35:00,1.8441993,Latency Anomaly
2024-12-24 09:40:00,1.8289427,Latency Anomaly
2024-12-24 09:45:00,1.8146747,Latency Anomaly
2024-12-24 09:50:00,1.8180097,Latency Anomaly
2024-12-24 09:55:00,1.7674956,Latency Anomaly
2024-12-24 10:00:00,1.7594682,Latency Anomaly
2024-12-24 10:05:00,1.7599177,Latency Anomaly
2024-12-24 10:10:00,1.7358643,Latency Anomaly
2024-12-24 10:15:00,1.7290131,Latency Anomaly
2024-12-24 10:20:00,1.711898,Latency Anomaly
2024-12-24 10:25:00,1.710169,Latency Anomaly
2024-12-24 10:30:00,1.7080582,Latency Anomaly
2024-12-24 10:35:00,1.7088724,Latency Anomaly
2024-12-24 10:40:00,1.7087208,Latency Anomaly
2024-12-24 10:45:00,1.7019747,Latency Anomaly
2024-12-24 10:50:00,1.7014669,Latency Anomaly
2024-12-24 10:55:00,1.7011023,Latency Anomaly
2024-12-24 11:00:00,1.7123431,Latency Anomaly
2024-12-24 11:05:00,1.7181585,Latency Anomaly
2024-12-24 11:10:00,1.7242168,Latency Anomaly
2024-12-24 11:15:00,1.7209601,Latency Anomaly
2024-12-24 11:20:00,1.7229027,Latency Anomaly
2024-12-24 11:25:00,1.7173066,Latency Anomaly
2024-12-24 11:30:00,1.7164056,Latency Anomaly
2024-12-24 11:35:00,1.7214385,Latency Anomaly
2024-12-24 11:40:00,1.7236176,Latency Anomaly
2024-12-24 11:45:00,1.7243074,Latency Anomaly
2024-12-24 11:50:00,1.7281188,Latency Anomaly
2024-12-24 11:55:00,1.7395183,Latency Anomaly
2024-12-24 12:00:00,1.7534939,Latency Anomaly
2024-12-24 12:05:00,1.7497344,Latency Anomaly
2024-12-24 12:10:00,1.7637177,Latency Anomaly
2024-12-24 12:15:00,1.7768346,Latency Anomaly
2024-12-24 12:20:00,1.7903963,Latency Anomaly
2024-12-24 12:25:00,1.803746,Latency Anomaly
2024-12-24 12:30:00,1.8123308,Latency Anomaly
2024-12-24 12:35:00,1.8226596,Latency Anomaly
2024-12-24 12:40:00,1.8336809,Latency Anomaly
2024-12-24 12:45:00,1.8514076,Latency Anomaly
2024-12-24 12:50:00,1.879026,Latency Anomaly
2024-12-24 12:55:00,1.8895241,Latency Anomaly
2024-12-24 13:00:00,1.9070035,Latency Anomaly
2024-12-24 13:05:00,1.9294226,Latency Anomaly
2024-12-24 13:10:00,1.9513041,Latency Anomaly
2024-12-24 13:15:00,1.9725398,Latency Anomaly
2024-12-24 13:20:00,1.9949996,Latency Anomaly
2024-12-24 13:25:00,2.0235004,Latency Anomaly
2024-12-24 13:30:00,2.0369694,Latency Anomaly
2024-12-24 13:35:00,2.0660372,Latency Anomaly
2024-12-24 13:40:00,2.071721,Latency Anomaly
2024-12-24 13:45:00,2.089338,Latency Anomaly
2024-12-24 13:50:00,2.103883,Latency Anomaly
2024-12-24 13:55:00,2.1098082,Latency Anomaly
2024-12-24 14:00:00,2.1262426,Latency Anomaly
2024-12-24 14:05:00,2.1460526,Latency Anomaly
2024-12-24 14:10:00,2.1706142,Latency Anomaly
2024-12-24 14:15:00,2.187286,Latency Anomaly
2024-12-24 14:20:00,2.2112489,Latency Anomaly
2024-12-24 14:25:00,2.241356,Latency Anomaly
2024-12-24 14:30:00,2.252092,Latency Anomaly
2024-12-24 14:35:00,2.2735853,Latency Anomaly
2024-12-24 14:40:00,2.2924125,Latency Anomaly
2024-12-24 14:45:00,2.3106055,Latency Anomaly
2024-12-24 14:50:00,2.3258517,Latency Anomaly
2024-12-24 14:55:00,2.3355787,Latency Anomaly
2024-12-24 15:00:00,2.348533,Latency Anomaly
2024-12-24 15:05:00,2.3528576,Latency Anomaly
2024-12-24 15:10:00,2.3701909,Latency Anomaly
2024-12-24 15:15:00,2.384913,Latency Anomaly
2024-12-24 15:20:00,2.3969595,Latency Anomaly
2024-12-24 15:25:00,2.4146929,Latency Anomaly
2024-12-24 15:30:00,2.4225874,Latency Anomaly
2024-12-24 15:35:00,2.4307034,Latency Anomaly
2024-12-24 15:40:00,2.4405973,Latency Anomaly
2024-12-24 15:45:00,2.4599183,Latency Anomaly
2024-12-24 15:50:00,2.481027,Latency Anomaly
2024-12-24 15:55:00,2.4958088,Latency Anomaly
2024-12-24 16:00:00,2.503569,Latency Anomaly
2024-12-24 16:05:00,2.50992,Latency Anomaly
2024-12-24 16:10:00,2.52659,Latency Anomaly
2024-12-24 16:15:00,2.5265386,Latency Anomaly
2024-12-24 16:20:00,2.5426676,Latency Anomaly
2024-12-24 16:25:00,2.5483685,Latency Anomaly
2024-12-24 16:30:00,2.5564597,Latency Anomaly
2024-12-24 16:35:00,2.5617845,Latency Anomaly
2024-12-24 16:40:00,2.5673838,Latency Anomaly
2024-12-24 16:45:00,2.5758517,Latency Anomaly
2024-12-24 16:50:00,2.5861936,Latency Anomaly
2024-12-24 16:55:00,2.590888,Latency Anomaly
2024-12-24 17:00:00,2.5872638,Latency Anomaly
2024-12-24 17:05:00,2.5823982,Latency Anomaly
2024-12-24 17:10:00,2.5889544,Latency Anomaly
2024-12-24 17:15:00,2.5851853,Latency Anomaly
2024-12-24 17:20:00,2.585007,Latency Anomaly
2024-12-24 17:25:00,2.5909963,Latency Anomaly
2024-12-24 17:30:00,2.5912316,Latency Anomaly
2024-12-24 17:35:00,2.598325,Latency Anomaly
2024-12-24 17:40:00,2.6056514,Latency Anomaly
2024-12-24 17:45:00,2.6020322,Latency Anomaly
2024-12-24 17:50:00,2.6015828,Latency Anomaly
2024-12-24 17:55:00,2.600925,Latency Anomaly
2024-12-24 18:00:00,2.5985985,Latency Anomaly
2024-12-24 18:05:00,2.588089,Latency Anomaly
2024-12-24 18:10:00,2.5823157,Latency Anomaly
2024-12-24 18:15:00,2.5767915,Latency Anomaly
2024-12-24 18:20:00,2.5731447,Latency Anomaly
2024-12-24 18:25:00,2.5624328,Latency Anomaly
2024-12-24 18:30:00,2.554979,Latency Anomaly
2024-12-24 18:35:00,2.5477457,Latency Anomaly
2024-12-24 18:40:00,2.5453696,Latency Anomaly
2024-12-24 18:45:00,2.5398564,Latency Anomaly
2024-12-24 18:50:00,2.5240474,Latency Anomaly
2024-12-24 18:55:00,2.5247045,Latency Anomaly
2024-12-24 19:00:00,2.5148246,Latency Anomaly
2024-12-24 19:05:00,2.4979334,Latency Anomaly
2024-12-24 19:10:00,2.4817567,Latency Anomaly
2024-12-24 19:15:00,2.465514,Latency Anomaly
2024-12-24 19:20:00,2.4411333,Latency Anomaly
2024-12-24 19:25:00,2.4197571,Latency Anomaly
2024-12-24 19:30:00,2.4159684,Latency Anomaly
2024-12-24 19:35:00,2.388918,Latency Anomaly
2024-12-24 19:40:00,2.3712795,Latency Anomaly
2024-12-24 19:45:00,2.3434558,Latency Anomaly
2024-12-24 19:50:00,2.3294077,Latency Anomaly
2024-12-24 19:55:00,2.3209293,Latency Anomaly
2024-12-24 20:00:00,2.307034,Latency Anomaly
2024-12-24 20:05:00,2.2902017,Latency Anomaly
2024-12-24 20:10:00,2.265536,Latency Anomaly
2024-12-24 20:15:00,2.2472289,Latency Anomaly
2024-12-24 20:20:00,2.2240412,Latency Anomaly
2024-12-24 20:25:00,2.2086403,Latency Anomaly
2024-12-24 20:30:00,2.1950612,Latency Anomaly
2024-12-24 20:35:00,2.1759562,Latency Anomaly
2024-12-24 20:40:00,2.1560662,Latency Anomaly
2024-12-24 20:45:00,2.130911,Latency Anomaly
2024-12-24 20:50:00,2.1096494,Latency Anomaly
2024-12-24 20:55:00,2.0962133,Latency Anomaly
2024-12-24 21:00:00,2.0771496,Latency Anomaly
2024-12-24 21:05:00,2.0712235,Latency Anomaly
2024-12-24 21:10:00,2.0536628,Latency Anomaly
2024-12-24 21:15:00,2.0336263,Latency Anomaly
2024-12-24 21:20:00,2.0185463,Latency Anomaly
2024-12-24 21:25:00,1.9932562,Latency Anomaly
2024-12-24 21:30:00,1.9866807,Latency Anomaly
2024-12-24 21:35:00,1.9791784,Latency Anomaly
2024-12-24 21:40:00,1.9721471,Latency Anomaly
2024-12-24 21:45:00,1.9651657,Latency Anomaly
2024-12-24 21:50:00,1.9394311,Latency Anomaly
2024-12-24 21:55:00,1.9299941,Latency Anomaly
2024-12-24 22:00:00,1.9257289,Latency Anomaly
2024-12-24 22:05:00,1.9093727,Latency Anomaly
2024-12-24 22:10:00,1.8893737,Latency Anomaly
2024-12-24 22:15:00,1.8910477,Latency Anomaly
2024-12-24 22:20:00,1.8707062,Latency Anomaly
2024-12-24 22:25:00,1.8615258,Latency Anomaly
2024-12-24 22:30:00,1.8554298,Latency Anomaly
2024-12-24 22:35:00,1.8518028,Latency Anomaly
2024-12-24 22:40:00,1.842635,Latency Anomaly
2024-12-24 22:45:00,1.8274041,Latency Anomaly
2024-12-24 22:50:00,1.8099804,Latency Anomaly
2024-12-24 22:55:00,1.7949332,Latency Anomaly
2024-12-24 23:00:00,1.7854811,Latency Anomaly
2024-12-24 23:05:00,1.7811195,Latency Anomaly
2024-12-24 23:10:00,1.7761273,Latency Anomaly
2024-12-24 23:15:00,1.7740508,Latency Anomaly
2024-12-24 23:20:00,1.7646161,Latency Anomaly
2024-12-24 23:25:00,1.7553368,Latency Anomaly
2024-12-24 23:30:00,1.7494085,Latency Anomaly
2024-12-24 23:35:00,1.7373434,Latency Anomaly
2024-12-24 23:40:00,1.7284019,Latency Anomaly
2024-12-24 23:45:00,1.7204368,Latency Anomaly
2024-12-24 23:50:00,1.7122322,Latency Anomaly
2024-12-24 23:55:00,1.7060449,Latency Anomaly
2024-12-25 00:00:00,1.7138541,Latency Anomaly
2024-12-25 00:05:00,1.720705,Latency Anomaly
2024-12-25 00:10:00,1.7292466,Latency Anomaly
2024-12-25 00:15:00,1.7343899,Latency Anomaly
2024-12-25 00:20:00,1.7669413,Latency Anomaly
2024-12-25 00:25:00,1.7654762,Latency Anomaly
2024-12-25 00:30:00,1.7718668,Latency Anomaly
2024-12-25 00:35:00,1.7714572,Latency Anomaly
2024-12-25 00:40:00,1.7695686,Latency Anomaly
2024-12-25 00:45:00,1.7717756,Latency Anomaly
2024-12-25 00:50:00,1.7716365,Latency Anomaly
2024-12-25 00:55:00,1.7647401,Latency Anomaly
2024-12-25 01:00:00,1.7647241,Latency Anomaly
2024-12-25 01:05:00,1.7657351,Latency Anomaly
2024-12-25 01:10:00,1.8164283,Latency Anomaly
2024-12-25 01:15:00,1.8423605,Latency Anomaly
2024-12-25 01:20:00,1.8535411,Latency Anomaly
2024-12-25 01:25:00,1.8653216,Latency Anomaly
2024-12-25 01:30:00,1.8914366,Latency Anomaly
2024-12-25 01:35:00,1.9121916,Latency Anomaly
2024-12-25 01:40:00,1.9458911,Latency Anomaly
2024-12-25 01:45:00,1.9631237,Latency Anomaly
2024-12-25 01:50:00,1.9849457,Latency Anomaly
2024-12-25 01:55:00,2.006024,Latency Anomaly
2024-12-25 02:00:00,2.0192437,Latency Anomaly
2024-12-25 02:05:00,2.0216343,Latency Anomaly
2024-12-25 02:10:00,2.062093,Latency Anomaly
2024-12-25 02:15:00,2.081893,Latency Anomaly
2024-12-25 02:20:00,2.081354,Latency Anomaly
2024-12-25 02:25:00,2.1171882,Latency Anomaly
2024-12-25 02:30:00,2.1428297,Latency Anomaly
2024-12-25 02:35:00,2.1949053,Latency Anomaly
2024-12-25 02:40:00,2.2284782,Latency Anomaly
2024-12-25 02:45:00,2.2797692,Token/Cost Anomaly
2024-12-25 02:50:00,2.3011663,Token/Cost Anomaly
2024-12-25 02:55:00,2.35623,Token/Cost Anomaly
2024-12-25 03:00:00,2.38182,Token/Cost Anomaly
2024-12-25 03:05:00,2.3898587,Token/Cost Anomaly
2024-12-25 03:10:00,2.4033241,Token/Cost Anomaly
2024-12-25 03:15:00,2.41519,Token/Cost Anomaly
2024-12-25 03:20:00,2.4776099,Token/Cost Anomaly
2024-12-25 03:25:00,2.517897,Token/Cost Anomaly
2024-12-25 03:30:00,2.5170722,Token/Cost Anomaly
2024-12-25 03:35:00,2.5238044,Token/Cost Anomaly
2024-12-25 03:40:00,2.5331964,Token/Cost Anomaly
2024-12-25 03:45:00,2.536185,Token/Cost Anomaly
2024-12-25 03:50:00,2.5481083,Token/Cost Anomaly
2024-12-25 03:55:00,2.5493245,Token/Cost Anomaly
2024-12-25 04:00:00,2.5445652,Token/Cost Anomaly
2024-12-25 04:05:00,2.5691607,Token/Cost Anomaly
2024-12-25 04:10:00,2.5719507,Token/Cost Anomaly
2024-12-25 04:15:00,2.5693111,Token/Cost Anomaly
2024-12-25 04:20:00,2.598464,Token/Cost Anomaly
2024-12-25 04:25:00,2.6496432,Token/Cost Anomaly
2024-12-25 04:30:00,2.644244,Token/Cost Anomaly
2024-12-25 04:35:00,2.6605709,Token/Cost Anomaly
2024-12-25 04:40:00,2.6840942,Token/Cost Anomaly
2024-12-25 04:45:00,2.6939282,Token/Cost Anomaly
2024-12-25 04:50:00,2.7060208,Token/Cost Anomaly
2024-12-25 04:55:00,2.7105412,Token/Cost Anomaly
2024-12-25 05:00:00,2.7253785,Token/Cost Anomaly
2024-12-25 05:05:00,2.725884,Token/Cost Anomaly
2024-12-25 05:10:00,2.7225966,Token/Cost Anomaly
2024-12-25 05:15:00,2.7279172,Token/Cost Anomaly
2024-12-25 05:20:00,2.7310162,Token/Cost Anomaly
2024-12-25 05:25:00,2.729682,Token/Cost Anomaly
2024-12-25 05:30:00,2.7316887,Token/Cost Anomaly
2024-12-25 05:35:00,2.749145,Token/Cost Anomaly
2024-12-25 05:40:00,2.748382,Token/Cost Anomaly
2024-12-25 05:45:00,2.758206,Token/Cost Anomaly
2024-12-25 05:50:00,2.7582383,Token/Cost Anomaly
2024-12-25 05:55:00,2.7686388,Token/Cost Anomaly
2024-12-25 06:00:00,2.751384,Token/Cost Anomaly
2024-12-25 06:05:00,2.747332,Token/Cost Anomaly
2024-12-25 06:10:00,2.730905,Token/Cost Anomaly
2024-12-25 06:15:00,2.7141109,Token/Cost Anomaly
2024-12-25 06:20:00,2.6727693,Token/Cost Anomaly
2024-12-25 06:25:00,2.6712904,Token/Cost Anomaly
2024-12-25 06:30:00,2.6561882,Token/Cost Anomaly
2024-12-25 06:35:00,2.6596553,Token/Cost Anomaly
2024-12-25 06:40:00,2.6599405,Token/Cost Anomaly
2024-12-25 06:45:00,2.6564567,Token/Cost Anomaly
2024-12-25 06:50:00,2.6470838,Token/Cost Anomaly
2024-12-25 06:55:00,2.6492193,Token/Cost Anomaly
2024-12-25 07:00:00,2.6410148,Token/Cost Anomaly
2024-12-25 07:05:00,2.6287277,Token/Cost Anomaly
2024-12-25 07:10:00,2.576825,Token/Cost Anomaly
2024-12-25 07:15:00,2.5467691,Token/Cost Anomaly
2024-12-25 07:20:00,2.5348384,Token/Cost Anomaly
2024-12-25 07:25:00,2.518549,Token/Cost Anomaly
2024-12-25 07:30:00,2.4854503,Token/Cost Anomaly
2024-12-25 07:35:00,2.4650965,Token/Cost Anomaly
2024-12-25 07:40:00,2.4310834,Token/Cost Anomaly
2024-12-25 07:45:00,2.416019,Token/Cost Anomaly
2024-12-25 07:50:00,2.3895354,Token/Cost Anomaly
2024-12-25 07:55:00,2.3714318,Token/Cost Anomaly
2024-12-25 08:00:00,2.3561702,Token/Cost Anomaly
2024-12-25 08:05:00,2.3513587,Token/Cost Anomaly
2024-12-25 08:10:00,2.319114,Token/Cost Anomaly
2024-12-25 08:15:00,2.2950509,Token/Cost Anomaly
2024-12-25 08:20:00,2.2885935,Token/Cost Anomaly
2024-12-25 08:25:00,2.2398937,Token/Cost Anomaly
2024-12-25 08:30:00,2.2133842,Token/Cost Anomaly
2024-12-25 08:35:00,2.1642041,Token/Cost Anomaly
2024-12-25 08:40:00,2.131784,Token/Cost Anomaly
2024-12-25 08:45:00,2.084072,Token/Cost Anomaly
2024-12-25 08:50:00,2.068228,Token/Cost Anomaly
2024-12-25 08:55:00,2.0168018,Latency Anomaly
2024-12-25 09:00:00,1.9879628,Latency Anomaly
2024-12-25 09:05:00,1.977875,Latency Anomaly
2024-12-25 09:10:00,1.9656038,Latency Anomaly
2024-12-25 09:15:00,1.9576172,Latency Anomaly
2024-12-25 09:20:00,1.8928999,Latency Anomaly
2024-12-25 09:25:00,1.861166,Latency Anomaly
2024-12-25 09:30:00,1.8571453,Latency Anomaly
2024-12-25 09:35:00,1.852567,Latency Anomaly
2024-12-25 09:40:00,1.8382425,Latency Anomaly
2024-12-25 09:45:00,1.8224798,Latency Anomaly
2024-12-25 09:50:00,1.8160046,Latency Anomaly
2024-12-25 09:55:00,1.8081949,Latency Anomaly
2024-12-25 10:00:00,1.8114904,Latency Anomaly
2024-12-25 10:05:00,1.7938291,Latency Anomaly
2024-12-25 10:10:00,1.797657,Latency Anomaly
2024-12-25 10:15:00,1.7970128,Latency Anomaly
2024-12-25 10:20:00,1.7719553,Latency Anomaly
2024-12-25 10:25:00,1.7200279,Latency Anomaly
2024-12-25 10:30:00,1.7235206,Latency Anomaly
2024-12-25 10:35:00,1.7001615,Latency Anomaly
2024-12-25 10:40:00,1.6862197,Latency Anomaly
2024-12-25 10:45:00,1.6873149,Latency Anomaly
2024-12-25 10:50:00,1.6910638,Latency Anomaly
2024-12-25 10:55:00,1.6939191,Latency Anomaly
2024-12-25 11:00:00,1.6906885,Latency Anomaly
2024-12-25 11:05:00,1.695112,Latency Anomaly
2024-12-25 11:10:00,1.7057165,Latency Anomaly
2024-12-25 11:15:00,1.707901,Latency Anomaly
2024-12-25 11:20:00,1.716276,Latency Anomaly
2024-12-25 11:25:00,1.7231013,Latency Anomaly
2024-12-25 11:30:00,1.7282228,Latency Anomaly
2024-12-25 11:35:00,1.721704,Latency Anomaly
2024-12-25 11:40:00,1.739792,Latency Anomaly
2024-12-25 11:45:00,1.7291746,Latency Anomaly
2024-12-25 11:50:00,1.7395719,Latency Anomaly
2024-12-25 11:55:00,1.7309399,Latency Anomaly
2024-12-25 12:00:00,1.7438613,Latency Anomaly
2024-12-25 12:05:00,1.7560272,Latency Anomaly
2024-12-25 12:10:00,1.7659137,Latency Anomaly
2024-12-25 12:15:00,1.785402,Latency Anomaly
2024-12-25 12:20:00,1.7960027,Latency Anomaly
2024-12-25 12:25:00,1.8018738,Latency Anomaly
2024-12-25 12:30:00,1.8184152,Latency Anomaly
2024-12-25 12:35:00,1.8232476,Latency Anomaly
2024-12-25 12:40:00,1.8287563,Latency Anomaly
2024-12-25 12:45:00,1.8333296,Latency Anomaly
2024-12-25 12:50:00,1.8439705,Latency Anomaly
2024-12-25 12:55:00,1.8495759,Latency Anomaly
2024-12-25 13:00:00,1.866458,Latency Anomaly
2024-12-25 13:05:00,1.8801717,Latency Anomaly
2024-12-25 13:10:00,1.8941938,Latency Anomaly
2024-12-25 13:15:00,1.9074092,Latency Anomaly
2024-12-25 13:20:00,1.9226525,Latency Anomaly
2024-12-25 13:25:00,1.9414154,Latency Anomaly
2024-12-25 13:30:00,1.9486382,Latency Anomaly
2024-12-25 13:35:00,1.968308,Latency Anomaly
2024-12-25 13:40:00,1.9850055,Latency Anomaly
2024-12-25 13:45:00,1.9951992,Latency Anomaly
2024-12-25 13:50:00,2.0102077,Latency Anomaly
2024-12-25 13:55:00,2.0221863,Latency Anomaly
2024-12-25 14:00:00,2.0396423,Latency Anomaly
2024-12-25 14:05:00,2.0583837,Latency Anomaly
2024-12-25 14:10:00,2.0637693,Latency Anomaly
2024-12-25 14:15:00,2.0873132,Latency Anomaly
2024-12-25 14:20:00,2.1018786,Latency Anomaly
2024-12-25 14:25:00,2.1164088,Latency Anomaly
2024-12-25 14:30:00,2.1371279,Latency Anomaly
2024-12-25 14:35:00,2.1449475,Latency Anomaly
2024-12-25 14:40:00,2.1588993,Latency Anomaly
2024-12-25 14:45:00,2.1796136,Latency Anomaly
2024-12-25 14:50:00,2.189147,Latency Anomaly
2024-12-25 14:55:00,2.1977322,Latency Anomaly
2024-12-25 15:00:00,2.2198274,Latency Anomaly
2024-12-25 15:05:00,2.2296488,Latency Anomaly
2024-12-25 15:10:00,2.249746,Latency Anomaly
2024-12-25 15:15:00,2.2618878,Latency Anomaly
2024-12-25 15:20:00,2.2805517,Latency Anomaly
2024-12-25 15:25:00,2.2969377,Latency Anomaly
2024-12-25 15:30:00,2.3230443,Latency Anomaly
2024-12-25 15:35:00,2.3380227,Latency Anomaly
2024-12-25 15:40:00,2.3461273,Latency Anomaly
2024-12-25 15:45:00,2.3650773,Latency Anomaly
2024-12-25 15:50:00,2.3812816,Latency Anomaly
2024-12-25 15:55:00,2.3981035,Latency Anomaly
2024-12-25 16:00:00,2.4063535,Latency Anomaly
2024-12-25 16:05:00,2.4179158,Latency Anomaly
2024-12-25 16:10:00,2.4250174,Latency Anomaly
2024-12-25 16:15:00,2.4344556,Latency Anomaly
2024-12-25 16:20:00,2.4511955,Latency Anomaly
2024-12-25 16:25:00,2.456752,Latency Anomaly
2024-12-25 16:30:00,2.4605782,Latency Anomaly
2024-12-25 16:35:00,2.474297,Latency Anomaly
2024-12-25 16:40:00,2.4780083,Latency Anomaly
2024-12-25 16:45:00,2.4895694,Latency Anomaly
2024-12-25 16:50:00,2.4868476,Latency Anomaly
2024-12-25 16:55:00,2.4962416,Latency Anomaly
2024-12-25 17:00:00,2.487687,Latency Anomaly
2024-12-25 17:05:00,2.486487,Latency Anomaly
2024-12-25 17:10:00,2.48387,Latency Anomaly
2024-12-25 17:15:00,2.4821131,Latency Anomaly
2024-12-25 17:20:00,2.4820285,Latency Anomaly
2024-12-25 17:25:00,2.4835644,Latency Anomaly
2024-12-25 17:30:00,2.480917,Latency Anomaly
2024-12-25 17:35:00,2.477653,Latency Anomaly
2024-12-25 17:40:00,2.473609,Latency Anomaly
2024-12-25 17:45:00,2.4724529,Latency Anomaly
2024-12-25 17:50:00,2.4667568,Latency Anomaly
2024-12-25 17:55:00,2.4714491,Latency Anomaly
2024-12-25 18:00:00,2.462243,Latency Anomaly
2024-12-25 18:05:00,2.452707,Latency Anomaly
2024-12-25 18:10:00,2.4531064,Latency Anomaly
2024-12-25 18:15:00,2.4399314,Latency Anomaly
2024-12-25 18:20:00,2.4237685,Latency Anomaly
2024-12-25 18:25:00,2.4293501,Latency Anomaly
2024-12-25 18:30:00,2.418308,Latency Anomaly
2024-12-25 18:35:00,2.4114654,Latency Anomaly
2024-12-25 18:40:00,2.407486,Latency Anomaly
2024-12-25 18:45:00,2.4009905,Latency Anomaly
2024-12-25 18:50:00,2.3979166,Latency Anomaly
2024-12-25 18:55:00,2.3909402,Latency Anomaly
2024-12-25 19:00:00,2.3790953,Latency Anomaly
2024-12-25 19:05:00,2.3716118,Latency Anomaly
2024-12-25 19:10:00,2.3499513,Latency Anomaly
2024-12-25 19:15:00,2.3396456,Latency Anomaly
2024-12-25 19:20:00,2.3275356,Latency Anomaly
2024-12-25 19:25:00,2.3113513,Latency Anomaly
2024-12-25 19:30:00,2.3004186,Latency Anomaly
2024-12-25 19:35:00,2.2838063,Latency Anomaly
2024-12-25 19:40:00,2.2730231,Latency Anomaly
2024-12-25 19:45:00,2.2660341,Latency Anomaly
2024-12-25 19:50:00,2.2484658,Latency Anomaly
2024-12-25 19:55:00,2.2362862,Latency Anomaly
2024-12-25 20:00:00,2.2300277,Latency Anomaly
2024-12-25 20:05:00,2.2143717,Latency Anomaly
2024-12-25 20:10:00,2.1989048,Latency Anomaly
2024-12-25 20:15:00,2.1822567,Latency Anomaly
2024-12-25 20:20:00,2.1718538,Latency Anomaly
2024-12-25 20:25:00,2.159957,Latency Anomaly
2024-12-25 20:30:00,2.140055,Latency Anomaly
2024-12-25 20:35:00,2.130661,Latency Anomaly
2024-12-25 20:40:00,2.119449,Latency Anomaly
2024-12-25 20:45:00,2.101882,Latency Anomaly
2024-12-25 20:50:00,2.0876346,Latency Anomaly
2024-12-25 20:55:00,2.0760303,Latency Anomaly
2024-12-25 21:00:00,2.0611181,Latency Anomaly
2024-12-25 21:05:00,2.0554607,Latency Anomaly
2024-12-25 21:10:00,2.0351171,Latency Anomaly
2024-12-25 21:15:00,2.0232677,Latency Anomaly
2024-12-25 21:20:00,2.0027478,Latency Anomaly
2024-12-25 21:25:00,1.9836452,Latency Anomaly
2024-12-25 21:30:00,1.9613334,Latency Anomaly
2024-12-25 21:35:00,1.9386573,Latency Anomaly
2024-12-25 21:40:00,1.9362961,Latency Anomaly
2024-12-25 21:45:00,1.919279,Latency Anomaly
2024-12-25 21:50:00,1.8979006,Latency Anomaly
2024-12-25 21:55:00,1.8902558,Latency Anomaly
2024-12-25 22:00:00,1.8861185,Latency Anomaly
2024-12-25 22:05:00,1.8844163,Latency Anomaly
2024-12-25 22:10:00,1.8703755,Latency Anomaly
2024-12-25 22:15:00,1.8559042,Latency Anomaly
2024-12-25 22:20:00,1.8316158,Latency Anomaly
2024-12-25 22:25:00,1.8201871,Latency Anomaly
2024-12-25 22:30:00,1.8083166,Latency Anomaly
2024-12-25 22:35:00,1.7943864,Latency Anomaly
2024-12-25 22:40:00,1.7783176,Latency Anomaly
2024-12-25 22:45:00,1.7689077,Latency Anomaly
2024-12-25 22:50:00,1.7554352,Latency Anomaly
2024-12-25 22:55:00,1.7451608,Latency Anomaly
2024-12-25 23:00:00,1.740061,Latency Anomaly
2024-12-25 23:05:00,1.7374725,Latency Anomaly
2024-12-25 23:10:00,1.728814,Latency Anomaly
2024-12-25 23:15:00,1.7223458,Latency Anomaly
2024-12-25 23:20:00,1.7239404,Latency Anomaly
2024-12-25 23:25:00,1.7183187,Latency Anomaly
2024-12-25 23:30:00,1.7146727,Latency Anomaly
2024-12-25 23:35:00,1.7157457,Latency Anomaly
2024-12-25 23:40:00,1.702119,Latency Anomaly
2024-12-25 23:45:00,1.7086829,Latency Anomaly
2024-12-25 23:50:00,1.7147887,Latency Anomaly
2024-12-25 23:55:00,1.71379,Latency Anomaly
